plr_id,plr_name,median_income_2023,young_to_middle_adult_share_2025,young_to_middle_adult_share_change_2021_2025,single_person_hh_share_change_2021_2024,average_household_size_2024,average_household_size_change_2021_2024,households_without_minor_children_share_change_2021_2024,internal_migration_volume_rate_2025,internal_migration_volume_rate_change_2021_2025,internal_net_migration_rate_2025,internal_net_migration_rate_change_2021_2025,unemployment_share_change_2020_2024,transfer_benefit_share_2024,transfer_benefit_share_change_2020_2024,single_parent_household_share_2024,single_parent_household_share_change_2021_2024
01100101,Stülerstraße,4721.0,0.46,0.0,-0.004,1.6,0.02,-0.019,0.236,0.025,-0.056,-0.043,-0.011,0.08,-0.0,0.027,0.005
01100102,Großer Tiergarten,6279.0,0.479,0.003,-0.01,1.77,0.02,0.005,0.199,0.017,0.008,0.006,-0.002,0.027,-0.008,0.025,-0.011
01100103,Lützowstraße,4895.0,0.455,0.022,0.006,1.7,0.0,-0.003,0.172,0.005,0.005,-0.002,-0.016,0.118,-0.037,0.035,-0.001
01100104,Körnerstraße,5062.0,0.507,-0.02,0.006,1.8,-0.01,0.005,0.215,0.034,0.003,0.017,-0.009,0.144,-0.036,0.034,-0.004
01100205,Wilhelmstraße,5384.0,0.493,-0.003,0.043,1.73,-0.06,0.013,0.243,-0.038,-0.035,-0.049,-0.004,0.047,-0.016,0.023,-0.005
01100206,Unter den Linden,5076.0,0.466,0.03,0.019,1.53,-0.05,0.01,0.137,-0.026,0.016,0.018,-0.004,0.031,-0.018,0.031,-0.005
01100207,Leipziger Straße,5093.0,0.454,0.009,0.012,1.7,-0.02,-0.005,0.151,-0.015,-0.004,0.008,-0.005,0.06,-0.006,0.03,0.0
01100308,Charitéviertel,6097.0,0.517,-0.002,0.001,1.61,0.0,0.003,0.203,-0.015,-0.003,0.019,0.0,0.03,0.004,0.03,-0.003
01100309,Oranienburger Straße,5389.0,0.453,-0.009,0.007,1.62,0.0,0.01,0.152,0.007,-0.012,0.009,-0.002,0.054,-0.009,0.044,-0.008
01100310,Alexanderplatz-viertel,4816.0,0.504,-0.003,0.017,1.57,-0.02,0.001,0.171,-0.065,-0.03,0.043,-0.006,0.076,-0.007,0.033,-0.001
01100311,Karl-Marx-Allee,4062.0,0.442,0.044,-0.001,1.75,-0.01,-0.002,0.141,-0.023,0.002,0.007,-0.02,0.105,-0.024,0.05,-0.002
01100312,Heine-Viertel West,5097.0,0.473,0.004,0.015,1.71,-0.02,-0.003,0.168,-0.006,-0.013,-0.021,-0.002,0.058,0.004,0.027,-0.003
01100313,Heine-Viertel Ost,4865.0,0.495,-0.003,0.024,1.67,-0.01,-0.003,0.18,0.012,-0.019,-0.008,-0.005,0.06,-0.003,0.031,-0.002
01100414,Nordbahnhof,6264.0,0.583,-0.018,0.017,1.86,-0.04,0.009,0.255,0.023,0.001,-0.002,-0.003,0.034,-0.008,0.028,-0.002
01100415,Invalidenstraße,5611.0,0.482,-0.009,-0.01,1.66,0.03,0.005,0.217,0.039,-0.005,0.007,-0.0,0.037,-0.008,0.037,-0.008
01100416,Arkonaplatz,5830.0,0.473,-0.019,0.002,1.64,0.0,0.008,0.177,0.005,-0.001,0.022,-0.003,0.033,-0.003,0.044,-0.006
01200517,Huttenkiez,3808.0,0.572,0.035,-0.001,1.58,-0.03,0.013,0.227,0.007,-0.022,-0.012,-0.02,0.17,-0.049,0.03,-0.01
01200518,Beusselkiez,3674.0,0.581,0.007,-0.0,1.62,0.0,-0.004,0.232,0.042,-0.022,0.005,-0.009,0.159,-0.034,0.033,-0.002
01200519,Emdener Straße,4062.0,0.536,0.02,0.002,1.58,0.0,-0.0,0.193,0.015,-0.024,0.005,-0.016,0.147,-0.016,0.032,-0.004
01200520,Bremer Straße,4211.0,0.514,0.015,0.015,1.57,-0.03,0.008,0.169,0.005,-0.012,0.004,-0.015,0.112,-0.024,0.027,-0.006
01200521,Zwinglistraße,3874.0,0.5,-0.008,-0.005,1.67,-0.01,0.0,0.191,0.02,-0.026,0.001,-0.001,0.177,-0.03,0.041,-0.002
01200522,Elberfelder Straße,4701.0,0.424,0.008,0.001,1.62,0.0,0.002,0.149,0.01,-0.001,0.002,-0.008,0.065,-0.01,0.028,-0.004
01200623,Stephankiez,4212.0,0.534,-0.007,0.002,1.61,0.0,-0.002,0.187,-0.011,-0.017,0.01,-0.007,0.108,-0.029,0.032,0.001
01200624,Heidestraße,6114.0,0.657,-0.017,0.044,1.98,-0.06,-0.01,0.272,0.009,0.022,-0.029,-0.009,0.072,-0.022,0.03,0.001
01200625,Lübecker Straße,3724.0,0.453,0.004,0.016,1.76,-0.02,0.009,0.159,0.016,-0.017,0.006,-0.023,0.191,-0.031,0.042,-0.007
01200626,Thomasiusstraße,4554.0,0.455,0.015,0.0,1.58,0.0,0.001,0.153,-0.008,-0.02,0.005,-0.007,0.061,-0.023,0.028,-0.003
01200627,Zillesiedlung,3453.0,0.375,-0.018,0.017,2.04,-0.04,0.009,0.139,0.001,-0.017,-0.009,-0.015,0.242,-0.015,0.081,0.012
01200628,Lüneburger Straße,4779.0,0.46,0.003,0.011,1.59,0.0,0.008,0.174,0.031,0.0,-0.018,-0.003,0.069,-0.016,0.027,-0.008
01200629,Hansaviertel,4746.0,0.485,0.016,0.018,1.56,-0.03,0.005,0.171,0.003,-0.007,-0.014,-0.001,0.052,-0.016,0.022,-0.001
01300730,Drontheimer Straße,3184.0,0.482,0.002,0.016,1.85,-0.06,0.014,0.219,0.004,-0.011,-0.002,-0.022,0.281,-0.018,0.06,-0.005
01300731,Koloniestraße,3349.0,0.51,0.027,0.013,1.74,-0.02,0.006,0.227,0.066,-0.009,0.002,-0.012,0.212,-0.051,0.047,-0.006
01300732,Soldiner Straße,3570.0,0.485,-0.001,0.01,1.79,-0.04,0.015,0.155,-0.01,-0.015,0.008,-0.016,0.218,-0.058,0.054,-0.01
01300733,Gesundbrunnen,3693.0,0.479,-0.008,0.008,1.8,-0.02,0.008,0.159,0.002,-0.025,-0.003,-0.011,0.207,-0.032,0.045,-0.004
01300834,Brunnenstraße,3780.0,0.42,-0.008,0.02,2.06,-0.07,0.017,0.112,-0.001,-0.005,-0.009,-0.02,0.239,-0.034,0.058,-0.004
01300835,Humboldthain Süd,3634.0,0.443,0.016,0.006,1.85,-0.04,0.015,0.148,0.008,-0.026,-0.014,-0.009,0.167,-0.034,0.048,-0.007
01300836,Humboldthain Nordwest,3710.0,0.51,0.003,0.02,1.78,-0.04,0.009,0.19,0.008,-0.015,-0.006,-0.021,0.222,-0.039,0.039,-0.007
01400937,Afrikanische Straße,3519.0,0.457,0.03,0.012,1.57,-0.02,0.01,0.164,0.025,-0.005,0.009,-0.014,0.142,-0.032,0.044,-0.007
01400938,Kameruner Straße,3884.0,0.515,0.014,0.016,1.64,-0.03,0.005,0.194,0.027,-0.012,0.001,-0.018,0.139,-0.036,0.033,-0.005
01400939,Glasgower Straße,3781.0,0.504,0.007,0.005,1.6,-0.01,0.003,0.229,0.041,-0.019,0.0,-0.01,0.168,-0.008,0.041,-0.002
01400940,Schillerpark,3431.0,0.379,0.03,-0.007,1.74,0.04,-0.015,0.131,0.02,0.027,0.012,-0.004,0.152,-0.014,0.061,-0.001
01400941,Londoner Straße,3538.0,0.366,0.035,0.012,1.64,0.01,-0.002,0.169,0.026,-0.014,-0.027,-0.021,0.105,-0.035,0.039,0.001
01400942,Westliche Müllerstraße,4018.0,0.538,-0.001,0.012,1.57,-0.03,0.005,0.217,0.016,-0.043,-0.023,-0.013,0.144,-0.028,0.031,-0.004
01401043,Antonstraße,3492.0,0.467,-0.004,0.012,1.84,-0.03,0.013,0.177,0.029,-0.014,0.001,-0.017,0.226,-0.044,0.041,-0.014
01401044,Uferstraße,3527.0,0.512,-0.0,0.019,1.72,-0.04,0.01,0.19,0.027,-0.013,0.011,-0.015,0.23,-0.032,0.042,-0.004
01401045,Schweden-straße,3383.0,0.504,-0.005,0.007,1.85,-0.02,0.012,0.155,-0.023,-0.026,0.016,-0.021,0.229,-0.044,0.043,-0.01
01401046,Nordufer,4050.0,0.559,-0.008,0.015,1.54,-0.03,0.005,0.191,0.012,-0.016,-0.008,-0.015,0.141,-0.008,0.032,-0.002
01401047,Sparrplatz,3830.0,0.608,0.009,0.004,1.7,-0.02,0.012,0.241,0.031,-0.035,0.009,-0.017,0.163,-0.026,0.03,-0.006
01401048,Leopoldplatz,3824.0,0.56,0.013,0.014,1.62,-0.03,0.008,0.225,0.047,-0.027,-0.004,-0.019,0.176,-0.041,0.03,-0.009
01401049,Schulstraße,3536.0,0.418,-0.015,0.022,1.66,-0.06,0.016,0.156,-0.016,-0.004,-0.003,-0.015,0.242,-0.026,0.046,-0.005
02100101,Askanischer Platz,4313.0,0.523,0.019,-0.021,1.84,0.01,0.008,0.324,0.162,0.051,0.074,-0.003,0.196,-0.016,0.038,-0.003
02100102,Mehringplatz,3940.0,0.45,0.006,0.008,1.96,-0.05,0.008,0.17,0.014,-0.026,-0.01,-0.024,0.245,-0.028,0.051,-0.002
02100103,Am Berlin Museum,4034.0,0.451,0.016,0.02,1.89,-0.03,0.018,0.158,0.016,-0.021,-0.013,-0.017,0.22,-0.032,0.042,-0.011
02100104,Moritzplatz ,3538.0,0.429,0.008,0.017,1.85,-0.04,0.009,0.168,0.008,-0.009,-0.01,-0.022,0.21,-0.058,0.042,-0.007
02100105,Prinzenstraße,3517.0,0.428,0.002,0.027,1.9,-0.05,0.02,0.127,0.009,-0.019,-0.008,-0.025,0.252,-0.046,0.051,-0.01
02100106,Wassertorplatz,3622.0,0.412,-0.005,0.008,1.93,-0.03,0.006,0.103,-0.004,-0.007,0.008,-0.014,0.256,-0.038,0.045,-0.004
02200207,Gleisdreieck,6347.0,0.426,-0.035,-0.014,2.12,0.02,-0.011,0.274,0.08,-0.011,-0.063,-0.0,0.027,-0.004,0.035,0.006
02200208,Rathaus Yorckstraße,4549.0,0.443,0.001,0.001,1.65,-0.01,0.011,0.197,0.025,-0.031,-0.002,-0.007,0.108,-0.016,0.038,-0.009
02200209,Viktoriapark,4777.0,0.44,-0.012,-0.0,1.66,0.0,0.01,0.157,-0.005,-0.004,0.019,-0.004,0.077,-0.007,0.033,-0.003
02200210,Urbanstraße,4557.0,0.458,-0.015,0.01,1.59,-0.02,0.009,0.183,0.011,-0.026,0.001,-0.008,0.089,-0.012,0.033,-0.006
02200211,Chamissokiez,4682.0,0.435,0.002,0.0,1.6,-0.02,0.01,0.142,0.011,-0.01,0.006,-0.006,0.079,-0.019,0.036,-0.008
02200212,Graefekiez Süd,4461.0,0.427,-0.017,0.005,1.74,-0.01,0.006,0.131,-0.014,-0.019,-0.002,-0.011,0.144,-0.03,0.044,-0.007
02200213,Graefekiez Nord,4786.0,0.454,-0.022,0.007,1.59,-0.01,0.006,0.174,0.013,-0.023,0.0,-0.01,0.085,-0.029,0.036,-0.005
02300314,Oranienplatz,3688.0,0.4,-0.027,0.003,1.68,-0.02,0.011,0.124,-0.002,-0.001,0.012,-0.023,0.192,-0.024,0.045,-0.003
02300315,Lausitzer Platz,4042.0,0.43,-0.016,0.006,1.67,-0.03,0.012,0.154,-0.002,-0.017,0.013,-0.018,0.144,-0.053,0.046,-0.005
02300316,Köpenicker Straße,4138.0,0.428,-0.017,0.006,1.6,-0.01,-0.002,0.134,-0.016,-0.01,-0.025,-0.006,0.13,-0.032,0.046,-0.003
02300417,Reichenberger Straße West,4326.0,0.469,-0.015,-0.011,1.66,0.01,0.0,0.177,0.023,-0.008,0.015,-0.008,0.158,-0.009,0.043,-0.005
02300418,Reichenberger Straße Ost,4390.0,0.464,-0.009,0.008,1.56,-0.02,0.005,0.182,0.018,-0.016,0.003,-0.014,0.11,-0.024,0.04,-0.002
02300419,Wrangelkiez,4165.0,0.486,-0.022,-0.003,1.56,-0.01,0.009,0.163,0.008,-0.022,0.007,-0.008,0.098,-0.031,0.032,-0.008
02400520,Barnimkiez,3751.0,0.369,0.039,0.012,1.78,0.02,-0.004,0.137,-0.008,0.021,-0.026,-0.018,0.098,-0.012,0.061,-0.009
02400521,Friedenstraße,4638.0,0.494,0.009,-0.021,1.69,0.06,-0.014,0.15,-0.01,0.013,0.021,0.0,0.075,-0.012,0.048,-0.001
02400522,Richard-Sorge-Viertel,4693.0,0.496,-0.02,0.008,1.62,0.0,0.001,0.168,0.01,0.015,0.016,-0.0,0.055,-0.011,0.042,-0.002
02400623,Andreasviertel,4160.0,0.502,0.028,-0.003,1.72,0.01,-0.001,0.169,0.008,0.01,0.009,-0.009,0.108,-0.025,0.047,-0.007
02400624,Weberwiese,4542.0,0.533,-0.007,0.006,1.56,-0.01,0.004,0.268,0.055,-0.023,0.012,-0.008,0.05,-0.009,0.031,-0.006
02400625,Wriezener Bahnhof,5871.0,0.717,0.018,-0.016,1.78,-0.03,-0.014,0.26,-0.03,-0.033,0.019,-0.025,0.085,-0.092,0.028,0.003
02500726,Hausburgviertel,4423.0,0.576,-0.038,0.001,1.51,0.0,0.002,0.199,-0.007,-0.01,0.0,-0.009,0.068,-0.023,0.036,-0.005
02500727,Forckenbeckplatz,4639.0,0.528,-0.041,0.005,1.58,0.0,0.001,0.19,0.012,-0.002,0.007,-0.008,0.06,-0.024,0.041,-0.006
02500728,Samariterviertel,4908.0,0.553,-0.04,0.013,1.61,-0.03,0.011,0.192,0.017,-0.016,-0.002,-0.004,0.062,-0.011,0.047,-0.002
02500729,Pettenkofer Straße,4935.0,0.527,-0.037,0.015,1.68,-0.03,0.013,0.181,-0.016,-0.006,0.018,-0.012,0.053,-0.022,0.039,-0.011
02500830,Niederbarnim-straße,4810.0,0.563,-0.033,-0.018,1.56,0.03,-0.0,0.223,0.004,-0.026,-0.019,-0.007,0.064,-0.013,0.038,-0.0
02500831,Wismarplatz,4327.0,0.574,-0.023,0.009,1.54,-0.01,0.007,0.2,0.005,-0.017,-0.001,-0.006,0.085,-0.014,0.038,-0.007
02500832,Traveplatz,4812.0,0.605,-0.027,-0.006,1.65,-0.02,0.009,0.192,-0.037,-0.016,-0.003,-0.014,0.078,-0.032,0.042,-0.009
02500833,Boxhagener Platz ,4743.0,0.609,-0.043,0.004,1.46,0.0,0.005,0.213,-0.008,-0.022,0.023,-0.003,0.058,-0.013,0.034,-0.003
02500834,Revaler Straße,4898.0,0.556,-0.037,0.014,1.6,-0.03,0.012,0.185,0.003,-0.021,0.002,0.001,0.042,-0.016,0.04,-0.005
02500835,Stralauer Kiez,4685.0,0.604,-0.021,-0.008,1.6,0.03,-0.01,0.33,0.128,-0.004,0.013,-0.005,0.064,-0.017,0.042,0.002
02500836,Stralauer Halbinsel,5936.0,0.388,-0.029,0.009,2.09,0.0,-0.0,0.136,-0.017,0.007,-0.026,0.0,0.023,-0.012,0.056,-0.005
03100101,Bucher Forst ,4134.0,0.351,-0.026,0.005,1.96,0.0,0.002,0.147,0.003,0.012,-0.018,0.003,0.089,0.003,0.061,0.0
03100102,Klinikum Buch,3485.0,0.384,0.014,0.041,1.78,-0.05,0.014,0.264,0.01,0.04,0.02,-0.014,0.069,-0.038,0.05,-0.007
03100103,Karower Chaussee,3070.0,0.354,0.035,0.016,1.76,0.0,0.006,0.217,0.1,0.047,0.05,0.003,0.143,0.0,0.09,-0.014
03200204,Blankenfelde ,,0.225,-0.004,0.024,1.97,-0.03,0.007,0.252,0.129,-0.091,-0.111,-0.003,0.02,-0.007,0.05,-0.006
03200205,Uhlandstraße,4355.0,0.321,0.001,0.017,1.94,0.01,0.01,0.136,0.033,-0.008,-0.021,0.01,0.05,0.006,0.051,-0.01
03200206,Pastor-Niemöller-Platz ,4694.0,0.36,0.024,0.008,1.94,-0.01,0.012,0.155,0.029,0.013,0.006,0.0,0.044,-0.008,0.058,-0.004
03200207,Herthaplatz ,4328.0,0.338,0.015,0.008,1.96,-0.03,0.012,0.131,0.034,0.01,-0.0,-0.002,0.052,-0.007,0.06,-0.005
03200308,Nisbléstraße,4246.0,0.278,-0.015,0.011,2.12,0.0,-0.002,0.092,0.008,0.006,0.003,-0.002,0.026,-0.009,0.047,-0.007
03200309,Eddastraße,4093.0,0.294,-0.002,0.015,2.11,-0.02,0.004,0.098,0.021,0.012,-0.003,-0.001,0.041,-0.007,0.049,-0.006
03200310,Krugpfuhl,3943.0,0.316,-0.003,0.022,2.08,-0.03,0.012,0.1,0.001,0.018,-0.001,0.003,0.058,0.005,0.059,-0.011
03300411,Karow Nord,3611.0,0.342,-0.015,0.013,2.01,-0.01,0.007,0.148,-0.034,0.009,-0.01,0.007,0.107,-0.003,0.101,-0.002
03300412, Karow Bahnhof ,4521.0,0.249,0.004,0.029,2.08,-0.02,-0.003,0.097,0.01,0.017,-0.004,0.004,0.022,0.003,0.037,-0.001
03300413, Karow Ost ,4274.0,0.242,0.001,-0.0,2.21,0.03,-0.007,0.056,-0.007,0.001,0.005,0.003,0.018,-0.002,0.042,-0.011
03300514, Blankenburg ,,0.231,-0.007,0.015,2.16,-0.02,0.004,0.096,0.011,0.005,-0.014,0.003,0.047,0.022,0.043,-0.001
03300515, Blankenburger Süden ,,0.366,0.046,-0.011,2.23,0.02,0.023,0.0,-0.136,0.0,-0.136,,,,0.136,0.011
03300516, Heinersdorf ,4286.0,0.373,0.048,-0.011,2.09,0.08,-0.019,0.3,0.143,0.062,0.037,-0.003,0.047,-0.009,0.038,-0.006
03300517, Märchenland ,4332.0,0.177,-0.015,-0.012,2.03,0.04,-0.017,0.051,-0.004,-0.018,-0.034,-0.009,0.013,-0.001,0.041,-0.009
03400618, Rosenthal ,4352.0,0.297,-0.006,0.025,2.2,-0.08,0.021,0.092,-0.012,0.002,-0.019,0.001,0.029,-0.004,0.047,0.0
03400619, Wilhelmsruh ,4320.0,0.324,0.013,0.019,1.88,-0.02,0.006,0.139,0.02,0.011,0.015,0.004,0.041,-0.005,0.046,-0.008
03400620, Schönholz ,5107.0,0.274,0.006,0.045,2.06,-0.1,0.036,0.127,0.028,0.033,0.021,0.001,0.052,0.011,0.042,-0.007
03400721,Florakiez,4946.0,0.383,-0.009,0.009,1.92,-0.03,0.021,0.124,-0.004,0.0,-0.016,-0.002,0.042,-0.013,0.057,-0.017
03400722,Parkstraße,5273.0,0.326,0.062,0.019,1.93,-0.05,0.029,0.159,0.025,-0.007,-0.02,-0.004,0.024,-0.011,0.047,-0.013
03400723,Garbátyplatz,4265.0,0.432,-0.015,0.003,1.84,0.0,-0.001,0.122,0.001,0.002,0.005,-0.002,0.062,-0.0,0.069,-0.001
03400724,Wolfshagener Straße,4032.0,0.374,0.034,-0.007,1.75,0.04,-0.008,0.118,0.007,0.001,-0.002,0.006,0.071,-0.003,0.072,-0.005
03400725,Schlosspark,3755.0,0.318,0.016,0.011,1.76,0.01,-0.011,0.102,0.01,0.018,0.009,0.003,0.053,-0.015,0.069,-0.002
03400826,Tiroler Viertel,4171.0,0.4,0.015,0.0,1.75,0.02,-0.003,0.146,-0.023,0.003,-0.003,-0.005,0.051,-0.013,0.057,-0.011
03400827,Trelleborger Viertel,4420.0,0.424,-0.015,0.013,1.65,-0.02,0.01,0.132,-0.007,-0.002,-0.005,-0.001,0.051,-0.007,0.055,-0.005
03400828,Spiekermann Straße,4378.0,0.447,-0.006,0.013,1.69,0.0,-0.002,0.154,-0.006,-0.005,-0.058,-0.007,0.036,-0.014,0.045,-0.003
03400829,Arnold-Zweig-Straße ,4079.0,0.403,0.043,0.011,1.75,-0.03,0.017,0.181,0.075,0.022,0.018,0.001,0.059,-0.005,0.059,-0.011
03400830,Kissingenviertel ,,0.392,-0.015,-0.001,1.57,0.0,0.004,0.11,0.002,-0.007,-0.006,0.003,0.069,-0.014,0.063,-0.005
03400831,Pankower Tor ,,,,,,,,,,,,,,,,
03500932,Bühringstraße,3822.0,0.421,0.04,-0.017,1.7,0.06,-0.017,0.217,-0.065,0.025,-0.1,-0.011,0.066,-0.022,0.075,-0.004
03500933,Weißer See,4311.0,0.39,0.015,0.015,1.74,-0.03,0.007,0.135,0.003,0.019,0.014,-0.001,0.059,-0.005,0.054,-0.005
03500934,Weißenseer Spitze,4274.0,0.474,-0.017,0.007,1.71,0.0,0.004,0.154,-0.009,0.015,0.004,-0.005,0.053,-0.01,0.047,-0.008
03500935,Behaimstraße,4267.0,0.455,-0.015,0.011,1.72,-0.02,0.012,0.152,0.014,0.007,-0.007,-0.005,0.071,-0.003,0.058,-0.013
03500936,Komponistenviertel Weißensee,4250.0,0.403,0.006,0.013,1.79,-0.01,0.019,0.14,0.013,-0.0,0.003,-0.002,0.061,-0.018,0.068,-0.014
03501037,Rathaus Weißensee ,3502.0,0.387,-0.006,0.019,1.61,-0.01,0.008,0.152,0.009,0.009,0.0,-0.013,0.085,-0.005,0.056,-0.012
03501038,Hansastraße ,3782.0,0.335,0.016,0.01,1.76,-0.02,-0.002,0.109,-0.035,0.016,-0.012,0.004,0.07,-0.006,0.067,0.001
03601139,Norweger Viertel,4536.0,0.528,-0.003,-0.015,1.61,0.02,0.009,0.179,0.019,-0.002,-0.001,-0.005,0.06,-0.016,0.036,-0.011
03601140,Malmöer Straße ,5007.0,0.508,-0.023,0.011,1.6,-0.05,0.018,0.188,0.007,-0.022,-0.009,0.004,0.05,0.003,0.042,-0.005
03601141,Arnimplatz ,4990.0,0.51,-0.015,-0.02,1.67,0.05,-0.003,0.206,0.034,-0.01,0.007,-0.001,0.055,-0.001,0.042,-0.006
03601142,Falkplatz ,5109.0,0.495,-0.022,0.016,1.6,-0.03,0.012,0.161,-0.008,-0.013,0.002,-0.002,0.036,-0.014,0.043,-0.008
03601243,Rodenbergstraße ,4791.0,0.488,-0.03,0.006,1.55,0.0,0.003,0.155,-0.011,-0.005,0.01,0.0,0.037,-0.008,0.038,-0.004
03601244,Humannplatz ,4600.0,0.473,0.0,0.015,1.51,-0.03,0.008,0.151,0.006,-0.01,0.003,-0.004,0.034,-0.012,0.045,-0.006
03601245,Ostseestraße,4182.0,0.497,-0.005,-0.001,1.49,0.01,-0.0,0.151,0.01,-0.001,0.0,-0.007,0.064,-0.015,0.042,-0.006
03601346,Gethsemanekirche ,5386.0,0.463,-0.016,0.025,1.65,-0.04,0.018,0.166,-0.038,-0.011,-0.054,-0.007,0.039,-0.028,0.05,-0.012
03601347,Helmholtzplatz ,5248.0,0.444,-0.009,0.006,1.64,-0.03,0.021,0.143,0.004,-0.005,0.016,-0.006,0.051,-0.012,0.048,-0.009
03601348,Senefelderstraße ,5266.0,0.475,-0.025,0.008,1.58,-0.03,0.015,0.164,0.017,-0.011,0.008,-0.008,0.039,-0.013,0.043,-0.004
03601449,Michelangelostraße  ,3402.0,0.319,0.028,0.015,1.56,-0.01,-0.003,0.119,0.008,0.015,0.002,-0.004,0.091,-0.015,0.057,-0.002
03601450,Volkspark Prenzlauer Berg ,3401.0,0.418,0.037,0.007,1.94,0.05,-0.015,0.666,0.257,-0.014,0.014,-0.017,0.203,-0.025,0.101,0.0
03601451,Anton-Saefkow-Park ,4743.0,0.483,-0.027,-0.003,1.58,0.0,0.004,0.159,-0.005,-0.02,-0.003,-0.005,0.052,-0.019,0.042,-0.008
03601452,Velodrom ,4472.0,0.526,-0.003,-0.004,1.63,0.04,-0.015,0.176,-0.066,0.008,-0.057,-0.007,0.079,-0.028,0.055,-0.001
03601453,Alter Schlachthof ,6438.0,0.435,0.04,0.056,2.27,-0.2,0.099,0.15,-0.001,0.01,-0.026,0.003,0.016,0.002,0.031,-0.018
03701554,Teutoburger Platz ,5667.0,0.456,-0.02,0.011,1.66,-0.02,0.01,0.166,0.006,-0.013,-0.002,-0.001,0.034,-0.013,0.051,-0.004
03701555,Sredzkistraße ,5508.0,0.448,-0.008,0.016,1.62,-0.05,0.023,0.144,-0.01,-0.003,0.013,-0.003,0.036,-0.007,0.044,-0.014
03701556,Kollwitzplatz,5977.0,0.449,-0.005,0.01,1.71,-0.04,0.025,0.159,-0.006,0.001,0.007,-0.0,0.033,-0.009,0.041,-0.01
03701657, Thälmannpark ,4521.0,0.406,0.012,0.021,1.73,-0.04,0.015,0.166,0.03,0.048,0.028,-0.007,0.091,-0.03,0.052,-0.006
03701658,Christburger Straße ,5058.0,0.466,-0.023,0.009,1.65,-0.03,0.019,0.146,-0.008,-0.006,0.014,0.0,0.038,-0.01,0.047,-0.007
03701659,Immanuelkirchstraße ,5309.0,0.464,0.009,0.011,1.71,-0.03,0.017,0.167,0.005,-0.007,0.022,-0.003,0.038,-0.011,0.047,-0.01
03701660,Bötzowstraße,5266.0,0.417,-0.001,0.024,1.71,-0.05,0.023,0.132,-0.011,-0.004,0.008,-0.001,0.039,-0.011,0.054,-0.007
04100101,Jungfernheide/ Plötzensee,3286.0,0.398,0.026,0.009,1.66,0.0,0.004,0.158,0.02,0.001,0.009,-0.004,0.149,-0.019,0.053,-0.008
04100102,Paul-Hertz-Siedlung,3229.0,0.335,0.008,0.011,1.9,0.0,-0.003,0.099,-0.009,-0.003,-0.004,-0.007,0.227,-0.014,0.088,-0.0
04200203,Olympiagelände,,0.304,0.027,0.0,1.92,0.02,0.012,0.097,0.03,-0.011,-0.016,0.005,0.027,0.008,0.037,-0.01
04200204,Angerburger Allee,4196.0,0.378,0.128,-0.002,1.78,0.03,-0.016,0.294,0.182,0.06,0.037,0.008,0.064,0.012,0.039,0.006
04200205,Flatowallee,4926.0,0.256,-0.017,0.048,1.74,-0.06,0.016,0.165,0.047,0.001,0.019,-0.005,0.034,0.004,0.036,-0.001
04200206,Kranzallee,,0.27,0.047,0.023,2.03,-0.06,0.007,0.112,0.009,0.001,0.007,0.007,0.055,0.017,0.05,0.006
04200207,Eichkamp,,0.405,0.019,0.01,1.91,-0.01,0.003,0.2,0.055,0.009,0.014,0.004,0.011,-0.005,0.03,0.003
04200308,Branitzer Platz,4588.0,0.342,0.018,-0.005,1.67,0.01,0.001,0.207,-0.105,0.005,0.033,0.004,0.062,-0.01,0.031,-0.002
04200309,Neu Westend,4516.0,0.339,0.028,0.005,1.69,0.0,-0.004,0.16,0.047,0.029,0.028,-0.003,0.037,-0.008,0.037,-0.003
04200310,Fürstenplatz,4607.0,0.325,0.025,0.004,1.7,-0.01,-0.002,0.139,0.014,-0.0,-0.009,-0.001,0.063,0.003,0.033,0.002
04200311,Königin-Elisabeth-Straße,4036.0,0.422,0.018,0.006,1.57,0.0,0.003,0.204,0.026,-0.003,-0.022,-0.001,0.079,0.002,0.027,-0.007
04300412,Schlossgarten,5251.0,0.499,0.025,-0.017,1.72,0.04,-0.029,0.225,-0.09,0.008,-0.107,-0.011,0.103,-0.042,0.032,-0.0
04300413,Klausenerplatz,4073.0,0.383,-0.0,0.001,1.72,0.0,0.008,0.132,0.01,-0.007,-0.001,0.0,0.125,-0.005,0.052,-0.003
04300414,Schloßstraße,4723.0,0.395,0.015,0.0,1.64,0.0,0.001,0.148,0.003,-0.004,0.008,0.001,0.077,0.003,0.037,-0.004
04300415,Lietzensee,4856.0,0.359,0.02,0.008,1.63,0.0,0.001,0.15,0.034,0.005,0.018,-0.006,0.069,-0.004,0.029,-0.005
04300416,Amtsgerichtsplatz,4786.0,0.416,0.02,-0.002,1.62,0.01,-0.002,0.164,0.018,0.0,0.02,0.0,0.063,-0.007,0.038,-0.001
04300517,Tegeler Weg,,0.456,0.023,0.015,1.52,-0.03,0.006,0.184,0.033,-0.018,0.0,-0.002,0.099,-0.012,0.034,-0.003
04300518,Kaiserin-Augusta-Allee,4040.0,0.466,0.012,-0.018,1.7,0.07,-0.013,0.258,0.105,-0.0,0.011,-0.002,0.106,-0.007,0.038,-0.001
04300619,Alt-Lietzow,4274.0,0.418,0.036,-0.003,1.62,0.01,-0.002,0.168,0.045,0.006,0.018,0.004,0.092,-0.003,0.035,-0.001
04300620,Spreestadt,5133.0,0.542,0.008,-0.024,1.7,0.05,-0.016,0.193,0.02,-0.023,-0.018,-0.003,0.095,-0.005,0.031,-0.006
04300621,Richard-Wagner-Straße,4464.0,0.413,0.017,0.0,1.62,0.01,-0.003,0.175,0.031,-0.01,-0.004,-0.002,0.108,-0.008,0.037,0.002
04300622,Ernst-Reuter-Platz,4730.0,0.452,0.006,0.011,1.69,-0.01,-0.003,0.161,0.015,0.003,-0.001,0.001,0.099,-0.022,0.038,-0.002
04300623,Karl-August-Platz,4597.0,0.463,0.026,-0.006,1.6,0.01,-0.001,0.183,0.02,-0.01,0.002,-0.004,0.086,-0.01,0.031,-0.0
04300624,Savignyplatz,5010.0,0.419,0.023,-0.005,1.53,0.0,0.002,0.183,0.042,-0.011,-0.007,-0.004,0.06,0.0,0.031,-0.0
04400725,Güterbahnhof Grunewald,,,,-0.0,1.37,-0.02,-0.058,0.202,-0.075,-0.034,0.022,,,,0.041,
04400726,Bismarckallee,,0.293,0.024,-0.003,1.82,0.01,-0.007,0.172,0.031,0.001,-0.006,0.008,0.07,0.004,0.05,0.007
04400727,Flinsberger Platz,4973.0,0.354,0.013,0.009,1.62,-0.01,-0.002,0.144,0.031,-0.01,-0.014,-0.003,0.065,-0.0,0.043,-0.0
04400728,Hagenplatz,4299.0,0.284,0.034,0.0,1.79,0.02,0.004,0.158,0.043,0.002,-0.0,0.001,0.035,0.003,0.043,-0.007
04400729,Hundekehle,,0.254,0.023,-0.007,1.87,0.03,-0.013,0.107,-0.024,0.004,-0.026,0.007,0.032,-0.004,0.041,-0.002
04400830,Forckenbeckstraße,5123.0,0.351,0.036,-0.02,1.94,0.06,-0.013,0.175,0.043,-0.004,-0.013,0.001,0.071,0.003,0.042,-0.012
04400831,Messelpark,,0.258,0.054,0.023,1.78,-0.04,0.01,0.097,0.026,0.012,-0.007,-0.008,0.037,0.019,0.035,-0.001
04400832,Breite Straße,4655.0,0.296,0.04,-0.004,1.68,0.0,0.001,0.139,0.024,-0.004,0.01,-0.002,0.047,-0.003,0.034,-0.001
04400833,Schlangenbader Straße,3958.0,0.284,0.02,0.009,1.57,0.0,-0.003,0.218,0.115,0.02,0.008,0.001,0.126,-0.007,0.049,0.004
04400834,Binger Straße,4436.0,0.309,-0.005,-0.006,1.62,-0.01,0.002,0.112,0.003,-0.009,-0.004,0.002,0.055,-0.001,0.027,-0.002
04400835,Rüdesheimer Platz,4649.0,0.317,0.016,0.018,1.64,-0.03,0.004,0.12,0.008,0.001,0.007,0.002,0.045,-0.004,0.043,-0.002
04500936,Droysenstraße,5002.0,0.367,0.012,-0.004,1.66,0.03,-0.003,0.184,0.006,-0.007,-0.001,-0.002,0.096,0.011,0.037,0.001
04500937,Halensee,4828.0,0.387,0.031,-0.004,1.59,0.0,0.002,0.177,0.037,0.008,0.003,0.002,0.058,0.0,0.032,-0.001
04500938,Hochmeisterplatz,4798.0,0.396,0.029,-0.009,1.66,0.01,-0.0,0.183,0.026,-0.0,-0.004,-0.006,0.058,-0.017,0.031,-0.002
04500939,Eisenzahnstraße,4152.0,0.405,0.029,-0.003,1.62,-0.01,0.005,0.164,0.036,0.006,0.007,-0.003,0.075,-0.011,0.049,-0.001
04501040,Hindemithplatz,5201.0,0.375,0.025,-0.005,1.62,0.0,-0.002,0.149,0.011,-0.006,0.012,-0.004,0.05,-0.006,0.031,-0.001
04501041,George-Grosz-Platz,5447.0,0.34,0.037,-0.019,1.64,0.03,-0.008,0.158,-0.063,-0.008,0.029,0.013,0.081,0.026,0.032,-0.001
04501042,Breitscheidplatz,5010.0,0.409,0.044,-0.009,1.6,0.01,-0.012,0.23,-0.002,-0.027,-0.01,-0.006,0.102,0.002,0.042,0.006
04501043,Preußenpark,5033.0,0.377,0.022,0.006,1.64,0.0,-0.002,0.165,0.008,-0.013,-0.005,-0.0,0.066,0.002,0.034,0.001
04501044,Ludwigkirchplatz,4716.0,0.359,0.013,-0.007,1.59,0.01,-0.007,0.155,0.0,0.002,-0.014,0.006,0.078,0.007,0.039,0.006
04501045,Schaperstraße,4823.0,0.378,0.027,-0.012,1.57,0.02,-0.006,0.191,0.065,-0.007,0.005,0.004,0.076,0.002,0.033,0.001
04501146,Barstraße,3946.0,0.423,0.025,0.017,1.64,-0.02,-0.001,0.185,-0.02,-0.002,0.038,-0.004,0.095,-0.014,0.042,0.001
04501147,Leon-Jessel-Platz,4696.0,0.404,0.013,0.008,1.63,-0.01,0.006,0.166,0.026,-0.001,0.003,0.001,0.071,-0.013,0.037,0.0
04501148,Brabanter Platz,4180.0,0.424,0.045,0.012,1.67,-0.01,0.002,0.19,0.032,-0.016,0.005,0.014,0.104,0.004,0.045,-0.001
04501149,Nikolsburger Platz,4927.0,0.366,0.019,-0.003,1.67,0.01,0.0,0.198,0.061,0.006,0.003,0.001,0.072,0.004,0.034,-0.002
04501150,Wilhelmsaue,4568.0,0.37,0.013,0.009,1.57,-0.01,-0.005,0.155,0.01,0.008,0.018,-0.002,0.07,0.007,0.025,0.001
04501151,Hildegardstraße,4589.0,0.381,0.005,0.01,1.67,0.0,-0.001,0.142,0.013,-0.012,-0.002,-0.001,0.056,-0.002,0.039,-0.005
04501152,Prager Platz,4572.0,0.373,0.025,0.001,1.59,0.0,0.0,0.174,0.012,0.001,0.019,-0.006,0.061,-0.004,0.026,-0.005
04501153,Babelsberger Straße,4515.0,0.427,0.019,0.016,1.65,-0.01,0.002,0.193,0.014,-0.024,0.004,-0.004,0.077,-0.022,0.035,-0.005
05100101,Hakenfelde Nord,4214.0,0.304,0.016,0.01,2.05,0.01,-0.016,0.173,0.03,0.016,-0.014,0.004,0.087,0.031,0.049,0.006
05100102,Am Forstacker ,3468.0,0.309,0.027,0.009,1.68,0.0,-0.011,0.123,0.027,-0.001,0.003,-0.001,0.115,-0.013,0.058,-0.0
05100103,Mertensstraße,3589.0,0.433,-0.007,0.005,2.0,0.02,-0.02,0.217,0.09,0.063,0.055,-0.0,0.158,0.009,0.064,0.007
05100104,Maselake,3732.0,0.438,0.092,-0.069,2.04,0.14,-0.038,0.19,0.057,0.043,0.012,-0.008,0.138,0.01,0.054,-0.004
05100105,Amorbacher Weg,3769.0,0.325,0.021,0.002,1.75,0.01,0.001,0.116,0.013,0.01,0.013,-0.004,0.072,-0.011,0.041,-0.007
05100206,Griesingerstraße,3128.0,0.308,0.012,0.021,2.07,-0.06,0.034,0.131,-0.012,0.018,0.001,-0.014,0.193,-0.003,0.072,-0.021
05100207,An der Tränke,4254.0,0.306,-0.022,0.06,2.09,-0.1,0.004,0.097,-0.015,0.022,0.021,0.008,0.04,0.014,0.044,0.0
05100208,Im Spektefeld,3168.0,0.343,0.016,0.007,1.99,0.03,-0.016,0.112,-0.001,-0.0,-0.007,-0.007,0.203,-0.015,0.075,0.001
05100209,Westerwaldstraße,3129.0,0.352,0.013,0.008,2.05,0.01,-0.008,0.104,-0.019,0.004,-0.019,-0.019,0.214,-0.016,0.081,-0.0
05100210,Germersheimer Platz,3186.0,0.401,0.016,0.01,1.61,0.01,-0.004,0.147,0.023,0.003,0.01,-0.006,0.164,-0.033,0.063,-0.007
05100211,An der Kappe,3672.0,0.307,0.022,0.02,1.89,0.0,-0.0,0.127,0.029,0.011,0.004,-0.0,0.09,-0.003,0.04,-0.0
05100312,Eckschanze,3177.0,0.42,0.006,0.017,1.66,-0.02,-0.004,0.15,0.014,0.008,0.014,0.003,0.164,-0.01,0.055,-0.003
05100313,Eiswerder,3623.0,0.378,0.046,-0.01,2.22,0.03,-0.022,0.257,-0.089,0.055,-0.016,-0.021,0.152,-0.04,0.064,0.002
05100314,Kurstraße,3096.0,0.451,0.01,0.008,1.82,-0.01,0.008,0.186,0.03,-0.012,-0.004,-0.012,0.227,-0.026,0.048,-0.011
05100315,Ackerstraße,3461.0,0.446,0.025,-0.003,1.81,0.03,-0.008,0.162,0.001,-0.01,-0.016,-0.011,0.178,-0.008,0.055,-0.008
05100316,Carl-Schurz-Straße,3341.0,0.401,0.002,0.006,1.71,0.01,0.001,0.14,0.015,0.0,0.004,-0.009,0.165,-0.013,0.06,-0.008
05100317,Freiheit,3333.0,0.434,0.04,-0.003,1.88,0.03,-0.003,0.387,0.188,0.096,0.105,0.023,0.223,0.061,0.05,-0.003
05200418,Isenburger Weg,4403.0,0.262,-0.001,-0.002,2.28,-0.02,0.012,0.081,0.016,0.005,0.01,0.004,0.029,0.01,0.034,-0.002
05200419,Am Heideberg,,0.266,-0.01,0.008,1.62,-0.01,-0.0,0.108,0.039,0.01,0.008,0.007,0.049,-0.006,0.035,-0.011
05200420,Staakener Straße,3854.0,0.296,0.014,0.016,1.99,-0.01,-0.003,0.102,-0.004,0.002,-0.004,-0.004,0.057,-0.013,0.031,-0.005
05200421,Spandauer Straße,3412.0,0.359,0.017,0.011,1.87,0.01,-0.001,0.188,0.041,0.019,0.012,0.006,0.134,0.023,0.069,0.003
05200422,Werkstraße,,0.421,0.024,0.009,2.17,-0.01,-0.015,0.201,0.074,0.027,-0.001,-0.001,0.077,-0.005,0.063,0.005
05200423,Magistratsweg,3135.0,0.338,0.016,0.004,1.83,0.03,-0.01,0.093,-0.001,0.001,0.001,-0.001,0.199,-0.001,0.084,0.003
05200524,Döberitzer Weg,4066.0,0.303,-0.016,0.03,2.26,-0.08,0.028,0.111,-0.012,0.012,-0.002,0.001,0.042,-0.001,0.052,0.001
05200525,Pillnitzer Weg,4017.0,0.306,0.008,0.02,1.98,-0.01,0.004,0.134,0.056,0.029,0.014,0.009,0.039,-0.022,0.037,0.002
05200526,Rudolf-Wissell-Großsiedlung,2806.0,0.378,0.027,0.005,2.04,-0.01,-0.001,0.112,0.021,0.003,0.009,-0.018,0.254,-0.076,0.1,-0.005
05200527,Maulbeerallee,2886.0,0.358,0.021,0.009,2.3,-0.01,0.006,0.101,0.004,-0.001,-0.008,-0.009,0.358,-0.031,0.114,-0.007
05200528,Weinmeisterhornweg,3716.0,0.295,0.021,0.006,1.88,0.03,-0.016,0.119,0.026,0.014,0.004,0.006,0.09,0.008,0.044,0.002
05200629,Borkumer Straße,3698.0,0.393,0.005,0.007,1.75,0.02,-0.004,0.166,0.02,0.011,-0.01,-0.008,0.139,0.008,0.042,-0.009
05200630,Wilhelmstadt West,3456.0,0.398,0.014,0.001,1.68,0.0,-0.004,0.161,0.03,-0.002,-0.007,-0.01,0.132,-0.019,0.053,0.0
05200631,Wilhelmstadt Ost,3386.0,0.419,0.017,0.004,1.64,0.02,-0.007,0.149,0.027,-0.002,0.001,-0.011,0.152,-0.007,0.048,-0.006
05200632,Tiefwerder,3404.0,0.333,-0.004,0.016,1.83,-0.03,0.003,0.156,0.029,-0.042,-0.029,0.001,0.214,0.005,0.053,-0.014
05200633,Graetschelsteig,,0.322,0.079,-0.016,1.86,0.05,-0.018,0.107,0.044,0.011,0.004,-0.01,0.151,0.016,0.082,0.003
05200634,Börnicker Straße,4255.0,0.229,0.024,0.015,1.75,-0.02,0.004,0.128,0.044,0.017,0.011,-0.001,0.04,0.004,0.029,-0.0
05300735,Haveleck,3774.0,0.494,-0.009,0.063,2.59,-0.11,0.005,0.124,-0.281,0.003,-0.331,0.014,0.151,0.062,0.07,0.006
05300736,Zitadellenweg,3537.0,0.349,-0.014,-0.001,2.33,-0.03,0.004,0.097,-0.013,0.001,-0.019,0.002,0.176,-0.007,0.091,0.004
05300737,Gartenfelder Straße,3290.0,0.367,0.012,0.014,1.73,0.01,-0.006,0.115,-0.041,0.003,-0.047,0.001,0.166,-0.01,0.06,-0.003
05300838,Gartenfeld,,,,-0.058,1.33,0.14,,0.0,0.0,0.0,0.0,,,,,
05300839,Rohrdamm,,0.41,0.054,-0.019,1.87,0.04,-0.007,0.164,0.034,0.033,0.045,-0.01,0.136,-0.021,0.059,-0.005
05300840,Nonnendammallee,,0.375,0.008,0.025,1.83,0.01,0.007,0.171,0.064,0.049,0.089,0.002,0.163,0.06,0.064,0.007
05300841,Siemensdamm,,0.457,0.014,0.008,1.71,-0.01,-0.001,0.159,0.01,-0.008,0.01,-0.008,0.105,-0.028,0.044,0.002
05400942,Alt-Gatow,4663.0,0.229,-0.0,0.002,2.0,0.01,-0.002,0.097,-0.005,0.005,-0.015,-0.001,0.031,-0.007,0.025,-0.011
05400943,Jägerallee,5176.0,0.254,0.004,0.022,2.25,-0.04,0.012,0.098,0.009,0.011,-0.003,0.002,0.023,0.004,0.048,-0.001
05400944,Kladower Damm,,0.2,0.01,0.014,1.95,-0.02,0.006,0.11,0.041,0.024,0.009,0.005,0.067,0.025,0.037,-0.001
05400945,Kafkastraße,5167.0,0.196,-0.022,0.019,2.05,-0.01,-0.014,0.081,0.017,0.006,-0.009,-0.005,0.017,-0.001,0.044,0.001
06100101,Fichtenberg,4792.0,0.313,0.028,0.017,1.75,-0.02,0.006,0.131,0.028,0.012,0.018,0.0,0.04,0.004,0.032,-0.002
06100102,Schloßstraße,4626.0,0.376,-0.003,-0.001,1.73,0.02,-0.004,0.155,0.035,0.002,0.0,0.005,0.072,0.011,0.037,-0.001
06100103,Markelstraße,4501.0,0.386,0.006,0.001,1.69,0.0,0.001,0.124,0.003,-0.004,0.002,-0.005,0.046,-0.002,0.035,-0.001
06100204,Munsterdamm,3864.0,0.376,0.021,0.008,1.69,-0.01,0.004,0.12,0.002,0.003,0.008,-0.008,0.074,-0.003,0.044,-0.006
06100205,Südende,4108.0,0.384,0.011,0.012,1.72,-0.01,0.002,0.15,0.019,-0.011,-0.011,-0.007,0.073,-0.002,0.039,-0.005
06100206,Stadtpark,4014.0,0.356,0.015,-0.013,1.66,0.02,-0.008,0.128,0.01,0.007,-0.001,-0.0,0.071,0.003,0.04,-0.002
06100207,Mittelstraße,4318.0,0.408,0.035,0.013,1.65,-0.01,0.005,0.14,0.022,0.007,0.015,-0.004,0.061,-0.004,0.038,-0.002
06100208,Bergstraße,4308.0,0.388,0.006,-0.005,1.66,0.01,-0.003,0.132,0.013,0.002,-0.002,-0.003,0.06,-0.004,0.032,-0.005
06100209,Feuerbachstraße,4118.0,0.39,-0.001,0.006,1.65,0.0,-0.003,0.147,0.014,0.004,0.008,-0.009,0.065,-0.001,0.039,0.002
06100210,Bismarckstraße,4138.0,0.358,-0.009,0.007,1.66,0.0,0.002,0.135,-0.002,-0.001,-0.019,-0.003,0.067,-0.009,0.043,-0.005
06200311,Alt-Lankwitz,3941.0,0.299,0.018,0.017,1.71,-0.02,0.0,0.116,0.016,0.005,-0.001,0.007,0.071,-0.005,0.045,0.001
06200312,Komponistenviertel Lankwitz,4446.0,0.324,0.024,-0.001,1.81,0.0,0.003,0.171,0.021,0.02,-0.003,0.004,0.065,0.019,0.034,-0.001
06200313,Lankwitz Kirche,3685.0,0.373,0.003,0.009,1.62,0.0,-0.002,0.141,0.027,-0.003,-0.013,-0.006,0.095,-0.005,0.052,-0.005
06200314,Kaiser-Wilhelm-Straße,3729.0,0.369,0.018,0.006,1.67,0.0,0.004,0.13,0.023,0.011,0.016,-0.008,0.091,-0.007,0.044,-0.011
06200315,Gallwitzallee,3822.0,0.347,0.043,-0.021,1.82,0.07,-0.019,0.128,-0.009,0.015,-0.026,-0.007,0.088,0.001,0.047,-0.001
06200316,Belßstraße,3358.0,0.385,0.032,0.004,1.78,-0.01,0.006,0.143,0.033,0.002,0.004,-0.009,0.13,0.012,0.053,-0.008
06200317,Lankwitz Süd,4151.0,0.265,0.006,0.009,1.86,0.01,-0.002,0.098,0.007,0.018,0.013,0.001,0.05,0.001,0.041,-0.002
06200418,Landweg,,,,,,,,,,,,,,,,
06200419,Thermometersiedlung,,0.367,0.017,0.017,1.84,-0.01,-0.007,0.154,0.044,-0.015,-0.017,-0.006,0.141,-0.004,0.061,0.007
06200420,Lichterfelde Süd,3378.0,0.288,-0.005,0.008,1.82,0.0,0.003,0.125,-0.032,-0.02,-0.044,0.002,0.094,0.005,0.047,-0.003
06200421,Königsberger Straße,3873.0,0.312,0.033,0.013,1.74,-0.01,0.009,0.159,0.046,0.003,-0.009,-0.005,0.06,-0.004,0.041,-0.007
06200422,Oberhofer Platz,4237.0,0.306,0.025,0.008,1.86,-0.01,0.008,0.11,0.017,0.005,0.006,-0.008,0.034,-0.006,0.036,-0.006
06200423,Schütte-Lanz-Straße,4563.0,0.259,0.003,0.006,1.99,-0.01,0.002,0.097,0.008,0.012,0.002,0.001,0.073,0.002,0.05,-0.001
06300524,Berlepschstraße,4457.0,0.264,0.004,0.009,1.89,0.01,-0.009,0.13,-0.032,0.013,-0.01,-0.002,0.051,0.01,0.04,-0.005
06300525,Zehlendorf Süd,3660.0,0.333,0.024,-0.004,1.69,0.02,-0.007,0.116,-0.003,0.015,-0.009,-0.003,0.09,0.003,0.052,-0.006
06300526,Zehlendorf Mitte,4626.0,0.335,0.039,0.012,1.83,-0.02,0.009,0.128,0.037,0.005,0.01,-0.008,0.06,0.01,0.048,-0.003
06300527,Sundgauer Straße,4370.0,0.332,0.015,0.008,1.71,0.0,0.001,0.122,-0.009,0.005,-0.004,-0.004,0.045,-0.007,0.039,-0.003
06300528,Teltower Damm,4802.0,0.251,0.023,0.009,1.92,-0.01,0.003,0.117,0.017,0.015,0.001,-0.005,0.03,0.007,0.038,-0.005
06300629,Botanischer Garten,4318.0,0.341,0.009,0.021,1.69,-0.02,0.012,0.127,0.023,0.005,0.004,-0.006,0.057,0.011,0.028,-0.011
06300630,Hindenburgdamm,4162.0,0.375,0.014,0.006,1.8,-0.01,0.005,0.151,0.019,-0.015,-0.018,-0.011,0.076,-0.012,0.041,-0.003
06300631,Goerzwerke,4387.0,0.404,0.027,0.01,1.84,0.01,-0.013,0.208,0.064,0.044,0.046,0.005,0.05,0.01,0.038,-0.002
06300632,Schweizer Viertel,5353.0,0.281,-0.004,-0.007,2.09,0.01,-0.002,0.128,0.006,0.004,-0.014,0.003,0.043,0.014,0.04,0.002
06300633,Augustaplatz,4566.0,0.324,0.025,0.001,1.77,0.0,0.005,0.11,0.008,-0.002,-0.002,-0.007,0.048,0.0,0.035,-0.003
06300634,Lichterfelde West,5360.0,0.264,0.01,0.011,1.9,-0.02,0.009,0.116,0.025,0.007,0.003,-0.002,0.032,0.003,0.035,-0.003
06400735,Wannsee,5287.0,0.235,0.009,0.01,1.92,-0.01,-0.002,0.125,-0.024,-0.002,-0.014,-0.001,0.026,0.003,0.04,0.005
06400736,Düppel,4982.0,0.237,0.005,0.026,2.08,-0.05,0.01,0.098,0.026,0.011,-0.005,0.002,0.039,-0.004,0.049,-0.01
06400737,Nikolassee,4958.0,0.316,0.006,0.006,1.88,-0.02,0.004,0.184,0.03,-0.017,-0.021,0.002,0.035,0.006,0.039,-0.001
06400838,Krumme Lanke,5642.0,0.23,0.017,0.01,1.92,-0.01,0.008,0.109,0.011,0.011,0.006,-0.0,0.018,0.003,0.033,-0.003
06400839,Fischerhüttenstraße,5196.0,0.248,0.012,0.001,1.85,0.0,-0.01,0.129,0.036,0.017,0.017,0.002,0.046,0.013,0.037,-0.002
06400840,Fischtal,4932.0,0.26,0.024,0.002,1.74,-0.01,0.002,0.116,0.043,0.01,0.012,-0.003,0.022,-0.005,0.04,-0.001
06400841,Zehlendorf Eiche,4761.0,0.296,0.031,-0.004,1.84,0.01,-0.003,0.141,0.034,0.017,-0.015,0.005,0.05,0.01,0.047,0.002
06400842,Hüttenweg,5282.0,0.282,0.002,0.028,2.2,-0.07,0.034,0.096,-0.009,0.007,0.003,0.002,0.018,-0.003,0.06,-0.006
06400843,Thielallee,5976.0,0.266,0.025,0.004,1.95,0.0,0.007,0.112,0.02,0.001,0.005,-0.0,0.019,0.005,0.031,-0.001
06400844,Dahlem,5682.0,0.282,0.012,0.001,1.9,-0.01,-0.003,0.138,0.016,-0.003,-0.02,0.001,0.022,0.002,0.047,0.008
07100101,Wittenbergplatz,4515.0,0.356,0.014,0.005,1.59,-0.01,0.003,0.147,0.015,0.001,-0.006,-0.002,0.105,-0.005,0.029,-0.003
07100102,Kalckreuthstraße,4506.0,0.405,0.009,-0.003,1.63,0.01,0.003,0.203,0.002,-0.014,0.009,-0.012,0.15,-0.019,0.034,0.002
07100103,Frobenstraße,3904.0,0.419,0.027,0.005,1.78,-0.01,0.011,0.197,0.065,-0.009,-0.002,-0.01,0.196,-0.023,0.041,-0.004
07100204,Barbarossaplatz,4849.0,0.416,0.019,0.004,1.63,-0.01,0.01,0.213,0.06,0.029,0.052,-0.005,0.066,-0.016,0.027,-0.009
07100205,Alvenslebenstraße,3596.0,0.419,0.014,0.002,1.74,-0.04,0.013,0.122,0.017,-0.006,0.008,-0.012,0.221,-0.017,0.047,-0.004
07100206,Großgörschenstraße,4376.0,0.426,-0.004,0.008,1.68,-0.01,0.005,0.143,-0.013,-0.015,-0.01,0.002,0.111,-0.038,0.036,-0.007
07200307,Bayerischer Platz,4510.0,0.377,0.024,0.011,1.59,-0.01,0.007,0.132,0.012,-0.002,0.009,-0.007,0.062,-0.013,0.029,-0.006
07200308,Volkspark (Rudolph-Wilde-Park),4313.0,0.443,0.004,0.001,1.65,0.01,0.002,0.189,0.015,-0.013,0.001,0.005,0.118,-0.008,0.036,-0.004
07200409,Belziger Straße,4735.0,0.396,0.001,0.001,1.62,-0.01,0.007,0.151,0.019,-0.005,0.009,-0.001,0.064,-0.029,0.033,-0.004
07200410,Feurigstraße,3969.0,0.447,-0.011,0.009,1.76,0.0,-0.0,0.183,0.017,-0.0,0.008,-0.013,0.176,-0.018,0.044,0.001
07200411,Julius-Leber-Brücke,4492.0,0.423,-0.011,-0.0,1.7,0.0,-0.004,0.146,0.019,-0.015,-0.023,0.004,0.098,-0.02,0.036,-0.003
07200412,Schöneberger Linse,5679.0,0.596,-0.082,0.038,2.12,0.05,-0.035,0.203,-0.122,0.004,-0.207,0.011,0.104,-0.025,0.038,0.002
07200413,Cheruskerstraße,4614.0,0.451,-0.002,0.006,1.57,-0.01,0.006,0.166,0.025,-0.009,0.012,0.002,0.071,-0.018,0.035,-0.004
07200414,Hohenfriedbergstraße,4694.0,0.44,-0.027,-0.0,1.68,0.02,-0.006,0.16,0.027,-0.03,-0.021,0.002,0.078,-0.019,0.035,-0.009
07300515,Taunusstraße,5101.0,0.35,0.023,0.008,1.7,-0.01,0.007,0.15,0.045,-0.006,-0.011,-0.007,0.043,-0.004,0.031,-0.005
07300516,Odenwaldstraße,4789.0,0.374,0.015,0.008,1.7,-0.02,0.007,0.149,0.022,-0.008,0.002,0.0,0.042,-0.007,0.036,-0.007
07300517,Perelsplatz,5012.0,0.401,0.069,-0.018,1.85,0.02,0.011,0.191,0.001,0.049,0.008,0.01,0.062,0.013,0.034,-0.006
07300618,Ceciliengärten,4726.0,0.373,0.019,0.012,1.72,-0.02,0.005,0.136,0.017,-0.009,0.003,-0.001,0.045,-0.012,0.033,-0.004
07300619,Grazer Platz,3969.0,0.403,0.004,0.008,1.77,-0.02,0.011,0.126,0.003,-0.009,-0.002,0.007,0.109,-0.018,0.044,-0.006
07400720,Gontermannstraße,3820.0,0.367,0.004,0.008,1.67,0.01,0.001,0.137,0.009,0.002,0.009,-0.002,0.108,-0.01,0.044,-0.007
07400721,Paradestraße,4405.0,0.421,0.107,0.001,2.06,-0.02,0.014,0.63,0.531,0.039,0.042,0.021,0.087,0.0,0.044,-0.003
07400822,Lindenhofsiedlung,4396.0,0.397,0.105,-0.063,1.75,0.17,-0.034,0.214,0.075,0.013,-0.028,-0.013,0.078,-0.032,0.036,-0.013
07400823,Wittekindstraße,3689.0,0.402,0.007,0.012,1.59,0.0,0.006,0.13,0.007,0.001,0.015,0.006,0.112,-0.026,0.049,-0.011
07400824,Bosepark,4039.0,0.406,-0.009,0.004,1.75,0.01,-0.009,0.156,0.004,-0.001,0.014,-0.009,0.089,-0.022,0.036,-0.001
07400825,Friedrich-Karl-Straße,3954.0,0.447,0.005,0.011,1.67,-0.01,0.013,0.149,0.019,-0.013,-0.011,0.001,0.11,-0.011,0.044,-0.006
07400826,Marienhöhe,3787.0,0.337,0.021,0.016,1.66,-0.03,0.012,0.136,0.02,-0.012,-0.019,0.004,0.094,-0.01,0.041,-0.006
07400927,Rathaus Tempelhof,3679.0,0.437,0.021,0.004,1.68,0.0,0.002,0.193,0.009,-0.005,-0.005,0.0,0.137,-0.007,0.039,-0.007
07400928,Germaniagarten,3445.0,0.507,0.008,-0.003,1.55,0.02,-0.004,0.188,0.004,-0.001,0.012,-0.0,0.204,-0.032,0.051,-0.004
07501029,Ringstraße,3588.0,0.405,0.016,-0.0,1.77,0.03,-0.012,0.152,0.007,-0.007,-0.008,0.003,0.13,-0.012,0.047,-0.003
07501030,Machonstraße,3721.0,0.396,0.02,0.009,1.67,-0.02,0.007,0.172,0.026,0.013,0.025,0.002,0.117,-0.028,0.039,-0.009
07501031,Eisenacher Straße,3710.0,0.356,0.02,0.011,1.63,0.0,0.004,0.122,0.001,0.006,0.001,0.0,0.108,-0.006,0.041,-0.005
07501032,Imbrosweg,3844.0,0.377,0.05,-0.023,1.88,0.08,-0.031,0.144,0.027,0.027,0.029,-0.001,0.113,-0.016,0.049,0.002
07501133,Fritz-Werner-Straße,3501.0,0.366,0.022,-0.012,1.71,0.02,0.001,0.181,0.007,0.021,0.011,0.002,0.117,-0.008,0.039,-0.004
07501134,Hundsteinweg,4051.0,0.291,0.013,0.014,1.96,0.0,-0.005,0.119,0.017,0.017,0.006,-0.003,0.082,-0.005,0.046,0.002
07501135,Birnhornweg,,0.269,-0.002,0.005,2.03,0.04,-0.021,0.144,0.053,0.005,-0.009,-0.002,0.033,-0.009,0.03,0.001
07601236,Marienfelder Allee Nordwest,3493.0,0.354,0.02,0.016,1.9,-0.02,0.003,0.154,0.014,-0.005,0.023,-0.007,0.186,-0.011,0.059,0.001
07601237,Kirchstraße,4291.0,0.3,0.029,0.018,1.94,-0.03,0.004,0.102,0.012,0.001,-0.003,0.003,0.041,-0.006,0.029,-0.008
07601238,Marienfelde Nordost,,0.296,0.019,0.016,1.94,-0.01,-0.001,0.137,0.018,-0.005,-0.014,0.001,0.127,0.003,0.058,-0.004
07601339,Tirschenreuther Ring West,3303.0,0.312,0.013,-0.002,1.95,0.01,-0.008,0.093,0.003,0.016,0.006,-0.003,0.165,-0.013,0.076,-0.0
07601340,Tirschenreuther Ring Ost,3325.0,0.332,0.016,0.012,1.99,0.0,0.002,0.1,-0.002,0.002,-0.005,0.009,0.169,-0.009,0.066,-0.006
07601341,Diedersdorfer Weg,,0.278,-0.002,0.007,1.95,0.03,-0.009,0.137,0.029,-0.028,-0.034,0.015,0.085,-0.012,0.041,0.004
07601442,Kettinger Straße,4080.0,0.275,-0.0,0.008,1.9,-0.01,-0.002,0.117,0.027,0.005,-0.0,0.006,0.061,-0.0,0.048,-0.003
07601443,Töpchiner Weg,3992.0,0.276,0.007,0.014,1.96,-0.02,-0.0,0.099,-0.0,0.009,-0.0,0.006,0.075,-0.013,0.053,-0.002
07601544,John-Locke-Straße,3507.0,0.323,0.017,0.001,1.97,0.04,-0.019,0.114,-0.012,0.026,-0.019,0.001,0.132,0.002,0.061,0.001
07601545,Nahariyastraße,3201.0,0.34,0.034,0.01,2.0,-0.01,-0.001,0.116,0.02,0.0,0.001,0.006,0.202,-0.046,0.077,-0.006
07601546,Franziusweg,4393.0,0.283,0.01,0.014,2.0,-0.01,0.002,0.104,0.023,0.002,0.004,0.005,0.043,-0.002,0.038,-0.004
07601547,Horstwalder Straße,4001.0,0.266,0.01,0.032,1.94,-0.05,0.008,0.166,0.016,0.036,0.008,0.005,0.077,-0.021,0.051,-0.005
07601548,Wittelsbacherstraße,4419.0,0.243,0.011,0.013,2.05,0.01,-0.001,0.085,-0.018,0.0,0.005,0.003,0.036,-0.013,0.052,0.003
08100101,Hasenheide,4388.0,0.495,-0.023,0.022,1.6,-0.03,0.003,0.185,0.035,-0.001,-0.018,-0.019,0.142,-0.05,0.035,-0.005
08100102,Schillerpromenade Nord,4042.0,0.54,-0.019,0.009,1.56,0.0,-0.002,0.183,0.008,-0.021,0.001,-0.019,0.116,-0.046,0.033,-0.004
08100103,Schillerpromenade Süd,3966.0,0.534,-0.023,0.009,1.51,-0.02,-0.0,0.159,0.003,-0.015,0.0,-0.012,0.139,-0.032,0.038,-0.004
08100104,Wartheplatz,3802.0,0.545,-0.003,-0.001,1.6,0.01,0.005,0.19,0.041,-0.017,-0.0,-0.017,0.22,0.008,0.031,-0.009
08100105,Silbersteinstraße,4247.0,0.534,0.015,-0.016,1.87,0.0,-0.001,0.195,0.01,0.01,0.003,-0.03,0.179,-0.066,0.04,-0.005
08100206,Flughafenstraße,3939.0,0.534,-0.016,0.01,1.58,-0.02,0.003,0.185,0.007,-0.02,0.003,-0.011,0.148,-0.032,0.034,-0.004
08100207,Rollberg,3363.0,0.422,-0.007,0.013,1.94,-0.03,0.003,0.114,-0.009,-0.011,-0.01,-0.014,0.226,-0.037,0.062,-0.004
08100208,Körnerpark,3831.0,0.539,-0.004,0.009,1.59,-0.02,0.005,0.179,0.008,-0.011,0.012,-0.013,0.159,-0.035,0.035,-0.01
08100209,Glasower Straße,3698.0,0.538,0.02,-0.013,1.66,0.02,-0.003,0.248,0.011,0.001,0.012,-0.023,0.19,-0.046,0.032,-0.005
08100310,Maybachufer,4561.0,0.483,-0.023,0.008,1.58,-0.01,0.008,0.168,-0.009,-0.02,0.001,-0.005,0.104,-0.03,0.037,-0.009
08100311,Reuterplatz,4287.0,0.5,-0.024,0.007,1.49,-0.01,0.005,0.184,0.019,-0.012,0.007,-0.003,0.09,-0.032,0.034,-0.007
08100312,Weichselplatz,4038.0,0.504,-0.028,0.004,1.56,0.0,0.002,0.184,0.033,0.005,0.014,-0.004,0.133,-0.024,0.04,-0.005
08100313,Bouchéstraße,3551.0,0.395,-0.018,0.017,1.58,-0.01,0.001,0.135,0.007,-0.005,0.007,-0.009,0.135,-0.031,0.041,-0.008
08100314,Donaustraße,3968.0,0.551,-0.01,0.012,1.59,-0.03,0.0,0.178,-0.002,-0.006,0.019,-0.005,0.163,-0.037,0.033,-0.0
08100415,Ganghoferstraße,3955.0,0.534,-0.016,0.002,1.58,-0.01,0.0,0.182,0.041,-0.02,-0.001,-0.006,0.138,-0.025,0.036,-0.003
08100416,Alt-Rixdorf,4024.0,0.514,-0.011,-0.002,1.66,0.01,-0.002,0.177,0.013,-0.012,0.001,-0.006,0.146,-0.022,0.041,-0.009
08100417,Braunschweiger Straße,3822.0,0.556,-0.003,0.006,1.62,-0.02,0.004,0.213,0.012,-0.022,0.008,-0.011,0.169,-0.031,0.036,-0.002
08100418,Hertzbergplatz,3794.0,0.508,-0.03,0.005,1.57,0.0,0.002,0.176,0.003,-0.002,0.007,-0.006,0.122,-0.034,0.034,-0.007
08100419,Treptower Straße Nord,3630.0,0.485,-0.003,-0.002,1.75,0.01,-0.008,0.249,0.08,0.013,0.02,-0.013,0.25,-0.038,0.048,-0.0
08100520,Weiße Siedlung,3014.0,0.42,0.022,0.037,2.18,-0.09,0.028,0.188,0.053,-0.014,0.0,-0.024,0.283,-0.065,0.068,-0.014
08100521,Schulenburgpark,2963.0,0.371,0.001,0.007,2.07,-0.02,0.011,0.107,-0.0,-0.017,-0.007,-0.009,0.329,-0.037,0.064,-0.011
08200622,Jahnstraße,3262.0,0.5,0.023,0.023,1.83,-0.06,0.029,0.225,0.041,-0.036,-0.022,-0.014,0.24,-0.04,0.043,-0.015
08200623,Park am Buschkrug ,3466.0,0.383,0.021,0.011,1.77,0.0,0.0,0.195,0.017,-0.036,-0.026,-0.01,0.119,-0.053,0.045,-0.003
08200624,Tempelhofer Weg,3355.0,0.421,0.024,0.002,1.69,0.01,-0.002,0.155,0.004,-0.008,-0.003,-0.008,0.169,-0.03,0.051,-0.004
08200725,Mohriner Allee Nord,,0.293,0.005,-0.0,2.07,-0.01,0.001,0.113,0.008,-0.002,-0.008,-0.0,0.083,0.019,0.027,0.002
08200726,Hufeisensiedlung,3828.0,0.334,0.017,0.019,1.82,-0.01,0.004,0.111,0.017,0.024,0.032,0.0,0.09,-0.021,0.046,-0.005
08200727,Parchimer Allee Süd,3426.0,0.378,0.034,0.008,1.6,0.01,-0.004,0.134,0.02,0.002,-0.013,-0.004,0.11,-0.01,0.046,-0.009
08200728,Ortolanweg,,0.284,0.012,0.021,1.8,-0.03,0.003,0.087,-0.001,0.025,0.033,0.006,0.153,-0.016,0.048,0.002
08200729,Britzer Garten,,0.288,-0.005,0.046,2.0,-0.04,0.025,0.089,-0.005,0.012,0.007,0.001,0.057,0.0,0.03,-0.012
08200730,Handwerker-Siedlung,3428.0,0.305,0.005,0.015,1.77,-0.02,0.003,0.106,-0.014,-0.001,-0.011,-0.009,0.087,-0.006,0.035,0.004
08200831,Buckow West,3836.0,0.312,0.016,0.012,1.8,-0.02,-0.003,0.11,0.006,0.003,-0.006,-0.005,0.071,-0.009,0.044,-0.003
08200832,Buckow Mitte,3609.0,0.323,0.037,-0.004,1.95,0.03,-0.016,0.168,0.066,0.057,0.048,-0.003,0.112,-0.002,0.049,-0.001
08200833,Buckow Ost,3356.0,0.367,0.029,0.004,1.98,0.02,-0.002,0.233,0.104,0.006,0.011,-0.012,0.144,-0.023,0.049,-0.004
08300934,Gropiusstadt Nord-West,3321.0,0.345,0.026,0.002,1.95,0.01,0.0,0.116,0.025,0.002,0.001,-0.024,0.173,-0.037,0.054,-0.005
08300935,Gropiusstadt Süd-West,3310.0,0.336,0.041,0.012,1.8,0.0,-0.012,0.11,-0.003,0.004,-0.004,-0.005,0.126,-0.012,0.049,0.004
08301036,Gropiusstadt Mitte,3257.0,0.351,0.038,0.002,2.03,0.01,0.0,0.165,0.063,0.048,0.038,-0.011,0.172,-0.025,0.048,-0.011
08301037,Gropiusstadt Süd-Ost,3131.0,0.363,0.014,0.018,2.06,-0.03,0.005,0.097,-0.017,0.005,-0.017,-0.01,0.19,-0.025,0.061,-0.004
08401138,Goldhähnchenweg,,0.276,0.017,0.005,1.92,0.01,-0.007,0.142,0.046,0.021,-0.005,-0.002,0.16,-0.013,0.076,0.007
08401139,Vogelviertel Süd,3616.0,0.321,0.022,0.019,1.81,-0.02,-0.01,0.158,0.02,0.026,0.012,-0.005,0.084,0.002,0.038,0.007
08401140,Vogelviertel Nord,3671.0,0.315,0.004,0.017,2.03,0.0,-0.002,0.131,0.013,0.013,0.017,0.002,0.082,-0.012,0.047,-0.003
08401241,Blumenviertel,3979.0,0.295,0.017,0.031,2.08,-0.03,0.007,0.138,0.037,0.008,0.014,-0.003,0.053,-0.003,0.038,-0.004
08401242,Zittauer Straße,4005.0,0.268,0.012,0.026,2.07,-0.01,-0.006,0.1,0.008,0.01,0.006,0.003,0.048,-0.001,0.043,-0.001
08401243,Alt-Rudow,3634.0,0.312,0.025,0.006,1.92,0.01,-0.008,0.123,0.013,0.007,-0.008,-0.0,0.093,0.001,0.047,0.0
08401244,Waßmannsdorfer Chaussee,4180.0,0.264,0.005,0.024,2.09,-0.01,-0.004,0.095,0.013,0.0,-0.011,0.003,0.046,0.003,0.042,-0.003
08401245,Frauenviertel,3687.0,0.346,0.008,0.012,2.0,-0.03,0.011,0.112,-0.0,0.009,-0.01,0.008,0.073,-0.018,0.073,-0.001
08401246,Waltersdorfer Chaussee Ost,3774.0,0.284,-0.003,-0.004,2.12,0.03,-0.014,0.117,0.029,0.014,0.009,0.009,0.101,0.007,0.072,0.007
09100101,Alt-Treptow,4445.0,0.445,-0.015,0.001,1.73,-0.01,0.012,0.143,0.004,0.002,0.006,-0.002,0.075,-0.02,0.055,-0.004
09100202,Plänterwald West ,4180.0,0.38,-0.018,0.024,1.75,-0.02,0.016,0.135,0.02,0.009,0.017,-0.0,0.046,-0.013,0.043,-0.011
09100203,Plänterwald Ost ,3467.0,0.47,0.064,-0.002,1.44,0.02,-0.001,0.158,0.026,0.001,0.003,-0.004,0.081,-0.013,0.036,-0.006
09100304,Baumschulenweg West,3805.0,0.421,0.016,0.005,1.56,0.0,-0.004,0.152,0.008,0.015,-0.001,-0.004,0.061,-0.007,0.046,-0.003
09100305,Baumschulenweg Ost,3832.0,0.507,0.016,-0.002,1.51,0.01,0.003,0.187,0.011,0.033,0.029,-0.012,0.068,-0.015,0.04,-0.008
09100306,Späthsfelde,4346.0,0.262,0.002,0.026,2.08,-0.05,0.004,0.111,0.01,0.013,0.028,-0.008,0.049,-0.026,0.037,-0.01
09100407,Johannisthal West,3738.0,0.334,0.033,0.01,1.69,0.02,-0.01,0.13,0.02,0.011,-0.008,0.002,0.068,0.007,0.053,-0.001
09100408,Johannisthal Ost,3806.0,0.421,0.005,0.006,1.72,0.02,-0.001,0.135,-0.002,0.006,-0.008,0.001,0.078,-0.004,0.059,-0.01
09100409,Landschaftspark Adlershof,4141.0,0.402,0.081,0.028,2.18,-0.06,0.027,0.307,0.115,0.215,0.09,0.012,0.063,0.018,0.061,-0.004
09200510,Helmholtz-Kiez,3640.0,0.564,0.017,0.002,1.68,-0.01,0.009,0.209,0.022,0.004,0.011,-0.012,0.14,-0.023,0.05,-0.012
09200511,Griechischer Park,3611.0,0.487,0.01,0.02,1.64,-0.04,0.016,0.164,-0.007,-0.0,-0.01,-0.005,0.112,-0.029,0.069,-0.005
09200512,Wuhlheide,3798.0,0.579,0.037,-0.001,1.62,-0.01,0.011,0.247,0.028,-0.026,-0.064,-0.025,0.09,-0.029,0.048,-0.006
09200613,Bahnhof Schöneweide ,3928.0,0.554,0.014,0.016,1.75,-0.01,0.001,0.247,0.017,0.031,-0.006,-0.004,0.109,-0.006,0.048,-0.005
09200614,Oberspree ,3679.0,0.34,0.069,-0.003,1.78,0.04,-0.016,0.193,0.102,0.082,0.078,0.004,0.106,0.029,0.05,-0.008
09200715,Wista ,4194.0,0.609,0.001,0.024,2.08,0.0,0.001,0.19,-0.05,-0.013,-0.005,0.021,0.068,0.019,0.04,0.004
09200716,Dörpfeldstraße Ost ,3825.0,0.456,0.048,0.005,1.67,-0.02,0.02,0.189,0.027,-0.01,-0.016,-0.006,0.083,-0.01,0.053,-0.011
09200717,Dörpfeldstraße West ,3826.0,0.444,0.036,0.012,1.62,-0.02,0.006,0.17,0.02,0.021,0.015,-0.002,0.086,-0.003,0.054,-0.003
09200818,Spindlersfeld,4227.0,0.53,0.117,-0.022,1.76,0.04,0.019,0.228,0.092,0.048,-0.007,-0.022,0.07,-0.013,0.052,-0.016
09200819,Köllnische Vorstadt,3347.0,0.436,0.012,0.016,1.76,-0.01,0.01,0.188,0.051,0.043,0.031,-0.006,0.117,-0.04,0.071,-0.016
09300920,Dorf Altglienicke,4121.0,0.325,0.007,0.01,2.17,0.01,-0.006,0.111,-0.026,0.006,-0.039,0.003,0.058,0.007,0.058,-0.002
09300921,Preußen Siedlung,4335.0,0.308,-0.003,0.015,2.02,-0.02,0.011,0.148,0.065,0.059,0.043,0.002,0.025,0.0,0.036,-0.001
09300922,Kosmos Viertel,2937.0,0.336,0.012,0.007,1.93,0.01,0.006,0.099,-0.033,0.02,-0.022,0.003,0.222,-0.002,0.098,-0.016
09300923,Kölner Viertel,3548.0,0.345,0.014,-0.005,2.14,0.03,-0.011,0.185,0.048,0.043,0.049,0.003,0.15,0.016,0.104,0.007
09301024,Falkenberg,4071.0,0.387,0.056,0.008,2.19,0.08,-0.053,0.123,-0.028,0.011,-0.058,0.018,0.084,0.058,0.062,0.011
09301025,Alt-Bohnsdorf,3689.0,0.319,0.032,0.017,1.97,0.0,-0.005,0.181,-0.037,0.011,-0.008,0.002,0.053,0.003,0.047,-0.004
09301126,Grünau,4377.0,0.355,0.008,0.006,1.83,0.01,-0.009,0.156,-0.003,0.015,-0.022,-0.007,0.036,-0.005,0.044,-0.001
09301227,Karolinenhof,,0.231,0.015,0.029,2.0,-0.04,0.012,0.084,0.01,0.005,-0.01,-0.015,0.012,-0.003,0.038,0.002
09301228,Schmöckwitz/Rauchfangswerder,4512.0,0.27,0.005,0.021,2.03,-0.03,0.001,0.101,0.018,0.022,-0.001,-0.011,0.028,-0.002,0.044,-0.002
09401329,Kietzer Feld/ Nachtheide,3799.0,0.31,0.065,0.009,1.75,0.04,-0.02,0.175,0.077,0.069,0.055,0.002,0.052,0.008,0.042,0.001
09401330,Wendenschloß,,0.228,-0.001,0.001,1.99,0.01,-0.006,0.095,-0.0,-0.004,0.006,0.002,0.015,-0.004,0.041,-0.004
09401431,Allende I,3541.0,0.289,0.033,0.008,1.75,0.01,-0.008,0.132,0.024,0.038,0.021,0.002,0.074,0.016,0.049,-0.002
09401432,Siedlung Kämmereiheide,,0.289,-0.015,0.015,2.06,-0.01,-0.013,0.103,0.011,0.017,0.001,0.011,0.087,0.015,0.075,0.011
09401433,Allende II ,3151.0,0.288,0.002,0.037,1.69,-0.08,0.018,0.242,0.072,-0.031,-0.071,0.002,0.076,-0.014,0.051,-0.003
09401534,Altstadt Köpenick,3486.0,0.401,-0.007,0.011,1.77,-0.01,0.005,0.167,0.021,0.0,-0.001,0.007,0.131,-0.012,0.083,-0.006
09401635,Müggelheim,4109.0,0.237,-0.005,0.015,2.04,-0.01,-0.007,0.078,-0.0,0.004,-0.003,-0.001,0.021,0.0,0.045,0.004
09501736,Hirschgarten,3878.0,0.304,0.009,0.005,1.77,0.0,-0.004,0.138,0.002,0.002,-0.02,0.01,0.077,0.014,0.064,0.002
09501737,Alt-Friedrichshagen,4299.0,0.266,0.007,0.011,1.77,-0.03,0.006,0.111,-0.003,0.013,0.009,-0.002,0.034,-0.002,0.06,-0.0
09501838,Rahnsdorf,4581.0,0.281,0.028,0.01,2.06,0.01,-0.01,0.13,0.012,0.017,-0.012,0.001,0.037,0.001,0.052,-0.002
09501939,Bahnhofstraße,4170.0,0.425,-0.009,-0.005,1.8,0.02,-0.015,0.155,0.01,0.007,-0.012,-0.002,0.06,-0.002,0.053,0.008
09501940,Güterbahnhof Köpenick,3790.0,0.448,-0.01,0.002,1.64,0.04,-0.007,0.16,0.018,0.017,0.033,-0.009,0.073,-0.007,0.055,-0.004
09501941,Friedrichshagener Straße,4713.0,0.351,0.014,0.011,1.7,0.03,-0.023,0.168,0.05,-0.004,-0.022,0.004,0.049,0.01,0.03,-0.001
09502042,Mittelheide,4404.0,0.358,0.025,0.004,1.86,0.0,-0.002,0.16,0.043,0.03,0.022,-0.008,0.034,-0.002,0.046,0.002
09502043,Dammheide,3862.0,0.305,0.021,0.015,1.68,0.0,-0.006,0.108,0.009,0.009,-0.003,-0.004,0.036,-0.003,0.05,0.003
10100101,Marzahn West,2989.0,0.374,0.002,0.002,1.79,0.0,0.002,0.083,-0.032,0.006,-0.003,0.0,0.156,-0.048,0.106,-0.008
10100102,Rosenbecker Straße ,3040.0,0.373,0.005,0.03,1.89,-0.04,0.005,0.116,-0.04,0.003,-0.025,-0.01,0.155,-0.057,0.087,-0.021
10100103,Wittenberger Straße ,2973.0,0.377,0.027,-0.001,1.85,0.01,-0.005,0.143,-0.003,0.01,-0.01,0.011,0.163,-0.018,0.075,-0.005
10100104,Golliner Straße ,2964.0,0.38,0.001,0.018,1.9,-0.03,0.018,0.107,-0.001,0.024,0.029,-0.0,0.167,-0.03,0.1,-0.013
10100205,Gewerbegebiet Bitterfelder Straße ,,0.567,0.044,-0.001,1.67,0.1,-0.02,0.727,0.008,0.058,-0.004,,,,0.041,0.003
10100206,Wuhletalstraße ,3057.0,0.387,0.01,0.014,1.92,0.0,-0.003,0.119,-0.022,0.003,-0.048,-0.007,0.142,-0.034,0.076,-0.015
10100207,Ahrensfelder Berge ,2982.0,0.383,0.003,0.013,1.72,-0.01,0.001,0.104,0.005,0.01,0.011,-0.005,0.129,-0.033,0.083,-0.003
10100208,Bürgerpark ,3086.0,0.384,0.028,-0.008,1.72,0.04,-0.012,0.129,0.006,0.013,-0.017,-0.001,0.133,-0.021,0.05,-0.006
10100209,Lea-Grundig-Straße ,3081.0,0.384,0.038,-0.021,1.92,0.07,-0.027,0.212,0.06,-0.002,-0.018,0.002,0.114,-0.02,0.071,0.002
10100210,Marzahner Promenade ,3026.0,0.334,0.01,0.02,1.85,-0.01,-0.004,0.099,-0.003,0.008,-0.003,0.005,0.137,-0.003,0.065,-0.001
10100311,Marzahner Chaussee ,3410.0,0.442,0.092,-0.03,1.93,0.03,0.014,0.31,0.176,0.062,0.072,-0.018,0.058,-0.017,0.029,-0.002
10100312,Springpfuhl ,3224.0,0.376,0.034,0.006,1.76,0.02,-0.009,0.136,0.02,0.008,-0.012,0.008,0.122,0.011,0.047,-0.001
10100313,Alt-Marzahn ,3344.0,0.349,0.027,0.039,1.71,-0.05,0.001,0.213,0.072,0.008,0.016,0.015,0.102,0.013,0.033,-0.008
10100314,Auersbergstraße ,3261.0,0.305,0.013,0.032,1.83,-0.03,0.004,0.089,0.008,0.005,-0.002,-0.008,0.086,-0.007,0.071,0.001
10100315,Bärenstein ,3125.0,0.368,0.03,0.002,1.96,0.04,-0.02,0.118,-0.01,0.013,-0.022,0.006,0.131,0.007,0.079,-0.004
10100316,Landsberger Tor ,3747.0,0.307,-0.003,0.009,1.98,-0.01,0.001,0.105,-0.013,0.027,0.003,0.004,0.078,0.002,0.063,0.003
10200417,Zossener Straße  ,2890.0,0.409,0.012,-0.004,2.1,0.03,0.001,0.112,0.0,-0.003,-0.002,-0.006,0.199,-0.038,0.113,-0.02
10200418,Kyritzer Straße ,3137.0,0.415,0.006,-0.029,1.78,0.12,-0.016,0.117,-0.088,0.016,-0.075,0.004,0.13,-0.004,0.072,-0.017
10200419,Havelländer Ring ,2991.0,0.448,0.017,-0.002,1.87,0.04,-0.009,0.134,0.007,-0.009,0.018,-0.002,0.161,-0.001,0.071,-0.013
10200420,Gut Hellersdorf ,3018.0,0.408,0.038,-0.04,1.92,0.14,-0.029,0.128,0.025,0.007,0.002,0.007,0.209,-0.004,0.097,-0.009
10200421,Helle Mitte ,3187.0,0.455,0.015,0.034,1.9,-0.08,0.027,0.127,-0.022,-0.014,-0.002,-0.001,0.107,-0.046,0.059,0.002
10200422,Hellersdorfer Promenade ,2865.0,0.416,0.015,0.001,2.02,0.03,-0.0,0.129,0.012,-0.002,-0.01,-0.012,0.228,-0.047,0.098,-0.015
10200423,Böhlener Straße ,2916.0,0.463,0.008,0.018,1.81,0.0,0.003,0.153,0.018,0.005,0.014,-0.002,0.188,-0.024,0.098,-0.014
10200524,Adele-Sandrock Straße ,3227.0,0.384,0.019,-0.01,1.87,0.08,-0.025,0.154,-0.017,0.02,-0.029,0.007,0.134,0.018,0.073,-0.003
10200525,Schleipfuhl ,2977.0,0.365,-0.003,0.003,2.02,0.03,0.011,0.094,-0.013,0.008,-0.009,-0.005,0.199,-0.011,0.112,-0.01
10200526,Boulevard Kastanienallee ,3013.0,0.418,0.005,0.014,1.87,-0.01,0.008,0.156,0.023,0.01,0.015,-0.001,0.206,-0.04,0.105,-0.016
10200627,Am Kienberg ,3187.0,0.409,-0.007,-0.002,1.64,0.04,-0.013,0.117,-0.005,0.015,0.011,-0.001,0.104,-0.018,0.076,-0.002
10200628,Neue Grottkauer Straße ,2953.0,0.382,-0.022,0.021,1.88,-0.01,0.02,0.094,-0.035,0.01,-0.004,0.009,0.198,-0.021,0.117,-0.022
10200629,Teterower Ring ,3183.0,0.358,0.025,0.017,1.67,-0.01,-0.001,0.122,0.01,0.034,0.009,-0.003,0.09,-0.002,0.062,-0.005
10200630,Cecilienplatz ,3215.0,0.299,0.032,0.011,1.72,0.0,-0.013,0.135,0.062,0.058,0.044,0.006,0.113,0.009,0.071,0.008
10300731,Oberfeldstraße ,4277.0,0.277,-0.004,0.011,1.95,0.0,-0.005,0.147,0.044,-0.024,-0.035,0.001,0.017,0.004,0.032,0.001
10300732,Buckower Ring ,3378.0,0.366,0.004,0.023,1.78,-0.02,-0.006,0.124,-0.11,0.011,-0.02,0.001,0.114,0.002,0.063,0.0
10300733,Alt-Biesdorf ,4226.0,0.372,-0.005,0.034,2.1,-0.04,0.001,0.238,-0.023,0.014,-0.145,0.014,0.059,0.025,0.056,0.001
10300734,Biesdorf Süd ,4630.0,0.242,-0.001,0.032,2.16,-0.02,0.004,0.094,0.018,0.013,-0.002,0.001,0.018,0.002,0.035,-0.004
10400835,Kaulsdorf Nord ,3995.0,0.26,-0.003,0.015,2.03,-0.02,0.003,0.079,-0.001,0.009,0.008,-0.002,0.027,-0.013,0.05,-0.003
10400836,Alt-Kaulsdorf ,4177.0,0.274,-0.015,0.015,1.9,-0.04,0.012,0.133,0.019,0.013,0.005,0.001,0.045,0.006,0.054,0.001
10400837,Kaulsdorf Süd ,4470.0,0.232,0.0,0.02,2.15,-0.01,-0.008,0.076,0.009,0.012,0.008,0.001,0.013,-0.002,0.043,0.0
10400938,Mahlsdorf Nord ,4553.0,0.245,-0.009,0.024,2.12,-0.02,0.0,0.084,0.014,0.016,0.005,0.001,0.016,-0.001,0.041,-0.004
10400939,Alt-Mahlsdorf ,4261.0,0.271,-0.013,0.021,1.99,-0.02,-0.004,0.085,-0.018,-0.0,-0.002,0.004,0.031,0.001,0.051,0.005
10400940,Elsensee ,4394.0,0.209,-0.018,0.014,2.06,-0.02,-0.006,0.071,-0.008,0.008,-0.001,0.004,0.014,-0.004,0.038,-0.002
10400941,Pilgramer Straße ,4550.0,0.239,-0.013,0.012,2.13,-0.01,-0.005,0.08,0.02,0.013,0.004,0.001,0.013,-0.004,0.043,0.002
11100101,Dörfer Malchow-Wartenberg,3876.0,0.265,0.008,0.006,2.04,0.01,-0.006,0.085,0.005,0.008,0.004,0.002,0.04,0.013,0.035,-0.009
11100102,Dorf Falkenberg ,3966.0,0.404,-0.001,0.033,2.57,-0.03,0.003,0.329,-0.124,0.034,-0.146,0.021,0.115,-0.026,0.062,0.008
11100203,Falkenberg Ost ,3022.0,0.373,0.012,-0.0,1.95,0.04,0.004,0.108,0.001,0.008,0.003,0.002,0.167,-0.041,0.094,-0.016
11100204,Falkenberg West ,3102.0,0.374,0.02,0.008,1.79,0.0,0.002,0.111,-0.004,0.002,0.009,0.004,0.139,-0.022,0.072,-0.01
11100205,Wartenberg Süd ,3168.0,0.372,0.044,0.021,1.8,-0.01,0.005,0.172,0.075,0.054,0.045,0.009,0.143,-0.026,0.087,-0.007
11100206,Wartenberg Nord ,3042.0,0.371,-0.005,-0.006,1.85,0.05,-0.014,0.133,0.005,0.022,0.004,0.011,0.173,-0.015,0.105,-0.004
11100307,Zingster Straße Ost ,3037.0,0.32,0.005,0.022,1.83,-0.01,0.007,0.102,0.005,0.004,-0.009,0.001,0.131,-0.028,0.07,-0.006
11100308,Zingster Straße West ,2999.0,0.352,0.008,0.01,1.88,0.02,-0.004,0.095,-0.004,0.002,-0.002,0.012,0.178,-0.023,0.084,-0.014
11100309,Mühlengrund ,3227.0,0.369,0.021,0.008,1.73,0.03,-0.014,0.17,0.006,0.012,-0.021,0.014,0.105,-0.003,0.055,-0.0
11200410,Malchower Weg ,3745.0,0.352,0.007,0.019,2.08,0.01,-0.011,0.145,0.002,0.008,-0.004,-0.001,0.119,-0.01,0.068,-0.002
11200411,Hauptstraße ,3436.0,0.327,-0.007,0.012,1.82,-0.01,0.006,0.167,0.031,-0.015,-0.01,0.01,0.111,-0.008,0.075,0.003
11200512,Orankesee ,4534.0,0.299,0.01,0.029,1.96,-0.03,0.01,0.185,-0.002,0.044,0.034,0.006,0.052,-0.008,0.061,-0.01
11200513,Große-Leege-Straße ,3851.0,0.45,0.002,-0.002,1.68,0.0,-0.004,0.178,-0.039,-0.006,-0.011,-0.002,0.113,-0.009,0.056,-0.007
11200514,Landsberger Allee ,3411.0,0.364,0.008,0.022,1.85,0.0,0.0,0.169,0.039,0.045,0.024,-0.004,0.113,-0.02,0.071,-0.004
11200515,Weiße Taube ,3993.0,0.429,0.073,0.002,2.04,0.02,0.008,0.181,0.052,0.038,0.013,0.007,0.029,0.003,0.032,-0.005
11300616,Hohenschönhauser Straße ,3316.0,0.411,0.03,0.011,1.63,-0.01,-0.005,0.166,0.049,0.017,0.016,0.012,0.139,-0.022,0.061,-0.001
11300617,Fennpfuhlpark ,3367.0,0.35,0.025,0.014,1.68,0.01,-0.012,0.114,-0.007,0.013,0.005,0.012,0.115,0.005,0.057,-0.002
11300618,Storkower Bogen ,3712.0,0.465,0.009,0.012,1.57,0.01,-0.011,0.177,0.005,0.019,0.009,0.001,0.08,-0.008,0.05,-0.007
11300619,Rudolf-Seiffert-Park ,3552.0,0.462,0.041,0.002,1.74,0.01,0.003,0.229,0.068,-0.01,0.006,-0.002,0.06,-0.021,0.037,-0.003
11300620,Fennpfuhl Ost ,3251.0,0.41,0.018,0.018,1.69,-0.01,0.003,0.143,0.014,0.007,0.012,-0.002,0.105,-0.017,0.052,-0.004
11300721,Herzbergstraße ,3051.0,0.581,0.028,-0.095,1.75,0.18,-0.045,0.338,-0.173,0.013,0.04,0.007,0.122,0.028,0.031,0.008
11300722,Rathaus Lichtenberg ,4016.0,0.464,-0.023,0.022,1.65,-0.02,0.007,0.153,-0.018,0.015,-0.017,0.002,0.066,-0.01,0.048,-0.007
11300723,Bornitzstraße ,3943.0,0.464,-0.048,-0.076,2.22,0.25,-0.074,0.429,0.09,-0.027,0.031,0.041,0.151,0.077,0.055,0.031
11300724,Roedeliusplatz ,3718.0,0.49,-0.014,-0.0,1.59,0.04,-0.009,0.16,0.001,-0.007,-0.016,0.004,0.09,-0.013,0.056,-0.006
11300725,Nibelungenviertel ,3864.0,0.478,-0.02,-0.002,1.68,0.02,-0.003,0.175,-0.006,0.017,0.008,0.009,0.09,-0.003,0.055,-0.003
11300826,Frankfurter Allee Süd ,3432.0,0.431,0.03,0.005,1.83,0.02,-0.001,0.136,0.013,0.001,0.003,0.003,0.117,-0.005,0.053,-0.006
11400927,Victoriastadt ,4710.0,0.463,-0.051,0.001,1.76,-0.03,0.02,0.148,0.013,-0.008,0.008,-0.001,0.046,-0.017,0.058,-0.007
11400928,Nöldnerplatz ,4773.0,0.566,0.017,-0.012,1.83,0.05,-0.004,0.269,0.095,0.019,0.021,-0.005,0.044,-0.02,0.042,-0.009
11400929,Weitlingkiez ,3850.0,0.537,-0.026,0.004,1.58,0.0,0.001,0.167,0.013,-0.001,-0.001,0.001,0.092,-0.009,0.055,-0.005
11400930,Zachertstraße ,3948.0,0.488,-0.005,0.011,1.51,0.02,-0.007,0.152,0.021,-0.002,-0.014,0.003,0.037,-0.013,0.036,-0.005
11400931,Massower Straße ,3551.0,0.404,0.01,0.021,1.69,-0.02,0.011,0.164,0.018,0.006,0.017,0.005,0.099,-0.02,0.045,-0.007
11401032,Rosenfelder Ring ,3521.0,0.494,0.004,0.024,1.63,-0.01,-0.004,0.203,0.008,0.004,-0.019,-0.011,0.095,-0.029,0.04,0.0
11401033,Gensinger Straße ,3486.0,0.422,0.006,0.022,1.89,-0.03,0.012,0.129,0.0,-0.004,-0.006,0.007,0.118,-0.02,0.058,-0.01
11401034,Tierpark ,3369.0,0.391,-0.021,0.006,1.74,0.01,-0.005,0.135,-0.046,0.019,-0.03,0.003,0.118,-0.014,0.055,-0.002
11401135,Dolgenseestraße ,3516.0,0.39,0.018,0.032,1.85,0.0,-0.004,0.134,-0.022,0.022,-0.034,-0.005,0.125,-0.01,0.061,-0.002
11401136,Volkradstraße ,3468.0,0.431,0.034,0.008,1.51,0.01,-0.008,0.168,0.015,0.007,0.006,0.005,0.069,-0.002,0.042,0.001
11401137,Erieseering ,3362.0,0.406,0.042,0.019,1.82,-0.03,0.004,0.141,0.044,0.008,0.005,0.003,0.122,-0.018,0.059,-0.005
11501238,Rummelsburg ,5096.0,0.445,0.041,0.001,2.11,-0.02,0.028,0.138,0.016,-0.003,-0.009,-0.006,0.045,-0.021,0.054,-0.008
11501339,Karlshorst West ,4244.0,0.436,-0.026,0.011,1.83,-0.01,0.001,0.148,-0.006,0.009,0.004,0.011,0.061,0.014,0.065,-0.0
11501340,Karlshorst Nord ,4630.0,0.316,-0.002,0.013,1.97,0.01,0.013,0.119,0.008,0.002,-0.013,0.006,0.052,0.018,0.049,-0.009
11501341,Karlshorst Süd ,5154.0,0.416,0.061,-0.056,2.21,0.12,-0.032,0.121,-0.009,0.002,0.027,0.007,0.049,0.026,0.052,-0.004
12100101,Letteplatz,3389.0,0.451,0.019,0.016,1.76,-0.02,0.011,0.158,0.005,-0.01,-0.007,-0.007,0.187,-0.015,0.053,-0.008
12100102,Hausotterplatz,3366.0,0.429,0.013,0.009,1.78,-0.03,0.014,0.162,0.016,-0.007,0.007,-0.004,0.184,-0.024,0.05,-0.007
12100103,Breitkopfbecken,3439.0,0.427,0.026,0.011,1.6,-0.01,0.005,0.148,0.008,0.002,0.014,-0.01,0.158,-0.027,0.042,-0.005
12100204,Schäfersee,3440.0,0.441,0.046,-0.002,1.67,0.0,-0.004,0.175,0.03,-0.009,-0.0,-0.01,0.151,-0.025,0.046,-0.006
12100205,Teichstraße,3430.0,0.41,0.012,0.009,1.76,0.0,0.0,0.153,0.006,0.006,0.012,-0.003,0.169,0.002,0.056,-0.005
12100206,Humboldtstraße,3537.0,0.388,0.03,0.004,1.62,0.02,-0.007,0.138,0.013,0.003,0.005,-0.007,0.108,-0.005,0.047,-0.005
12200307,Reinickes Hof,3313.0,0.398,0.03,0.006,1.62,0.01,-0.007,0.205,0.042,-0.023,-0.01,-0.002,0.152,-0.0,0.052,0.005
12200308,Meller Bogen,3455.0,0.37,0.023,0.019,1.74,-0.01,-0.001,0.162,0.05,0.009,0.002,-0.012,0.126,-0.007,0.035,-0.005
12200309,Scharnweberstraße,3350.0,0.44,0.018,0.01,1.73,-0.02,0.005,0.197,0.039,-0.005,-0.016,-0.012,0.2,-0.015,0.051,-0.004
12200310,Klixstraße,3176.0,0.416,0.022,0.019,1.89,-0.04,0.009,0.139,-0.003,0.002,0.013,-0.01,0.25,-0.015,0.063,-0.007
12200411,Schumacher-Quartier,,0.365,0.006,-0.025,1.89,0.07,0.012,0.191,0.071,-0.037,0.003,,,,0.013,-0.033
12200412,Waldidyll/Flughafensee,,0.357,0.008,0.023,1.92,-0.02,0.005,0.169,0.044,-0.001,0.007,0.007,0.073,0.001,0.036,-0.003
12200413,Tegel Süd,3902.0,0.356,0.013,0.007,1.77,-0.02,0.001,0.149,0.029,-0.012,-0.018,-0.007,0.182,-0.014,0.071,-0.002
12200414,TXL,,0.4,0.126,-0.087,2.09,0.09,0.034,2.792,2.71,-1.627,-1.638,0.003,0.077,-0.02,0.013,-0.021
12200515,Alt-Tegel,4145.0,0.335,0.022,0.003,1.7,0.01,-0.003,0.156,0.033,0.025,0.011,-0.002,0.065,-0.004,0.036,0.001
12400616,Konradshöhe/ Tegelort,5013.0,0.224,0.018,0.002,2.0,0.02,-0.014,0.117,0.025,0.013,0.005,0.005,0.035,0.01,0.047,0.004
12400617,Alt-Heiligensee,4801.0,0.22,0.002,0.012,2.11,-0.02,0.004,0.079,0.008,0.006,0.003,-0.002,0.016,-0.007,0.036,-0.003
12400618,Heiligensee Nord,4221.0,0.261,0.012,0.031,2.04,-0.03,-0.01,0.095,0.0,0.005,-0.014,0.006,0.035,0.001,0.05,0.004
12400619,Heiligensee,4739.0,0.244,0.005,0.019,2.02,-0.02,-0.0,0.108,0.023,0.006,0.005,0.001,0.044,0.01,0.037,0.001
12400720,Frohnau West,5328.0,0.217,0.011,0.014,2.02,-0.03,0.007,0.099,0.029,0.004,-0.002,-0.003,0.023,0.0,0.038,0.005
12400721,Frohnau Ost,5693.0,0.218,0.004,0.033,2.07,-0.05,0.011,0.089,0.006,0.004,-0.004,0.001,0.035,0.007,0.036,-0.005
12400722,Hermsdorf West,4917.0,0.237,0.01,0.031,1.95,-0.04,0.01,0.094,0.014,-0.002,-0.005,-0.001,0.031,0.003,0.036,-0.0
12400723,Hermsdorf Ost/ Waldsee,4739.0,0.249,0.015,0.014,1.98,-0.01,0.003,0.098,0.018,0.013,0.002,0.001,0.031,0.001,0.033,-0.006
12500824,Ziekowstraße/Freie Scholle,3804.0,0.309,0.014,0.012,1.65,0.0,-0.002,0.109,0.013,0.011,0.004,0.001,0.068,0.001,0.043,-0.005
12500825,Borsigwalde,3720.0,0.393,0.022,0.001,1.62,0.02,-0.001,0.175,0.036,-0.005,0.003,-0.004,0.1,-0.001,0.043,-0.006
12500926,Wittenau Mitte,3619.0,0.328,0.011,0.021,1.63,0.0,-0.01,0.149,0.001,0.021,-0.007,-0.007,0.099,-0.005,0.038,-0.0
12500927,Wittenau Nord,4226.0,0.306,0.026,0.01,1.92,0.01,-0.011,0.145,0.036,0.028,0.017,-0.005,0.07,-0.001,0.037,-0.002
12500928,Waidmannslust,4198.0,0.298,0.01,0.008,1.91,0.01,-0.001,0.132,0.031,0.015,0.008,-0.005,0.047,-0.004,0.043,-0.004
12500929,Lübars,4289.0,0.247,0.002,0.038,2.09,-0.06,0.004,0.098,0.031,-0.001,-0.008,0.0,0.027,0.003,0.037,-0.005
12500930,Wittenau Süd,3506.0,0.368,0.011,0.021,1.71,-0.01,-0.002,0.664,-0.117,-0.492,0.129,-0.004,0.105,-0.004,0.043,-0.001
12601031,Lübarser Straße,3862.0,0.291,0.035,-0.004,1.81,0.01,-0.005,0.144,0.048,0.024,0.039,0.011,0.089,0.011,0.03,0.003
12601032,Rollbergesiedlung,3148.0,0.364,0.02,-0.011,2.25,0.04,-0.017,0.133,0.019,0.023,0.014,-0.005,0.284,-0.041,0.094,0.001
12601133,Treuenbrietzener Straße,2973.0,0.354,0.011,0.021,2.21,-0.04,0.01,0.092,0.005,0.01,0.016,-0.018,0.231,-0.052,0.091,-0.011
12601134,Märkisches Zentrum,3151.0,0.349,0.026,0.009,2.2,0.01,-0.002,0.107,0.01,0.002,-0.009,-0.004,0.219,-0.012,0.076,-0.007
12601235,Dannenwalder Weg,3061.0,0.366,0.02,0.025,2.29,-0.07,0.02,0.097,0.002,-0.002,-0.0,-0.013,0.244,-0.03,0.075,-0.024
12601236,Schorfheidestraße,3776.0,0.314,0.007,0.011,2.06,-0.01,-0.004,0.118,0.03,0.003,-0.002,-0.002,0.061,-0.01,0.039,0.001
