plr_id,cluster_3k,cluster_4k
01100101,2,1
01100102,2,1
01100103,2,1
01100104,2,1
01100205,2,1
01100206,2,1
01100207,2,1
01100308,2,1
01100309,2,1
01100310,2,1
01100311,2,1
01100312,2,1
01100313,2,1
01100414,2,1
01100415,2,1
01100416,2,1
01200517,2,3
01200518,2,3
01200519,2,3
01200520,2,3
01200521,2,3
01200522,2,3
01200623,2,3
01200624,2,1
01200625,2,3
01200626,2,1
01200627,1,2
01200628,2,1
01200629,2,3
01300730,2,3
01300731,2,3
01300732,2,3
01300733,2,3
01300834,1,2
01300835,1,2
01300836,2,3
01400937,2,3
01400938,2,3
01400939,2,3
01400940,1,2
01400941,1,3
01400942,2,3
01401043,2,3
01401044,2,3
01401045,2,3
01401046,2,3
01401047,2,3
01401048,2,3
01401049,2,3
02100101,2,1
02100102,2,3
02100103,2,3
02100104,2,3
02100105,2,3
02100106,2,3
02200207,2,1
02200208,2,3
02200209,2,1
02200210,2,3
02200211,2,3
02200212,2,3
02200213,2,3
02300314,2,3
02300315,2,3
02300316,2,3
02300417,2,3
02300418,2,3
02300419,2,3
02400520,1,2
02400521,2,1
02400522,2,3
02400623,2,1
02400624,2,3
02400625,2,1
02500726,2,3
02500727,2,3
02500728,2,3
02500729,2,3
02500830,2,3
02500831,2,3
02500832,2,3
02500833,2,3
02500834,2,3
02500835,2,1
02500836,0,0
03100101,0,0
03100102,0,0
03100103,1,2
03200204,0,0
03200205,0,0
03200206,0,0
03200207,0,0
03200308,0,0
03200309,0,0
03200310,0,0
03300411,1,2
03300412,0,0
03300514,0,0
03300516,0,0
03400618,0,0
03400619,0,0
03400620,0,0
03400721,2,3
03400722,0,0
03400723,2,3
03400724,1,2
03400725,0,0
03400826,2,3
03400827,2,3
03400828,2,1
03400829,0,0
03400830,1,2
03500932,1,2
03500933,2,1
03500934,2,3
03500935,2,3
03500936,2,3
03501037,0,0
03501038,0,0
03601139,2,3
03601140,2,3
03601141,2,1
03601142,2,3
03601243,2,3
03601244,2,3
03601245,2,3
03601346,2,3
03601347,2,3
03601348,2,3
03601449,1,2
03601450,0,1
03601451,2,3
03601452,2,3
03601453,0,0
03701554,2,3
03701555,2,3
03701556,2,3
03701657,2,1
03701658,2,3
03701659,2,3
03701660,2,3
04100101,1,2
04100102,1,2
04200203,0,0
04200204,0,0
04200205,0,0
04200206,0,0
04200308,2,1
04200309,0,1
04200310,2,1
04200311,2,3
04300412,2,1
04300413,2,3
04300414,2,1
04300415,2,1
04300416,2,1
04300517,2,1
04300518,2,1
04300619,2,1
04300620,2,1
04300621,2,1
04300622,2,1
04300623,2,1
04300624,2,1
04400726,0,1
04400727,2,1
04400728,0,0
04400729,0,0
04400830,0,1
04400831,0,0
04400832,2,1
04400833,0,0
04400834,2,1
04400835,2,3
04500936,2,1
04500937,2,1
04500938,2,1
04500939,2,1
04501040,2,1
04501041,2,1
04501042,2,1
04501043,2,1
04501044,2,1
04501045,2,1
04501146,2,1
04501147,2,3
04501148,2,1
04501149,2,1
04501150,2,1
04501151,2,3
04501152,2,1
04501153,2,1
05100101,0,0
05100102,1,2
05100103,0,0
05100104,1,2
05100105,0,0
05100206,1,2
05100207,0,0
05100208,1,2
05100209,1,2
05100210,1,2
05100211,1,2
05100312,1,2
05100313,1,1
05100314,1,3
05100315,1,2
05100316,1,2
05100317,0,0
05200418,0,0
05200420,0,0
05200421,1,2
05200422,0,0
05200423,1,2
05200524,0,0
05200525,0,0
05200526,1,2
05200527,1,2
05200528,0,0
05200629,0,0
05200630,1,2
05200631,1,2
05200632,1,2
05200633,1,2
05200634,0,0
05300735,0,0
05300736,1,2
05300737,1,2
05300839,1,2
05300840,0,0
05300841,2,3
05400942,0,0
05400943,0,0
05400944,0,0
05400945,0,0
06100101,0,0
06100102,2,1
06100103,2,1
06100204,1,2
06100205,2,3
06100206,1,2
06100207,2,3
06100208,2,3
06100209,2,3
06100210,1,3
06200311,0,0
06200312,0,0
06200313,1,2
06200314,1,2
06200315,1,2
06200316,1,2
06200317,0,0
06200419,1,2
06200420,0,0
06200421,0,0
06200422,0,0
06200423,0,0
06300524,0,0
06300525,1,2
06300526,0,1
06300527,0,0
06300528,0,0
06300629,2,3
06300630,2,3
06300631,0,0
06300632,0,0
06300633,0,0
06300634,0,0
06400735,0,0
06400736,0,0
06400737,0,0
06400838,0,0
06400839,0,0
06400840,0,0
06400841,0,0
06400842,0,0
06400843,0,0
06400844,0,1
07100101,2,1
07100102,2,1
07100103,2,3
07100204,2,1
07100205,2,3
07100206,2,3
07200307,2,3
07200308,2,3
07200409,2,3
07200410,2,3
07200411,2,3
07200412,2,1
07200413,2,1
07200414,2,3
07300515,2,3
07300516,2,3
07300517,2,1
07300618,2,3
07300619,2,3
07400720,1,3
07400721,0,0
07400822,2,1
07400823,1,2
07400824,2,3
07400825,2,3
07400826,1,2
07400927,2,1
07400928,1,2
07501029,1,2
07501030,2,3
07501031,1,2
07501032,1,2
07501133,1,2
07501134,0,0
07501135,0,0
07601236,1,2
07601237,0,0
07601238,0,0
07601339,1,2
07601340,1,2
07601341,0,0
07601442,0,0
07601443,0,0
07601544,1,2
07601545,1,2
07601546,0,0
07601547,0,0
07601548,0,0
08100101,2,3
08100102,2,3
08100103,2,3
08100104,2,3
08100105,2,3
08100206,2,3
08100207,2,3
08100208,2,3
08100209,2,3
08100310,2,3
08100311,2,3
08100312,2,3
08100313,2,3
08100314,2,3
08100415,2,3
08100416,2,3
08100417,2,3
08100418,2,3
08100419,2,3
08100520,1,2
08100521,1,2
08200622,2,3
08200623,1,2
08200624,1,2
08200725,0,0
08200726,0,0
08200727,1,2
08200730,1,2
08200831,1,2
08200832,1,2
08200833,1,2
08300934,1,2
08300935,1,2
08301036,1,2
08301037,1,2
08401138,1,2
08401139,0,0
08401140,0,0
08401241,0,0
08401242,0,0
08401243,0,0
08401244,0,0
08401245,1,2
08401246,0,0
09100101,2,1
09100202,2,3
09100203,1,2
09100304,1,2
09100305,1,3
09100407,0,0
09100408,1,2
09100409,0,0
09200510,2,3
09200511,1,3
09200512,2,3
09200613,2,1
09200614,1,2
09200715,0,1
09200716,1,2
09200717,1,2
09200818,1,2
09200819,1,2
09300920,0,0
09300921,0,0
09300922,1,2
09300923,1,2
09301024,0,0
09301025,0,0
09301126,0,0
09301227,0,0
09301228,0,0
09401329,0,0
09401330,0,0
09401431,0,2
09401432,0,0
09401433,1,2
09401534,1,2
09401635,0,0
09501736,0,0
09501737,0,0
09501838,0,0
09501939,2,1
09501940,2,3
09501941,0,0
09502042,0,0
09502043,0,0
10100101,1,2
10100102,1,2
10100103,1,2
10100104,1,2
10100206,1,2
10100207,1,2
10100208,1,2
10100209,1,2
10100210,1,2
10100311,0,1
10100312,1,2
10100313,0,0
10100314,1,2
10100315,1,2
10100316,1,2
10200417,1,2
10200418,1,2
10200419,1,2
10200420,1,2
10200421,1,2
10200422,1,2
10200423,1,2
10200524,1,2
10200525,1,2
10200526,1,2
10200627,1,2
10200628,1,2
10200629,1,2
10200630,1,2
10300731,0,0
10300732,0,0
10300733,0,0
10300734,0,0
10400835,0,0
10400836,0,0
10400837,0,0
10400938,0,0
10400939,0,0
10400940,0,0
10400941,0,0
11100101,0,0
11100102,0,0
11100203,1,2
11100204,1,2
11100205,1,2
11100206,1,2
11100307,1,2
11100308,1,2
11100309,1,2
11200410,0,0
11200411,0,0
11200512,0,0
11200513,1,2
11200514,1,2
11200515,0,0
11300616,1,2
11300617,1,2
11300618,1,2
11300619,1,2
11300620,1,2
11300721,0,1
11300722,0,0
11300723,0,0
11300724,1,2
11300725,2,3
11300826,1,2
11400927,2,3
11400928,2,3
11400929,2,3
11400930,1,2
11400931,1,2
11401032,2,3
11401033,1,2
11401034,1,2
11401135,1,2
11401136,1,2
11401137,1,2
11501238,0,1
11501339,0,0
11501340,0,0
11501341,0,1
12100101,1,2
12100102,1,3
12100103,1,2
12100204,2,3
12100205,1,2
12100206,1,2
12200307,0,0
12200308,1,2
12200309,1,3
12200310,1,2
12200412,0,0
12200413,1,2
12200515,2,1
12400616,0,0
12400617,0,0
12400618,0,0
12400619,0,0
12400720,0,0
12400721,0,0
12400722,0,0
12400723,0,0
12500824,1,2
12500825,0,1
12500926,0,0
12500927,0,0
12500928,0,0
12500929,0,0
12500930,1,2
12601031,0,0
12601032,1,2
12601133,1,2
12601134,1,2
12601235,1,2
12601236,0,0
