plr_id,plr_name,fallzahl_2021,fallzahl_2022,fallzahl_2023,fallzahl_2024,fallzahl_2025,median_2021,median_2022,median_2023,median_2024,median_2025,bez,miete_niveau,miete_trend,fallzahl_mittel,miete_unsicher,miete_niveau_vs_bez,miete_niveau_vs_berlin,miete_trend_vs_bez,miete_trend_vs_berlin
01100101,Stülerstraße,30,14,11,20,44,15.0,16.79,16.67,22.81,22.7,01,22.7,2.1419999999997774,23.8,0,1.0204778836190265,1.650489245996708,1.2247126699417143,1.3805852237450402
01100102,Großer Tiergarten,111,41,28,45,67,17.15,17.7,21.98,21.99,20.3,01,20.3,1.0589999999998652,58.4,0,0.48354482676716204,1.1234955866194543,-0.3910129155528551,-0.1022954924337375
01100103,Lützowstraße,65,65,32,57,72,15.0,24.0,20.73,21.56,23.0,01,23.0,1.3559999999999837,58.2,0,1.0875945157255098,1.7163634534188648,0.05208080456913701,0.30436708624152414
01100104,Körnerstraße,21,57,39,39,43,15.0,22.62,22.0,22.96,26.21,01,26.21,2.2759999999998493,39.8,0,1.805742479264879,2.4212174728359424,1.4246270083132804,1.564062616144005
01100205,Wilhelmstraße,45,49,67,84,77,19.0,22.57,25.48,24.24,26.08,01,26.08,1.5829999999998554,64.4,0,1.776658605352069,2.392671982953007,0.390741661362387,0.6151832659021148
01100206,Unter den Linden,45,18,34,52,38,12.62,17.5,16.5,25.17,22.34,01,22.34,2.7109999999997534,37.4,0,0.9399379250912469,1.57144019709012,2.073602658996604,2.159679524304373
01100207,Leipziger Straße,94,69,75,104,82,16.0,18.61,20.95,21.0,20.13,01,20.13,1.0649999999999011,84.8,0,0.4455120685734879,1.0861668690802317,-0.38206152726751225,-0.09408008680388827
01100308,Charitéviertel,119,63,82,99,97,16.0,18.03,19.4,20.0,20.0,01,20.0,0.9969999999999072,92.0,0,0.41642819466067876,1.0576213791972973,-0.4835105945007808,-0.18718801727494652
01100309,Oranienburger Straße,152,111,91,180,153,19.0,19.85,24.6,29.43,25.0,01,25.0,2.1579999999997375,137.4,0,1.5350387297687302,2.1555248362332433,1.248583038702426,1.4024929720911188
01100310,Alexanderplatzviertel,133,79,75,103,115,19.85,18.62,19.45,18.85,19.31,01,19.31,-0.08500000000000905,101.0,0,0.2620599408157674,0.9061107021263365,-2.097744281947808,-1.6686994991820965
01100311,Karl-Marx-Allee,35,38,22,31,59,13.2,10.02,20.96,18.07,20.05,01,20.05,2.1749999999996623,37.0,0,0.42761430001175943,1.068600413767657,1.2739453055106331,1.4257699547087825
01100312,Heine-Viertel West,210,100,105,125,127,21.61,23.46,23.61,24.12,23.52,01,23.52,0.44799999999997314,133.4,0,1.203930011376747,1.8305454129506031,-1.302562622604644,-0.9388976324015552
01100313,Heine-Viertel Ost,67,36,30,58,66,18.49,19.05,21.06,21.88,22.0,01,22.0,0.9849999999998877,51.4,0,0.8638724087038994,1.4967827620116756,-0.5014133710713882,-0.2036188285345731
01100414,Nordbahnhof,117,68,62,76,116,17.19,16.8,19.92,20.25,20.62,01,20.62,1.0309999999998622,87.8,0,0.5551359010140774,1.1937614078697547,-0.43278606088420907,-0.14063405203947477
01100415,Invalidenstraße,101,65,76,96,92,20.0,18.72,23.3,24.62,24.18,01,24.18,1.4259999999997994,86.0,0,1.3515866020110099,1.975468669279348,0.15651366789723614,0.40021348525560513
01100416,Arkonaplatz,70,60,54,107,118,14.29,18.56,23.0,23.18,22.81,01,22.81,2.165999999999789,81.8,0,1.0450873153914035,1.6746431220514986,1.2605182230828884,1.413446846264256
01200517,Huttenkiez,33,45,21,36,46,14.0,14.0,13.79,17.77,15.15,01,15.15,0.6069999999999286,36.2,0,-0.6686240243941312,-0.007344974127570132,-1.0653508330445467,-0.7211893832119164
01200518,Beusselkiez,69,36,39,54,55,13.05,11.71,15.11,19.44,15.71,01,15.71,1.304999999999812,50.6,0,-0.5433396444620292,0.11562021306045592,-0.024005995856077152,0.23453613838798934
01200519,Emdener Straße,65,83,29,51,70,10.0,18.05,15.0,15.79,18.01,01,18.01,1.375999999999967,59.6,0,-0.028778798312325382,0.6206558032969912,0.08191876552007618,0.33175177167416803
01200520,Bremer Straße,69,54,35,64,61,11.0,12.19,15.25,17.08,17.0,01,17.0,1.6889999999998084,56.6,0,-0.25473812640415217,0.39887930497572976,0.5488828544024261,0.7603220986951836
01200521,Zwinglistraße,32,19,21,15,21,10.22,12.5,10.0,13.75,13.93,01,13.93,0.8669999999999425,21.6,0,-0.9415649949604958,-0.27523341764434106,-0.6774573406819941,-0.36518847258723125
01200522,Elberfelder Straße,39,12,22,45,46,11.61,10.44,16.0,17.65,18.0,01,18.0,1.9989999999997303,32.8,0,-0.031016019382541834,0.6184599963829189,1.0113712491422515,1.1847847229014095
01200623,Stephankiez,98,49,43,74,75,13.96,12.25,18.0,17.19,18.0,01,18.0,1.301999999999803,67.8,0,-0.031016019382541834,0.6184599963829189,-0.028481689998735172,0.23042843557307702
01200624,Heidestraße,194,136,156,265,330,18.23,21.55,22.48,23.5,23.01,01,23.01,1.1509999999999097,216.2,0,1.0898317367957262,1.7185592603329372,-0.25375829517835435,0.023674060556589896
01200625,Lübecker Straße,28,6,10,25,25,9.18,6.43,8.94,12.38,13.33,01,13.33,1.4249999999997895,18.8,1,-1.075798259173462,-0.4069818324886545,0.1550217698496732,0.39884425098395826
01200626,Thomasiusstraße,26,24,22,24,23,11.93,17.7,17.64,15.0,19.48,01,19.48,1.2399999999999438,23.8,0,0.3000926990094415,0.943439419665559,-0.12097936894651361,0.14553591073200317
01200627,Zillesiedlung,7,15,4,12,9,7.0,6.87,9.09,6.75,7.11,01,7.11,0.009999999999988136,9.4,1,-2.4673497648478784,-1.7727737330413709,-1.956013967430733,-1.5386222433769337
01200628,Lüneburger Straße,12,15,13,26,28,11.11,16.59,21.41,21.74,18.87,01,18.87,2.066999999999812,18.8,1,0.16362221372625935,0.8094951979071737,1.1128203163756507,1.2778926533725876
01200629,Hansaviertel,59,24,25,33,34,18.02,15.0,15.51,17.5,17.0,01,17.0,0.04599999999995145,35.0,0,-0.25473812640415217,0.39887930497572976,-1.9023056377190528,-1.4893298095981842
01300730,Drontheimer Straße,62,39,25,33,55,8.4,13.05,11.0,15.43,12.0,01,12.0,0.9579999999999569,42.8,0,-1.3733486615122037,-0.6990241520602161,-0.5416946183550865,-0.24058815386857837
01300731,Koloniestraße,73,45,48,85,145,11.0,12.84,11.62,15.29,16.5,01,16.5,1.3449999999998772,79.2,0,-0.3665991799149573,0.2890889592721352,0.03566992604594795,0.28930550925341175
01300732,Soldiner Straße,68,64,43,36,51,9.6,11.58,13.26,15.99,15.0,01,15.0,1.520999999999843,52.4,0,-0.7021823404473727,-0.04028207783864859,0.29824398241438,0.5302907410608312
01300733,Gesundbrunnen,61,35,45,47,52,9.68,10.3,12.51,12.0,16.55,01,16.55,1.5439999999998282,48.0,0,-0.3554130745638766,0.3000679938424948,0.3325576375079666,0.5617831293083776
01300834,Brunnenstraße,92,70,49,49,89,8.4,7.58,7.52,8.6,9.36,01,9.36,0.2939999999999566,69.8,0,-1.963975024049255,-1.2787171773751957,-1.5323149219270917,-1.149759710233111
01300835,Humboldthain Süd,36,38,8,48,24,6.69,6.85,6.86,9.38,7.76,01,7.76,0.4669999999999464,30.8,0,-2.3219303952838315,-1.6300462836266982,-1.2742165597012682,-0.9128821812405585
01300836,Humboldthain Nordwest,117,72,46,98,132,12.4,12.59,15.27,21.69,19.0,01,19.0,2.229999999999729,93.0,0,0.19270608763906846,0.8380406877901081,1.3559996981258837,1.5010778396487072
01400937,Afrikanische Straße,72,100,46,52,87,9.65,15.0,13.2,15.0,16.86,01,16.86,1.4419999999999171,71.4,0,-0.2860592213871777,0.36813800817872316,0.18038403665818292,0.42212123360189957
01400938,Kameruner Straße,82,49,24,40,58,12.0,13.02,13.98,14.17,15.0,01,15.0,0.7149999999999287,50.6,0,-0.7021823404473727,-0.04028207783864859,-0.904225843909341,-0.5733120818755165
01400939,Glasgower Straße,52,36,20,36,50,9.85,8.31,9.26,8.76,17.5,01,17.5,1.5749999999998063,38.8,0,-0.14287707289334697,0.5086696506793243,0.3788064769819282,0.6042293917289809
01400940,Schillerpark,67,55,34,25,88,7.22,7.19,6.93,8.7,9.78,01,9.78,0.6629999999999264,53.8,0,-1.8700117391001787,-1.1864932869841762,-0.9818045423818508,-0.6445122640004528
01400941,Londoner Straße,13,15,16,20,19,12.0,11.5,16.0,17.67,17.5,01,17.5,1.7169999999997765,16.6,1,-0.14287707289334697,0.5086696506793243,0.5906559997337281,0.7986606583008731
01400942,Westliche Müllerstraße,78,62,44,63,64,11.13,11.24,11.41,14.15,14.26,01,14.26,0.9169999999998955,62.2,0,-0.8677366996433644,-0.20277178947996863,-0.6028624383046542,-0.29672675900562906
01401043,Antonstraße,20,20,12,14,29,8.13,9.04,11.49,18.0,17.0,01,17.0,2.6699999999996926,19.0,1,-0.25473812640415217,0.39887930497572976,2.0124348390470375,2.103540919167323
01401044,Uferstraße,59,31,35,55,69,11.09,10.44,14.86,14.41,14.55,01,14.55,1.088999999999848,49.8,0,-0.8028572886070973,-0.13909338897188356,-0.3462559741264346,-0.061218464284760944
01401045,Schwedenstraße,40,22,15,33,28,10.0,10.12,12.62,15.9,14.25,01,14.25,1.4279999999998243,27.6,0,-0.8699739207135805,-0.20496759639404047,0.15949746399236964,0.4029519537989058
01401046,Nordufer,47,34,26,32,47,10.58,12.5,15.4,16.9,16.32,01,16.32,1.5879999999998295,37.2,0,-0.4068691591788471,0.2495644348188412,0.39820115160008945,0.6220294372602461
01401047,Sparrplatz,20,34,35,69,71,10.0,14.85,23.17,21.08,22.0,01,22.0,3.0229999999996817,45.8,0,0.8638724087038994,1.4967827620116756,2.5390748498315356,2.586880617053874
01401048,Leopoldplatz,76,50,35,53,76,11.06,10.93,11.65,15.0,17.01,01,17.01,1.5969999999998143,58.0,0,-0.2525009053339357,0.401075111889802,0.41162823402800053,0.6343525457049252
01401049,Schulstraße,57,26,34,38,61,7.69,7.37,7.24,7.6,10.86,01,10.86,0.6569999999999253,43.2,0,-1.6283918635168395,-0.9493461402644119,-0.9907559306671416,-0.6527276696302544
02100101,Askanischer Platz,57,40,37,60,95,15.85,16.56,19.0,20.12,16.5,02,16.5,0.485999999999939,57.8,0,-0.5705906449197278,0.2890889592721352,-1.1132173372004257,-0.8868667300795354
02100102,Mehringplatz,83,52,34,73,70,8.36,7.38,7.56,9.34,8.4,02,8.4,0.20399999999996196,62.4,0,-2.5389825630840335,-1.489514641126097,-1.4961644633223274,-1.2729907946801033
02100103,Am Berlin Museum,40,11,6,21,22,10.57,10.88,21.67,13.63,12.71,02,12.71,0.7029999999998758,20.0,1,-1.4916036535422856,-0.5431218611611116,-0.8185381656811517,-0.5897428931351889
02100104,Moritzplatz,17,8,4,9,17,10.92,8.09,15.96,15.25,11.2,02,11.2,0.7719999999998332,11.0,1,-1.85855078890378,-0.8746887051859676,-0.7248383369492473,-0.49526572839254746
02100105,Prinzenstraße,69,37,23,46,42,6.92,6.17,11.44,15.0,9.39,02,9.39,1.3769999999998004,43.4,0,-2.2984013286417295,-1.2721297566329797,0.09673262512081265,0.33312100594557315
02100106,Wassertorplatz,15,11,16,6,6,8.38,6.77,6.63,7.09,7.08,02,7.08,-0.22799999999999435,10.8,1,-2.859757542340439,-1.779361153783587,-2.0828068692962933,-1.8645000000256426
02200207,Gleisdreieck,34,42,29,34,29,17.5,19.0,21.97,20.13,24.67,02,24.67,1.546999999999836,33.6,0,1.414812067599085,2.083063208068871,0.3275872756198987,0.5658908321232884
02200208,Rathaus Yorckstraße,20,15,19,17,20,10.67,13.0,16.73,18.46,14.29,02,14.29,1.2699999999998635,18.2,1,-1.1076457238262856,-0.19618436873775308,-0.04857000784026066,0.1866129388808931
02200209,Viktoriapark,26,28,34,54,40,14.5,15.0,19.6,22.0,22.43,02,22.43,2.2859999999997243,36.4,0,0.8704666482548813,1.5912024593167668,1.331126021024387,1.5777549588601671
02200210,Urbanstraße,39,30,43,56,51,15.1,15.12,18.05,19.99,17.99,02,17.99,1.0649999999998616,43.8,0,-0.2085037365166645,0.6162641894688468,-0.32695355697145556,-0.09408008680394238
02200211,Chamissokiez,48,39,47,41,68,12.99,16.05,17.89,17.83,15.47,02,15.47,0.6739999999999529,48.6,0,-0.8208923332788924,0.06292084712273047,-0.8579192531191182,-0.62945068701245
02200212,Graefekiez Süd,27,20,17,15,26,12.5,15.25,22.0,19.01,17.89,02,17.89,1.4539999999998399,21.0,0,-0.2328048713088159,0.5943061203281282,0.20129620211160684,0.43855204486139376
02200213,Graefekiez Nord,39,27,28,16,47,13.64,14.13,18.97,17.79,21.27,02,21.27,1.891999999999773,31.4,0,0.5885734846659189,1.3364888572844276,0.7960864192796246,1.0382766558367014
02300314,Oranienplatz,13,13,8,22,20,6.4,9.04,11.43,15.8,14.04,02,14.04,2.2039999999997693,15.2,1,-1.1683985608066654,-0.25107954158955037,1.219772601371971,1.4654777485862955
02300315,Lausitzer Platz,25,15,16,28,39,11.28,13.51,16.88,11.67,15.0,02,15.0,0.5599999999999568,24.6,0,-0.9351076668020066,-0.04028207783864859,-1.0127276658067028,-0.7855433939786445
02300316,Köpenicker Straße,20,4,8,5,6,10.18,11.02,17.5,10.42,18.89,02,18.89,1.6819999999998023,8.6,1,0.010206476612703332,0.8138868117353174,0.5109130274867357,0.7507374587937419
02300417,Reichenberger Straße West,30,23,33,46,24,13.25,13.69,16.0,15.93,20.0,02,20.0,1.573999999999819,31.2,0,0.27994907280558956,1.0576213791972973,0.36425242599325225,0.6028601574573651
02300418,Reichenberger Straße Ost,33,21,23,34,44,17.0,16.0,18.31,20.06,21.31,02,21.31,1.2679999999998324,31.0,0,0.5982939385827795,1.345272084940715,-0.05128594490499744,0.18387447033758386
02300419,Wrangelkiez,36,15,23,31,47,12.36,15.0,15.0,18.75,18.39,02,18.39,1.580999999999854,30.4,0,-0.1112991973480563,0.7040964660317228,0.37375820571973073,0.6124447973588463
02400520,Barnimkiez,55,27,16,43,51,18.27,5.97,22.99,18.33,12.09,02,12.09,-2.480721284885418e-13,38.4,0,-1.6422706892536276,-0.6792618898335692,-1.7731900439214578,-1.5523145860935905
02400521,Friedenstraße,45,52,52,99,119,12.63,15.58,25.01,20.83,25.93,02,25.93,3.1849999999996395,73.4,0,1.7210063659801986,2.359734879241929,2.5519397316044765,2.8086965690584162
02400522,Richard-Sorge-Viertel,53,33,30,52,73,13.0,15.81,17.05,14.0,16.82,02,16.82,0.5829999999999713,48.2,0,-0.4928270135848416,0.3593547805224358,-0.9814943895626956,-0.7540510057310579
02400623,Andreasviertel,94,69,70,150,144,20.49,11.63,13.9,22.68,20.0,02,20.0,1.006999999999751,105.4,0,0.27994907280558956,1.0576213791972973,-0.40571573184774806,-0.17349567455882708
02400624,Weberwiese,37,37,36,47,51,11.25,12.22,18.32,18.29,21.69,02,21.69,2.694999999999681,41.6,0,0.6906382507929574,1.4287127476754473,1.8865351507543657,2.1377717759581403
02400625,Wriezener Bahnhof,33,35,41,44,43,18.0,27.08,26.8,25.91,26.0,02,26.0,1.4829999999999555,39.2,0,1.738017160334705,2.3751055276404323,0.24067728954983494,0.47825983873891864
02500726,Hausburgviertel,74,40,32,59,67,12.02,13.88,18.71,18.63,18.7,02,18.7,1.8109999999997966,54.4,0,-0.03596567949238563,0.7721664803679512,0.686090968159527,0.9273686798344337
02500727,Forckenbeckplatz,47,25,14,27,28,14.49,15.71,13.73,16.67,18.0,02,18.0,0.7979999999999358,28.2,0,-0.20607362303744894,0.6184599963829189,-0.6895311551080787,-0.4596656373299403
02500728,Samariterviertel,61,50,51,82,76,15.0,15.58,17.95,18.82,17.96,02,17.96,0.9159999999998913,64.0,0,-0.2157940769543095,0.6096767687266316,-0.5292908682911599,-0.29809599327726805
02500729,Pettenkofer Straße,32,18,20,28,48,13.2,16.36,20.75,21.13,21.73,02,21.73,2.182999999999775,29.2,0,0.700358704709818,1.4374959753317347,1.1912552621926862,1.4367238288820037
02500830,Niederbarnimstraße,33,14,29,22,26,15.48,14.94,15.0,18.26,18.5,02,18.5,0.9359999999998857,24.8,0,-0.08456794907668931,0.7282503420865135,-0.502131497644222,-0.2707113078446091
02500831,Wismarplatz,47,35,34,45,40,16.4,14.17,17.0,18.0,15.98,02,15.98,0.2989999999999208,40.2,0,-0.6969565458389178,0.1749069997403969,-1.3671574527493917,-1.1429135388749931
02500832,Traveplatz,101,80,58,78,95,16.98,18.0,17.88,20.0,21.06,02,21.06,1.0159999999999003,82.4,0,0.5375411016023997,1.2903769120889175,-0.39349401505641973,-0.1611725661139226
02500833,Boxhagener Platz,83,42,40,54,106,12.5,15.0,15.49,18.0,20.15,02,20.15,1.829999999999823,65.0,0,0.3164007749938171,1.0905584829083754,0.7118923702741614,0.9533841309955033
02500834,Revaler Straße,72,33,44,55,73,16.39,17.17,19.0,20.0,20.97,02,20.97,1.198999999999866,55.4,0,0.5156700802894629,1.2706146498622706,-0.14498577363691417,0.08939730559492996
02500835,Stralauer Kiez,70,52,69,89,92,14.8,15.48,20.59,21.68,21.83,02,21.83,2.0259999999997533,74.4,0,0.7246598395019693,1.459454044472453,0.9780542026141336,1.221754048235541
02500836,Stralauer Halbinsel,44,15,23,50,39,14.38,14.5,16.01,17.0,19.32,02,19.32,1.237999999999856,34.2,0,0.11470135621895654,0.9083065090404088,-0.09202500087538361,0.1427974421886164
03100101,Bucher Forst,61,48,27,45,44,10.32,11.12,13.89,15.5,15.5,03,15.5,1.4739999999998288,45.0,0,-0.4297234457479189,0.069508267864946,0.12349658856684671,0.4659367302940452
03100102,Klinikum Buch,41,45,30,41,43,8.57,7.47,9.15,12.59,9.78,03,9.78,0.7539999999998866,40.0,0,-2.026059650734385,-1.1864932869841762,-0.7992511608486089,-0.5199119452818741
03100103,Karower Chaussee,70,86,47,44,78,6.01,6.23,6.04,7.68,7.77,03,7.77,0.49699999999994676,65.0,0,-2.58700996052858,-1.6278504767126265,-1.1286208436260194,-0.8718051530915579
03200204,Blankenfelde,9,,,8,,12.18,,,14.14,,03,14.14,0.6533333333332444,8.5,1,-0.8092719140663791,-0.22912147244883116,-0.928264966553897,-0.6577481952929294
03200205,Uhlandstraße,40,37,37,35,54,9.94,11.13,13.99,14.93,13.7,03,13.7,1.1319999999998713,40.6,0,-0.9320670067576461,-0.32573697666799467,-0.3148085924054754,-0.0023413906044958705
03200206,Pastor-Niemöller-Platz,43,26,29,42,36,10.16,11.12,13.44,17.0,14.3,03,14.3,1.415999999999837,35.2,0,-0.7646191530877368,-0.19398856182368085,0.04916413097505061,0.3865211425393232
03200207,Herthaplatz,98,80,86,64,76,10.59,11.56,12.9,14.0,15.45,03,15.45,1.2159999999998696,80.8,0,-0.44367743355374484,0.05852923329458639,-0.2071546883069991,0.11267428821270163
03200308,Nisbléstraße,62,61,52,32,42,12.75,13.41,14.15,13.51,13.89,03,13.89,0.23799999999997923,49.8,0,-0.8790418530955079,-0.2840166453006284,-1.4605537145962864,-1.2264368294445465
03200309,Eddastraße,29,24,8,11,28,10.98,11.0,13.38,13.38,14.3,03,14.3,0.9019999999998874,20.0,1,-0.7646191530877368,-0.19398856182368085,-0.6095752345798601,-0.31726527308014
03200310,Krugpfuhl,82,69,57,52,67,10.31,10.71,10.58,13.11,14.79,03,14.79,1.1359999999998778,65.4,0,-0.6278700725906448,-0.0863940230341585,-0.3096822160198253,0.003135546482046277
03300411,Karow Nord,162,134,86,90,127,8.81,9.19,9.54,10.52,10.98,03,10.98,0.5669999999999393,119.8,0,-1.6911639433945667,-0.922996457295549,-1.038909256877297,-0.775958754077235
03300412,Karow Bahnhof,6,7,14,10,12,11.3,10.1,11.49,11.88,13.0,03,13.0,0.51799999999992,9.8,1,-1.1274228360392065,-0.47944346065302695,-1.1017073676014342,-0.8430512333872947
03300413,Karow Ost,,,,,,,,,,,03,,,,1,,,,
03300514,Blankenburg,10,3,4,7,4,9.54,9.54,13.64,14.1,10.53,03,10.53,0.6539999999999023,5.6,1,-1.8167498336469987,-1.0218077684287843,-0.9274105704896346,-0.6568353724451859
03300515,Blankenburger Süden,,,,,,,,,,,03,,,,1,,,,
03300516,Heinersdorf,48,86,77,226,197,10.81,15.58,21.33,16.71,16.91,03,16.91,1.3329999999998867,126.8,0,-0.03622098962363268,0.37911704274908276,-0.05720817902695361,0.2728746979938248
03300517,Märchenland,,,,,,,,,,,03,,,,1,,,,
03400618,Rosenthal,33,23,44,51,37,12.47,12.41,12.15,14.89,15.41,03,15.41,0.8359999999999055,37.6,0,-0.4548406237984052,0.04974600563829901,-0.6941604449429272,-0.4076347350079152
03400619,Wilhelmsruh,67,69,35,85,103,10.79,11.0,11.98,16.0,16.92,03,16.92,1.7259999999998024,71.8,0,-0.03343019206246709,0.381312849663155,0.44645830086224825,0.8109837667456086
03400620,Schönholz,7,4,7,8,8,12.65,12.75,16.67,13.69,12.73,03,12.73,0.10999999999997118,6.8,1,-1.2027743701906652,-0.5387302473329679,-1.6245977589368354,-1.4016988162136237
03400721,Florakiez,56,65,50,58,78,13.33,14.33,14.78,17.14,18.0,03,18.0,1.2149999999998735,61.4,0,0.26797594454336865,0.6184599963829189,-0.2084362824034046,0.11130505394107362
03400722,Parkstraße,26,16,9,23,25,14.26,11.74,11.49,14.65,14.65,03,14.65,0.3689999999999258,19.8,1,-0.6669412384469565,-0.11713531983116472,-1.292664887966585,-1.047067139860653
03400723,Garbátyplatz,44,45,23,30,46,11.83,11.38,17.0,15.54,17.72,03,17.72,1.5939999999997891,37.6,0,0.18983361283074413,0.5569774027889057,0.2772878801360509,0.6302448428899907
03400724,Wolfshagener Straße,26,26,32,49,39,9.96,9.03,9.67,10.91,11.85,03,11.85,0.5659999999999211,34.4,0,-1.4483645555731988,-0.7319612557712946,-1.0401908509737308,-0.7773279883488933
03400725,Schlosspark,32,23,15,47,34,8.13,14.15,13.59,18.33,19.79,03,19.79,2.749999999999769,30.2,0,0.7675287079919303,1.0115094340017874,1.7588106555865146,2.2130796608980945
03400826,Tiroler Viertel,16,32,32,25,22,13.24,23.8,23.75,23.64,19.42,03,19.42,1.2199999999999975,25.4,0,0.6642691982288205,0.930264578181128,-0.20202831192119336,0.11815122529941009
03400827,Trelleborger Viertel,53,38,28,44,54,11.91,10.6,15.42,16.0,18.01,03,18.01,1.7599999999997615,43.4,0,0.2707667421045342,0.6206558032969912,0.49003250014015154,0.8575377319810858
03400828,Spiekermann Straße,42,23,38,38,40,17.86,16.09,16.36,18.18,21.22,03,21.22,0.8809999999998791,36.2,0,1.1666127592385467,1.3255098227140678,-0.6364887106044904,-0.3460191927844514
03400829,Arnold-Zweig-Straße,25,18,15,34,29,10.45,10.28,12.0,10.31,13.41,03,13.41,0.5949999999999271,24.2,0,-1.0130001360314351,-0.3894153771760793,-1.0030246221778198,-0.7376201944715184
03400830,Kissingenviertel,33,10,8,22,21,9.39,6.4,8.6,12.0,12.96,03,12.96,1.2739999999998044,18.8,1,-1.1385860262838667,-0.4882266883093143,-0.13282223071527613,0.19208987596734553
03400831,Pankower Tor,,,,,,,,,,,03,,,,1,,,,
03500932,Bühringstraße,82,36,16,27,96,15.31,14.63,22.01,17.59,16.89,03,16.89,0.611999999999887,51.4,0,-0.041802584745962865,0.3747254289209391,-0.9812375225388935,-0.7143432118538068
03500933,Weißer See,47,16,24,48,62,11.83,13.01,13.91,23.23,18.0,03,18.0,2.2559999999997453,39.4,0,0.26797594454336865,0.6184599963829189,1.125703171959718,1.536677930711196
03500934,Weißenseer Spitze,114,57,36,62,108,13.0,15.0,15.0,16.42,19.32,03,19.32,1.40599999999987,75.4,0,0.6363612226171685,0.9083065090404088,0.03634819001098842,0.37282879982303513
03500935,Behaimstraße,52,46,27,28,39,14.0,12.66,14.5,16.0,16.77,03,16.77,0.8879999999998733,38.4,0,-0.07529215547994494,0.34837574595207615,-0.6275175519296246,-0.336434552883026
03500936,Komponistenviertel Weißensee,38,26,19,30,62,12.0,12.42,15.21,17.91,17.7,03,17.7,1.6889999999997989,35.0,0,0.18425201770841393,0.552585788960762,0.39903931929505687,0.7603220986951705
03501037,Rathaus Weißensee,58,40,45,36,51,10.6,12.5,15.0,14.42,14.73,03,14.73,1.0179999999998992,46.0,0,-0.6446148579576353,-0.09956886451858957,-0.4609103193962319,-0.1584340975706575
03501038,Hansastraße,27,20,14,33,72,10.11,11.96,14.16,16.42,20.65,03,20.65,2.5539999999997267,33.2,0,1.0075372982521331,1.20034882861197,1.5076182126900106,1.9447097436579033
03601139,Norweger Viertel,41,30,15,62,42,12.63,16.57,10.35,23.43,21.64,03,21.64,2.4879999999997904,38.0,0,1.2838262568074834,1.4177337131050878,1.423033002327002,1.8543402817301906
03601140,Malmöer Straße,50,29,30,48,40,14.8,13.98,16.0,17.86,19.53,03,19.53,1.3339999999998287,39.4,0,0.6949679714016369,0.9544184542359186,-0.05592658493061757,0.27424393226537863
03601141,Arnimplatz,60,33,39,106,50,13.0,14.04,22.0,24.96,18.0,03,18.0,2.091999999999729,57.6,0,0.26797594454336865,0.6184599963829189,0.9155217401483821,1.3121235101633075
03601142,Falkplatz,75,56,62,80,94,14.96,17.16,18.93,18.75,19.99,03,19.99,1.1649999999998901,73.4,0,0.823344659215233,1.055425572283225,-0.2725159872239062,0.0428433403594298
03601243,Rodenbergstraße,51,45,30,36,38,11.65,12.5,14.89,20.99,17.96,03,17.96,2.110999999999754,40.0,0,0.25681275429870826,0.6096767687266316,0.9398720279802129,1.338138961324375
03601244,Humannplatz,38,18,22,27,42,12.71,12.0,14.06,15.02,10.0,03,10.0,-0.2399999999999973,29.4,0,-1.9646621043887516,-1.1381855348745944,-2.0731556926804555,-1.8809308112852468
03601245,Ostseestraße,107,70,44,48,88,8.94,7.1,9.63,17.38,17.04,03,17.04,2.6479999999996586,71.4,0,5.9378671513992645e-05,0.4076625326320171,1.6280880577525063,2.0734177651913432
03601346,Gethsemanekirche,74,38,31,51,44,17.0,17.91,22.5,22.64,20.02,03,20.02,1.0769999999998656,47.6,0,0.8317170518987288,1.062012993025441,-0.3852962677080579,-0.07764927554433691
03601347,Helmholtzplatz,35,23,33,38,61,15.23,14.0,17.65,19.0,21.82,03,21.82,1.817999999999763,38.0,0,1.334060612908456,1.4572582375583816,0.5643649577319598,0.936953319735821
03601348,Senefelderstraße,56,20,21,43,47,14.79,16.32,16.68,19.56,18.09,03,18.09,0.983999999999904,37.4,0,0.29309312259385495,0.6382222586095659,-0.5044845186741813,-0.20498806280618426
03601449,Michelangelostraße,53,39,24,7,83,6.04,6.39,6.91,7.5,9.75,03,9.75,0.8529999999999078,41.2,0,-2.03443204341788,-1.1930807077263919,-0.6723733453039464,-0.38435775239014536
03601450,Volkspark Prenzlauer Berg,27,12,3,7,32,6.04,6.01,18.33,10.82,9.99,03,9.99,1.270999999999799,16.2,1,-1.9674529019499165,-1.1403813417886663,-0.13666701300451448,0.1879821731524381
03601451,Anton-Saefkow-Park,48,19,24,28,56,7.1,7.1,14.0,20.0,16.83,03,16.83,3.235999999999594,35.0,0,-0.0585473701129544,0.36155058743650725,2.3816653864417727,2.878527516911653
03601452,Velodrom,154,65,40,53,69,21.53,21.5,23.66,23.78,24.2,03,24.2,0.7619999999999039,76.2,0,1.9982704324657614,1.9798602831074916,-0.7889984080773031,-0.5089580711087839
03601453,Alter Schlachthof,24,13,8,11,28,17.5,17.13,17.13,20.84,20.31,03,20.31,0.9329999999998875,16.8,1,0.912650181172518,1.1256913935335258,-0.5698458175911358,-0.2748190106595067
03701554,Teutoburger Platz,78,52,70,63,70,17.09,18.12,20.0,22.0,20.0,03,20.0,0.9699999999998917,66.6,0,0.8261354567763987,1.0576213791972973,-0.5224268360239435,-0.22415734260906764
03701555,Sredzkistraße,42,29,18,40,43,13.46,16.46,16.69,19.0,20.5,03,20.5,1.6619999999998494,34.4,0,0.9656753348346562,1.167411724900892,0.3644362786920392,0.7233527733611397
03701556,Kollwitzplatz,53,33,61,67,73,15.96,17.0,18.73,18.16,18.49,03,18.49,0.6219999999999355,57.4,0,0.40472502504046054,0.7260545351724413,-0.9684215815747267,-0.700650869137407
03701657,Thälmannpark,69,34,14,42,86,6.9,6.98,6.97,19.15,19.25,03,19.25,3.6869999999995766,49.0,0,0.6168256396890124,0.8929358606419054,2.9596643239228673,3.496052173418262
03701658,Christburger Straße,52,33,36,34,36,13.47,15.56,18.42,19.99,20.0,03,20.0,1.7489999999998145,38.2,0,0.8261354567763987,1.0576213791972973,0.47593496507970434,0.8424761549931917
03701659,Immanuelkirchstraße,45,48,26,57,70,15.09,19.44,18.79,19.88,20.7,03,20.7,1.1659999999999289,49.2,0,1.021491286057959,1.2113278631823297,-0.27123439312744607,0.044212574631116185
03701660,Bötzowstraße,74,39,39,44,62,11.58,15.84,16.74,15.0,18.18,03,18.18,1.235999999999917,51.6,0,0.31821030064434125,0.657984520836213,-0.1815228063787293,0.14005897364543304
04100101,Jungfernheide/Plötzensee,48,39,25,51,74,8.0,8.06,6.3,9.78,10.29,04,10.29,0.6299999999999364,47.4,0,-2.0651839056209917,-1.0745071343665098,-1.1472195648092205,-0.6896969949643391
04100102,Paul-Hertz-Siedlung,89,73,52,46,93,6.08,6.11,6.2,7.22,7.61,04,7.61,0.41699999999995263,70.6,0,-2.7612403562358767,-1.6629833873377766,-1.4716241679348445,-0.9813438948222165
04200203,Olympiagelände,,,3,6,3,,,15.63,17.14,12.61,04,12.61,-1.5099999999996814,4.0,1,-1.462627575237957,-0.5650799303018308,-4.406495859122668,-3.6198583362591448
04200204,Angerburger Allee,63,33,58,64,53,8.5,9.5,8.95,9.7,11.03,04,11.03,0.5259999999999573,54.2,0,-1.8729892140332998,-0.9120174227251897,-1.3056143006076275,-0.832097359214177
04200205,Flatowallee,9,7,3,27,12,12.07,14.53,9.11,19.5,17.47,04,17.47,1.5769999999998716,11.6,1,-0.20037595210797896,0.5020822299371084,0.29508634673992645,0.606967860272337
04200206,Kranzallee,16,8,6,15,11,9.65,13.29,9.74,14.63,15.57,04,15.57,1.3179999999999146,11.2,1,-0.6938488088871881,0.0848789162634493,-0.09937746645035092,0.25233618391936297
04200207,Eichkamp,,,,,3,,,,,16.67,04,16.67,,3.0,1,-0.4081539970676454,0.3264176768113577,,
04200308,Branitzer Platz,38,27,14,17,34,11.25,12.89,12.42,16.17,17.46,04,17.46,1.5699999999998457,26.0,0,-0.20297317766997428,0.499886423023037,0.28442516259960754,0.5973832203708682
04200309,Neu Westend,44,35,25,39,62,12.14,13.0,13.72,13.47,18.0,04,18.0,1.2189999999998757,41.0,0,-0.06272299732219914,0.6184599963829189,-0.25015707072007776,0.11678199102761
04200310,Fürstenplatz,34,24,29,26,48,11.58,13.21,17.0,16.0,18.59,04,18.59,1.6809999999998169,32.2,0,0.09051331083555537,0.7480126043131605,0.4534810825382819,0.7493682245221285
04200311,Königin-Elisabeth-Straße,30,23,23,33,47,13.0,9.64,11.78,12.65,13.68,04,13.68,0.43699999999989636,31.2,0,-1.184724440104402,-0.33012859049613835,-1.441163641819846,-0.9539592093896269
04300412,Schlossgarten,65,28,34,61,100,12.71,10.23,20.07,21.72,20.39,04,20.39,2.6849999999996124,57.6,0,0.5580139119948068,1.1432578488461012,1.9825994935152065,2.124079433241713
04300413,Klausenerplatz,57,45,27,36,44,7.76,7.88,9.79,11.13,11.84,04,11.84,1.1409999999998637,41.8,0,-1.6626139435116365,-0.7341570626853664,-0.36895312256892526,0.009981717840193634
04300414,Schloß Charlottenburg,52,38,26,31,,13.59,12.73,13.06,17.72,,04,17.72,1.271999999999828,36.75,0,-0.13544531305808294,0.5569774027889057,-0.16943667651517696,0.1893514074241111
04300415,Lietzensee,49,19,12,27,25,14.0,13.98,23.08,19.12,18.5,04,18.5,1.4139999999997972,26.4,0,0.06713828077759285,0.7282503420865135,0.04683305890187537,0.3837826739960021
04300416,Amtsgerichtsplatz,32,23,31,40,53,14.29,14.18,18.0,18.01,20.18,04,20.18,1.560999999999806,35.8,0,0.5034721751928939,1.0971459036505913,0.27071792584775917,0.585060111926114
04300517,Tegeler Weg,47,25,24,32,53,11.0,16.0,14.67,16.88,21.41,04,21.41,2.169999999999831,36.2,0,0.8229309193183822,1.367230154081434,1.1982409460521168,1.418923783350847
04300518,Kaiserin-Augusta-Allee,42,28,17,29,46,12.86,14.49,17.38,17.81,16.49,04,16.49,1.0579999999998866,32.4,0,-0.45490405718357135,0.28689315235806295,-0.49536430594649056,-0.1036647267053415
04300619,Alt-Lietzow,52,34,70,50,51,10.97,14.73,12.02,23.08,19.71,04,19.71,2.5829999999997604,51.4,0,0.3814025737790897,0.9939429786892127,1.8272508103285017,1.9844175375353161
04300620,Spreestadt,24,37,45,35,51,17.21,22.99,22.11,22.68,23.08,04,23.08,1.1429999999999512,38.4,0,1.2566675881716871,1.7339299087314395,-0.36590706995728356,0.012720186383580087
04300621,Richard-Wagner-Straße,74,62,50,47,74,12.71,12.84,16.45,19.75,15.0,04,15.0,1.1489999999998475,61.4,0,-0.8418906659209511,-0.04028207783864859,-0.35676891212291617,0.0209355920132381
04300622,Ernst-Reuter-Platz,82,46,42,49,60,16.79,13.85,16.95,19.56,18.43,04,18.43,0.8989999999998421,55.8,0,0.0489577018436219,0.7128796936880102,-0.7375254885614791,-0.32137297589510205
04300623,Karl-August-Platz,108,67,71,67,57,15.28,15.48,17.77,19.79,19.0,04,19.0,1.1749999999998564,74.0,0,0.19699955887738485,0.8380406877901081,-0.3171702281732929,0.05653568307571691
04300624,Savignyplatz,56,51,53,73,49,12.92,17.67,17.64,20.0,19.76,04,19.76,1.6009999999998805,56.4,0,0.3943887015890691,1.0049220132595722,0.33163897807804127,0.6398294827915492
04400725,Güterbahnhof Grunewald,,,,,,,,,,,04,,,,1,,,,
04400726,Bismarckallee,21,11,12,27,38,16.43,18.67,22.0,20.0,20.0,04,20.0,0.8469999999999186,21.8,0,0.4567221150769688,1.0576213791972973,-0.8167228564605821,-0.3925731580199306
04400727,Flinsberger Platz,72,48,45,39,42,13.68,16.0,15.12,17.0,18.75,04,18.75,1.1139999999999093,49.2,0,0.13206891982748883,0.7831455149383109,-0.4100748328242197,-0.02698760749384387
04400728,Hagenplatz,11,15,16,23,22,17.0,17.63,17.22,20.0,18.04,04,18.04,0.4449999999999562,17.4,1,-0.052334095074216005,0.6272432240392063,-1.428979431373721,-0.9430053352164783
04400729,Hundekehle,11,8,10,10,15,20.5,14.11,20.0,17.89,20.02,04,20.02,0.2819999999998604,10.8,1,0.4619165662009604,1.062012993025441,-1.6772327192118046,-1.1661905214928425
04400830,Forckenbeckstraße,67,74,54,66,125,17.65,19.3,20.0,20.96,21.15,04,21.15,0.8659999999999202,77.2,0,0.75540305470649,1.3101391743155646,-0.7877853566512495,-0.36655770685889516
04400831,Messelpark,3,7,14,11,3,13.53,14.92,23.0,20.59,17.99,04,17.99,1.4589999999998116,7.6,1,-0.06532022288419538,0.6162641894688468,0.1153692426608371,0.44539821621952164
04400832,Breite Straße,35,19,12,28,36,11.3,10.95,12.8,14.6,17.05,04,17.05,1.5149999999998165,26.0,0,-0.30945942571180374,0.40985833954608936,0.2006587157830809,0.5220753354309949
04400833,Schlangenbader Straße,43,12,10,15,77,7.5,7.13,9.7,25.0,9.45,04,9.45,2.1769999999997096,31.4,0,-2.2833508528286424,-1.2589549151485486,1.2089021301922114,1.428508423252114
04400834,Binger Straße,14,4,6,10,7,10.53,18.27,18.75,18.75,20.37,04,20.37,2.015999999999873,8.2,1,0.5528194608708151,1.1388662350179575,0.9636948949660309,1.2080617055193714
04400835,Rüdesheimer Platz,23,8,26,19,15,9.75,10.41,14.48,15.22,14.06,04,14.06,1.3429999999998357,18.2,1,-1.08602986874856,-0.2466879277614063,-0.06130180880661562,0.2865670407100882
04500936,Droysenstraße,36,27,20,21,33,13.13,16.85,14.78,22.0,20.0,04,20.0,1.8889999999998381,27.4,0,0.4567221150769688,1.0576213791972973,0.7702705541351919,1.0341689530218905
04500937,Halensee,45,37,36,52,50,16.15,17.0,19.05,19.58,18.0,04,18.0,0.6279999999999286,44.0,0,-0.06272299732219914,0.6184599963829189,-1.1502656174207408,-0.6924354635076164
04500938,Hochmeisterplatz,68,48,41,42,62,14.9,14.87,17.86,20.0,19.4,04,19.4,1.4129999999998233,52.2,0,0.3008885813572181,0.9258729643529835,0.045310032596160885,0.38241343972440445
04500939,Eisenzahnstraße,50,37,36,52,36,22.56,23.87,21.18,24.77,22.73,04,22.73,0.12400000000001354,42.2,0,1.1657646935018333,1.6570766667389238,-1.9178708755207379,-1.382529536410699
04501040,Hindemithplatz,29,18,21,36,38,14.79,16.01,19.68,21.67,22.0,04,22.0,2.007999999999771,28.4,0,0.9761672274761368,1.4967827620116756,0.9515106845198416,1.197107831346165
04501041,George-Grosz-Platz,32,22,37,23,41,18.0,18.01,18.76,23.0,20.01,04,20.01,0.9009999999998901,31.0,0,0.45931934063896507,1.0598171861113694,-0.7344794359498976,-0.3186345073517697
04501042,Breitscheidplatz,44,36,27,35,37,16.22,18.0,25.61,24.88,21.34,04,21.34,1.7119999999997897,35.8,0,0.8047503403844113,1.3518595056829308,0.5006948980166213,0.7918144869427245
04501043,Preußenpark,75,45,57,71,101,15.34,15.06,18.12,21.02,20.83,04,20.83,1.6939999999997872,69.8,0,0.672291836722623,1.239873353065264,0.4732804245130416,0.7671682700533212
04501044,Ludwigkirchplatz,37,10,12,24,29,15.54,14.0,17.78,21.12,21.7,04,21.7,1.9439999999997402,22.4,0,0.8982504606162615,1.4309085545895188,0.8540370009515247,1.1094768379615896
04501045,Schaperstraße,49,45,55,39,70,14.29,18.39,22.88,20.03,22.46,04,22.46,1.7979999999998335,51.6,0,1.0956396033279456,1.597789880058983,0.6316751603115509,0.9095686343032511
04501146,Barstraße,36,26,5,17,21,18.95,16.0,15.57,19.4,19.27,04,19.27,0.40399999999991654,21.0,0,0.2671246490512724,0.8973274744700491,-1.4914235099097044,-0.9991439403534992
04501147,Leon-Jessel-Platz,21,19,14,29,18,11.37,13.41,18.0,17.28,20.0,04,20.0,2.1129999999997686,20.2,1,0.4567221150769688,1.0576213791972973,1.1114284466240312,1.3408774298676616
04501148,Brabanter Platz,28,13,20,24,15,8.4,14.52,17.67,14.43,22.88,04,22.88,2.886999999999749,20.0,1,1.2047230769317705,1.690013770450002,2.290250807277767,2.4006647561118335
04501149,Nikolsburger Platz,50,37,29,36,53,12.72,16.67,16.67,18.83,20.0,04,20.0,1.6719999999998636,41.0,0,0.4567221150769688,1.0576213791972973,0.4397738457865651,0.7370451160774925
04501150,Wilhelmsaue,11,3,12,16,19,12.05,16.87,16.25,16.22,22.54,04,22.54,2.0329999999998414,12.2,1,1.116417407823912,1.6153563353715577,0.9895863421638044,1.2313386881370947
04501151,Hildegardstraße,27,16,20,29,16,11.46,12.22,17.84,17.56,14.55,04,14.55,1.1519999999998485,21.6,0,-0.9587658162107637,-0.13909338897188356,-0.35219983320565196,0.025043294828139467
04501152,Prager Platz,23,8,24,60,39,12.42,8.18,18.0,23.74,19.13,04,19.13,2.8979999999995587,30.8,0,0.2307634911833305,0.8665861776730425,2.3070040966407737,2.4157263330995393
04501153,Babelsberger Straße,51,27,25,43,66,14.21,13.76,17.83,17.27,23.67,04,23.67,2.242999999999728,42.4,0,1.4099038963294426,1.863482516661682,1.3094218663720179,1.5188778851799392
05100101,Hakenfelde Nord,15,28,38,34,48,8.7,11.0,17.0,12.41,11.75,05,11.75,0.7509999999999181,32.6,0,-0.04997724875743012,-0.7539193249120134,-0.2738377158760266,-0.5240196480967312
05100102,Am Forstacker,39,56,26,43,45,7.21,11.06,12.61,12.05,12.61,05,12.61,1.1789999999999106,41.8,0,0.19684108470995657,-0.5650799303018308,0.37579411314797484,0.06201262016232442
05100103,Mertensstraße,54,39,47,56,162,9.0,9.55,10.45,14.36,13.5,05,13.5,1.380999999999843,71.6,0,0.45226936004248497,-0.36965311494943237,0.6823960511451868,0.3385979430321649
05100104,Maselake,38,119,48,49,150,9.5,9.5,17.0,18.7,18.75,05,18.75,2.769999999999649,80.8,0,1.95900918644223,0.7831455149383109,2.7906638327204853,2.240464346330597
05100105,Amorbacher Weg,31,19,18,14,25,9.19,9.18,10.5,10.13,15.0,05,15.0,1.256999999999857,21.4,0,0.882766453299555,-0.04028207783864859,0.494184960493391,0.1688128933496508
05100206,Griesingerstraße,17,25,23,20,12,5.83,5.37,5.89,6.74,6.74,05,6.74,0.318999999999955,19.4,1,-1.4878375402360442,-1.854018588862031,-0.9295408704048806,-1.1155288534422798
05100207,An der Tränke,12,12,3,8,22,10.77,11.04,10.27,9.97,16.01,05,16.01,0.9409999999999085,11.4,1,1.1726344960926494,0.18149442048261283,0.014550245606581337,-0.2638651364864113
05100208,Im Spektefeld,123,105,81,93,68,6.61,6.58,6.8,7.9,8.24,05,8.24,0.45799999999994667,94.0,0,-1.057340446978974,-1.5246475517512474,-0.7185623091097115,-0.9252052896852581
05100209,Westerwaldstraße,125,36,24,33,64,7.26,6.28,6.78,7.78,7.79,05,7.79,0.25599999999995526,56.4,0,-1.186489574956095,-1.6234588628844826,-1.025164247107013,-1.2017906125551792
05100210,Germersheimer Platz,118,92,22,51,70,7.75,8.02,8.33,10.16,10.14,05,10.14,0.6919999999999227,70.6,0,-0.5120441288533518,-1.107444238077588,-0.363389767073255,-0.6048044701230914
05100211,An der Kappe,16,15,10,20,30,9.63,9.1,11.43,10.86,11.6,05,11.6,0.5699999999999182,18.2,1,-0.09302695808313723,-0.7868564286230919,-0.5485651949726299,-0.7718510512623639
05100312,Eckschanze,42,20,19,21,26,8.32,8.82,9.58,9.58,10.67,05,10.67,0.5459999999999424,25.6,0,-0.3599351559025206,-0.9910664716317777,-0.5849931480019771,-0.8047126737815308
05100313,Eiswerder,57,75,46,85,125,13.46,17.41,17.05,21.43,19.48,05,19.48,1.6059999999998678,77.6,0,2.1685177718273376,0.943439419665559,1.0239081107956982,0.6466756541496983
05100314,Kurstraße,67,58,59,49,70,9.57,10.13,11.0,12.0,12.51,05,12.51,0.7749999999999148,60.6,0,0.16814127849281865,-0.5870379994425496,-0.23740976284664772,-0.49115802557753574
05100315,Ackerstraße,61,59,65,56,58,8.8,9.41,16.47,13.07,12.5,05,12.5,1.1059999999998493,59.8,0,0.16527129787110492,-0.5892338063566215,0.26499242268350587,-0.03794148166699262
05100316,Carl-Schurz-Straße,125,98,55,71,122,7.07,6.67,6.78,9.04,8.76,05,8.76,0.5749999999999271,94.2,0,-0.9081014546498565,-1.410465592219509,-0.5409760380914947,-0.7650048799041851
05100317,Freiheit,25,25,14,8,14,10.94,10.89,11.91,12.22,14.01,05,14.01,0.7469999999999122,17.2,1,0.5986383717498888,-0.2576669623317659,-0.27990904138093287,-0.5294965851832725
05200418,Isenburger Weg,,3,3,,,,14.08,14.08,,,05,14.08,-6.030396957403567e-16,3.0,1,0.6187282361018854,-0.24229631393326262,-1.413729079420374,-1.5523145860932517
05200419,Am Heideberg,,,,,,,,,,,05,,,,1,,,,
05200420,Staakener Straße,10,14,10,9,27,10.53,10.92,15.0,16.05,17.34,05,17.34,1.8749999999997742,14.0,1,1.5543419187805843,0.47353674005417407,1.4322047509999007,1.0149996732189364
05200421,Spandauer Straße,27,15,4,7,15,9.24,8.2,9.74,10.36,10.91,05,10.91,0.5499999999999174,13.6,1,-0.2910556209813893,-0.9383671056940522,-0.5789218224971177,-0.7992357366950316
05200422,Werkstraße,9,15,25,20,41,11.2,13.72,14.0,13.1,13.44,05,13.44,0.38599999999998974,22.0,0,0.43504947631220203,-0.3828279564338638,-0.827846168197798,-1.023790157242799
05200423,Magistratsweg,37,48,40,32,66,7.79,6.86,7.55,9.04,10.43,05,10.43,0.745999999999901,44.6,0,-0.42881469082365187,-1.0437658375695031,-0.2814268727571742,-0.5308658194549212
05200524,Döberitzer Weg,16,10,4,10,15,8.33,8.16,9.0,10.54,9.94,05,9.94,0.5599999999999292,11.0,1,-0.5694437412876282,-1.1513603763590259,-0.5637435087348565,-0.7855433939786821
05200525,Pillnitzer Weg,24,24,20,27,36,8.97,9.55,9.55,10.9,11.31,05,11.31,0.602999999999939,26.2,0,-0.1762563961128372,-0.8505348291311765,-0.49847675955719545,-0.7266663202984355
05200526,Rudolf-Wissell-Großsiedlung,83,71,44,58,75,6.8,7.0,6.54,7.03,7.7,05,7.7,0.18299999999998476,66.2,0,-1.2123194005515192,-1.6432211251111295,-1.1359659375713442,-1.3017447143843721
05200527,Maulbeerallee,215,253,84,96,132,5.93,6.91,6.93,7.62,7.62,05,7.62,0.40899999999996606,156.0,0,-1.2352792455252297,-1.6607875804237047,-0.7929360465446743,-0.9922977689952648
05200528,Weinmeisterhornweg,71,52,48,51,59,6.14,6.36,6.7,7.78,7.33,05,7.33,0.37999999999995754,56.2,0,-1.31850868355493,-1.7244659809317895,-0.8369531564551929,-1.032005562872643
05200629,Borkumer Straße,106,53,54,83,104,10.06,9.8,11.08,14.09,15.75,05,15.75,1.5669999999998125,80.0,0,1.0980149999280902,0.1244034407167433,0.9647126871228657,0.5932755175559228
05200630,Wilhelmstadt West,94,96,64,96,116,10.2,11.1,12.5,14.77,13.79,05,13.79,1.0849999999998798,93.2,0,0.5354987980721849,-0.30597471444134766,0.23311796378284125,-0.0666954013712508
05200631,Wilhelmstadt Ost,70,69,43,47,90,9.41,9.75,9.68,10.84,11.01,05,11.01,0.42899999999995614,63.8,0,-0.2623558147642514,-0.9164090365533335,-0.7625794190202028,-0.9649130835626117
05200632,Tiefwerder,26,18,24,34,25,7.02,6.5,6.5,7.28,7.7,05,7.7,0.2139999999999693,25.4,0,-1.2123194005515192,-1.6432211251111295,-1.0889131649084134,-1.25929845196376
05200633,Graetschelsteig,22,26,23,25,38,5.76,5.76,6.11,7.33,7.33,05,7.33,0.47099999999994474,26.8,0,-1.31850868355493,-1.7244659809317895,-0.6988305012187982,-0.9074052441540273
05200634,Börnicker Straße,8,5,11,19,10,10.66,9.5,11.0,18.82,16.0,05,16.0,1.9999999999997438,10.6,1,1.169764515470935,0.1792986135685406,1.6219336730278957,1.186153957173061
05300735,Haveleck,97,145,54,60,84,9.0,10.5,9.6,16.46,16.93,05,16.93,2.181999999999775,88.0,0,1.4366727132903185,0.38350865657722644,1.8981789835007707,1.4353545946103698
05300736,Zitadellenweg,9,15,,13,34,7.33,7.27,,10.21,9.5,05,9.5,0.7279999999998683,17.75,1,-0.6957228886430352,-1.247975880578189,-0.30874783752926166,-0.5555120363443659
05300737,Gartenfelder Straße,203,185,104,83,186,7.45,7.45,7.45,9.26,10.28,05,10.28,0.7469999999999154,152.2,0,-0.471864400149359,-1.0767029412805817,-0.279909041380928,-0.5294965851832681
05300838,Gartenfeld,,,,5,,,,,9.93,,05,9.93,,5.0,1,-0.5723137219093419,-1.1535561832730978,,
05300839,Rohrdamm,75,65,84,208,242,8.62,8.2,9.11,15.66,17.05,05,17.05,2.431999999999713,134.8,0,1.4711124807508844,0.40985833954608936,2.2776368275567593,1.7776631625186181
05300840,Nonnendammallee,10,4,8,5,9,8.21,7.04,7.04,7.03,8.88,05,8.88,0.13299999999997178,7.2,1,-0.8736616871892906,-1.384115909250646,-1.2118575063825803,-1.3702064279660564
05300841,Siemensdamm,26,38,23,23,26,9.63,10.14,10.71,11.56,13.06,05,13.06,0.8279999999999118,27.2,0,0.3259902126870779,-0.46626861916859547,-0.15696469990676276,-0.4185886091809732
05400942,Alt-Gatow,17,9,4,26,22,7.77,7.48,14.86,16.46,11.97,05,11.97,1.737999999999758,15.6,1,0.013162324920273673,-0.7056115728024317,1.2242618524571431,0.8274145780051477
05400943,Jägerallee,11,11,33,21,38,10.72,12.0,11.93,16.67,13.37,05,13.37,0.9969999999998989,22.8,0,0.4149596119602053,-0.39819860483236713,0.09954880267512917,-0.18718801727495793
05400944,Kladower Damm,,3,3,4,5,,16.43,12.0,17.14,19.61,05,19.61,1.4680000000001263,3.75,1,2.205827519909617,0.9719849095484934,0.8144473808771333,0.4577213246646526
05400945,Kafkastraße,,,,4,5,,,,14.01,15.32,05,15.32,1.309999999999001,4.5,1,0.9746058331943968,0.02998374341165201,0.5746300234319814,0.24138230974504554
06100101,Fichtenberg,32,24,19,17,32,12.26,13.95,14.1,14.85,15.54,06,15.54,0.7459999999999373,24.8,0,0.25132255539228765,0.07829149552123338,-0.5248726747306156,-0.5308658194548715
06100102,Schloßstraße,55,52,36,45,46,12.81,13.25,14.5,16.22,16.36,06,16.36,1.006999999999885,46.8,0,0.517428790513534,0.2583476624751286,-0.03529256370129439,-0.17349567455864345
06100103,Markelstraße,16,21,7,12,15,11.54,12.87,16.73,16.32,19.83,06,19.83,2.0029999999997754,14.2,1,1.643512492794905,1.0202926616580748,1.8329901588475475,1.1902616599880045
06100204,Munsterdamm,40,15,11,11,17,10.25,15.11,16.29,15.0,15.0,06,15.0,0.9389999999999532,18.8,1,0.07608186397097941,-0.04028207783864859,-0.16284600259005744,-0.2666036050296167
06100205,Südende,62,33,29,48,53,9.79,11.6,15.0,17.0,13.47,06,13.47,1.2759999999998588,45.0,0,-0.4204334283893945,-0.3762405356916479,0.4692938342561802,0.1948283445106867
06100206,Stadtpark,33,21,17,28,33,10.77,10.13,11.1,14.34,14.68,06,14.68,1.2029999999998493,26.4,0,-0.027764471686092394,-0.11054789908894919,0.33236146603720607,0.0948742426814405
06100207,Mittelstraße,47,30,18,37,56,11.59,14.5,10.71,15.5,15.47,06,15.47,0.8759999999999561,37.6,0,0.2286061694673037,0.06292084712273047,-0.2810205121488772,-0.35286536414251257
06100208,Bergstraße,24,23,20,14,43,9.92,12.5,13.0,14.5,17.18,06,17.18,1.6519999999998465,24.8,0,0.7835350256347804,0.4384038294290238,1.1745893198770827,0.7096604306448024
06100209,Feuerbachstraße,50,47,30,19,45,9.55,14.01,13.0,11.7,16.97,06,16.97,1.2529999999999284,38.2,0,0.7153858678598267,0.39229188423351385,0.42615075933800944,0.16333595626321537
06100210,Bismarckstraße,14,19,11,9,7,9.96,13.11,12.94,14.29,15.0,06,15.0,1.1259999999999153,12.0,1,0.07608186397097941,-0.04028207783864859,0.18792595435432116,-0.010556796234235668
06200311,Alt-Lankwitz,14,19,18,24,26,9.8,10.0,10.24,11.83,18.01,06,18.01,1.8249999999998001,20.2,1,1.0528864587453106,0.6206558032969912,1.499100274697262,0.9465379596373052
06200312,Komponistenviertel Lankwitz,15,19,8,8,28,11.84,10.83,13.46,14.5,14.0,06,14.0,0.798999999999882,15.6,1,-0.24843793495736968,-0.2598627692458378,-0.42545602383202497,-0.4582964030583806
06200313,Lankwitz Kirche,44,25,19,25,45,9.79,9.58,11.97,9.52,12.1,06,12.1,0.4559999999999389,31.6,0,-0.8650255529212331,-0.6770660829194973,-1.0688505758744116,-0.9279437582285354
06200314,Kaiser-Wilhelm-Straße,42,35,46,52,76,8.82,8.06,8.23,8.82,9.66,06,9.66,0.2439999999999624,50.2,0,-1.6568538623064046,-1.2128429699530388,-1.4665171794691445,-1.2182214238147693
06200315,Gallwitzallee,57,19,9,24,57,11.5,10.13,11.51,11.63,13.69,06,13.69,0.5879999999999109,33.2,0,-0.3490390726251581,-0.3279327835820665,-0.8212468415607348,-0.7472048343729739
06200316,Belßstraße,22,11,26,27,37,8.93,8.66,10.0,10.97,12.0,06,12.0,0.8449999999998956,24.6,0,-0.8974775328140678,-0.6990241520602161,-0.3391698739953969,-0.3953116265632287
06200317,Lankwitz Süd,16,13,13,21,32,9.0,9.0,9.56,10.9,13.0,06,13.0,0.9899999999998864,19.0,1,-0.5729577338857188,-0.47944346065302695,-0.06718092342351462,-0.19677265717640827
06200418,Landweg,,,,,,,,,,,06,,,,1,,,,
06200419,Thermometersiedlung,23,43,33,41,73,8.21,7.22,7.85,9.86,8.64,06,8.64,0.34999999999994197,42.6,0,-1.9878640572133206,-1.4368152751883716,-1.2676838776717945,-1.0730825910216644
06200420,Lichterfelde Süd,49,33,34,26,49,8.33,9.5,8.66,11.98,11.81,06,11.81,0.9439999999999107,38.2,0,-0.959136294610454,-0.7407444834275819,-0.1534670732600717,-0.2597574336715083
06200421,Königsberger Straße,44,41,38,29,41,10.57,12.49,12.7,14.38,15.24,06,15.24,1.122999999999898,38.6,0,0.15396661571378326,0.012417288099076863,0.18229859675624957,-0.014664499049159228
06200422,Oberhofer Platz,21,24,16,21,30,10.63,11.0,11.63,12.41,14.86,06,14.86,0.9869999999998919,22.4,0,0.03064909212101035,-0.0710233746356552,-0.07280828102154371,-0.20088035999130083
06200423,Schütte-Lanz-Straße,59,24,11,52,49,7.5,7.36,12.75,10.04,10.63,06,10.63,0.893999999999873,39.0,0,-1.3420696573459059,-0.9998496992880651,-0.24725636656079736,-0.32821914725322643
06300524,Berlepschstraße,22,8,6,10,21,12.43,11.82,13.55,11.06,14.66,06,14.66,0.36999999999994704,13.4,1,-0.03425486766465924,-0.11493951291709288,-1.2301681603515229,-1.0456979055889908
06300525,Zehlendorf Süd,45,25,52,48,66,11.12,9.6,8.5,8.76,9.92,06,9.92,-0.32399999999997614,47.2,0,-1.572478714585034,-1.1557519901871696,-2.5319635513644703,-1.9959464901024175
06300526,Zehlendorf Mitte,26,26,16,20,16,11.05,15.32,17.17,12.79,17.64,06,17.64,1.0649999999999344,20.8,1,0.9328141331418213,0.539410947476331,0.07350301652755797,-0.09408008680384265
06300527,Sundgauer Straße,31,44,41,34,38,11.07,13.54,14.32,14.35,15.88,06,15.88,1.0429999999999122,37.6,0,0.3616592870279269,0.15294893059967807,0.032235727475228085,-0.12420324077980638
06300528,Teltower Damm,30,32,23,26,35,11.25,12.0,10.5,13.6,18.14,06,18.14,1.5379999999998464,29.2,0,1.0950740326059958,0.6492012931799256,0.9607497311515891,0.5535677236786025
06300629,Botanischer Garten,38,20,22,19,31,9.99,13.27,10.05,14.95,16.77,06,16.77,1.5239999999998852,26.0,0,0.6504819080741572,0.34837574595207615,0.9344887290274786,0.534398443875789
06300630,Hindenburgdamm,28,21,14,54,44,10.03,9.85,12.24,16.0,17.07,06,17.07,2.022999999999756,32.2,0,0.7478378477526622,0.4142499533742331,1.8705058761677729,1.2176463454206443
06300631,Goerzwerke,10,6,13,21,24,9.93,14.2,10.75,15.15,12.63,06,12.63,0.6349999999999968,14.8,1,-0.6930300594892077,-0.5606883164736868,-0.733084905857958,-0.6828508236060897
06300632,Schweizer Viertel,50,36,35,46,71,12.39,13.5,13.5,15.0,18.01,06,18.01,1.2739999999998737,47.6,0,1.0528864587453106,0.6206558032969912,0.4655422625241819,0.1920898759674404
06300633,Augustaplatz,64,49,33,41,31,10.77,11.22,14.3,13.87,15.17,06,15.17,1.1449999999998635,43.6,0,0.13125022978879874,-0.0029533602994264423,0.22356588580847284,0.01545865492672666
06300634,Lichterfelde West,29,13,13,27,15,11.61,12.96,17.0,14.73,13.18,06,13.18,0.49099999999994276,19.4,1,-0.5145441700786161,-0.43991893619973294,-1.0031980705639458,-0.8800205587213634
06400735,Wannsee,67,49,47,78,86,12.0,13.0,14.62,15.03,15.45,06,15.45,0.8929999999999042,65.4,0,0.22211577348873626,0.05852923329458639,-0.24913215242675196,-0.32958838152481706
06400736,Düppel,17,13,12,11,16,13.24,13.22,14.03,13.3,13.28,06,13.28,0.015999999999994904,13.8,1,-0.48209219018578126,-0.4179608670590141,-1.8941963569200706,-1.5304068377471245
06400737,Nikolassee,28,18,20,35,28,11.53,12.0,12.9,12.93,13.39,06,13.39,0.4649999999999497,25.8,0,-0.44639501230366246,-0.39380699100422306,-1.0519685030802735,-0.9156206497838206
06400838,Krumme Lanke,25,13,15,9,9,12.5,15.26,16.2,17.98,12.86,06,12.86,0.3439999999999868,14.2,1,-0.6183905057356879,-0.5101847574500336,-1.278938592867789,-1.081297996651403
06400839,Fischerhüttenstraße,17,5,,32,20,11.52,13.82,,18.0,15.28,06,15.28,1.1699999999998252,18.5,1,0.16694740767091695,0.021200515755364243,0.27046053245872853,0.04968951171750753
06400840,Fischtal,10,5,6,4,25,10.17,13.02,12.02,10.29,13.0,06,13.0,0.29300000000001414,10.0,1,-0.5729577338857188,-0.47944346065302695,-1.3746036720344057,-1.1511289445046653
06400841,Zehlendorf Eiche,25,17,20,17,27,10.99,12.59,12.14,14.2,18.57,06,18.57,1.6769999999998364,21.2,0,1.2346175461451858,0.7436209904850168,1.2214839665273913,0.7438912874356219
06400842,Hüttenweg,26,3,12,23,19,11.78,18.18,17.74,17.65,18.5,06,18.5,1.2909999999999426,16.6,1,1.2119011602202012,0.7282503420865135,0.49743062224653395,0.21536685858530144
06400843,Thielallee,15,7,4,11,8,12.57,12.1,12.14,13.53,15.92,06,15.92,0.8129999999999032,9.0,1,0.3746400789850606,0.16173215825596543,-0.39919502170780174,-0.43912712325548486
06400844,Dahlem,42,21,25,40,29,14.69,14.57,26.85,19.9,22.0,06,22.0,1.9949999999997192,31.4,0,2.347720456469423,1.4967827620116756,1.8179838719193373,1.1793077858148608
07100101,Wittenbergplatz,72,36,38,61,47,17.5,17.53,17.53,21.03,17.86,07,17.86,0.4219999999999477,50.8,0,0.6125958593556026,0.5877186995859124,-0.8940845586222554,-0.9744977234640565
07100102,Kalckreuthstraße,52,28,19,46,43,11.0,11.99,14.23,22.9,21.0,07,21.0,3.090999999999645,37.6,0,1.2749895037929144,1.2772020706044864,1.9901510810426821,2.67998854752489
07100103,Frobenstraße,66,43,16,39,52,9.25,12.57,7.61,16.1,15.18,07,15.18,1.5389999999998878,43.2,0,0.04724077429445771,-0.0007575533853545973,0.31299345168345005,0.5549369579502925
07100204,Barbarossaplatz,40,21,20,36,83,11.36,13.33,15.89,17.99,27.5,07,27.5,3.693999999999604,40.0,0,2.646186538456139,2.704476564751216,2.6417786909033176,3.5056368133197324
07100205,Alvenslebenstraße,40,19,16,24,16,6.57,6.69,11.24,11.24,8.84,07,8.84,0.9089999999998736,23.0,0,-1.290203717977057,-1.392899136906934,-0.3678115138426489,-0.3076806331787257
07100206,Großgörschenstraße,40,29,7,13,34,14.26,7.38,9.52,16.44,12.5,07,12.5,0.5539999999998283,24.6,0,-0.5181143107666872,-0.5892338063566215,-0.7514397087026338,-0.7937587996086203
07200307,Bayerischer Platz,29,19,26,31,64,11.64,13.14,11.66,13.81,17.02,07,17.02,1.1429999999999003,33.8,0,0.4353950117991244,0.40327091880387345,-0.11494109807578894,0.012720186383510464
07200308,Volkspark (Rudolph-Wilde-Park),61,59,35,40,47,10.9,12.38,17.91,16.39,16.0,07,16.0,1.4209999999998317,48.4,0,0.22022255405197227,0.1792986135685406,0.1854776009975516,0.3933673138974827
07200409,Belziger Straße,29,30,31,55,50,12.57,12.67,21.01,21.01,19.25,07,19.25,2.169999999999713,39.0,0,0.9058210713835846,0.8929358606419054,0.9948790600117671,1.4189237833506854
07200410,Feurigstraße,41,14,10,5,15,8.12,12.29,14.49,13.11,9.44,07,9.44,0.346000000000002,17.0,1,-1.163631684008144,-1.2611507220626206,-0.9762134116062958,-1.0785595281081155
07200411,Julius-Leber-Brücke,8,5,,5,11,15.0,12.63,,22.77,12.15,07,12.15,0.4439999999999147,7.25,1,-0.5919479972485531,-0.6660870483491377,-0.8703104169689994,-0.9443745694881684
07200412,Schöneberger Linse,47,13,21,58,56,18.94,20.98,14.9,22.2,22.6,07,22.6,0.8539999999999571,39.0,0,1.6125149277100161,1.6285311768559894,-0.4272468679757881,-0.38298851811844453
07200413,Cheruskerstraße,32,21,21,26,25,12.1,11.4,20.5,16.25,18.57,07,18.57,1.7789999999997494,25.0,0,0.7623727662188166,0.7436209904850168,0.5723477242646657,0.8835531831421026
07200414,Hohenfriedbergstraße,13,12,11,7,14,17.46,14.95,17.49,25.0,20.58,07,20.58,1.6289999999997617,11.4,1,1.1863890800146748,1.1849781802134667,0.41025130390132575,0.6781680423971198
07300515,Taunusstraße,21,24,25,20,30,12.88,13.75,15.88,14.78,15.57,07,15.57,0.6409999999999302,24.0,0,0.1295125963742513,0.0848789162634493,-0.6574237848917788,-0.674635417976381
07300516,Odenwaldstraße,43,35,22,19,24,11.73,12.0,13.45,16.08,16.02,07,16.02,1.2659999999998512,28.6,0,0.22444162185093594,0.18369022739668428,0.017977966622107676,0.18113600179434303
07300517,Perelsplatz,25,33,26,151,181,8.13,17.59,16.99,23.64,24.49,07,24.49,3.8769999999996863,83.2,0,2.0112168347120916,2.0435386836155764,2.8395363237466977,3.756206685028745
07300618,Ceciliengärten,24,19,18,19,41,10.49,16.02,18.0,16.7,16.98,07,16.98,1.3659999999999102,24.2,0,0.426956876201197,0.3944876911475861,0.12604224686440685,0.31805942895775685
07300619,Grazer Platz,33,26,21,25,43,10.19,10.14,12.24,11.39,14.91,07,14.91,1.0689999999998725,29.6,0,-0.009716640991553078,-0.06004434006529558,-0.19490866545507327,-0.08860314971739415
07400720,Gontermannstraße,15,16,17,21,35,11.5,10.23,11.78,18.46,9.56,07,9.56,0.43499999999991307,20.8,1,-1.138317277214361,-1.2348010390937576,-0.8800362021908024,-0.9566976779328707
07400721,Paradestraße,11,6,8,11,16,13.58,14.52,8.88,11.78,12.74,07,12.74,-0.4419999999999103,10.4,1,-0.4674854971791219,-0.5365344404188961,-1.8277599399150166,-2.15751613415506
07400822,Lindenhofsiedlung,6,22,7,23,34,15.52,16.59,15.87,19.43,18.94,07,18.94,0.9679999999999058,18.4,1,0.8404255204996465,0.824865846305677,-0.30405358849969505,-0.226895811152315
07400823,Wittekindstraße,34,20,20,37,41,8.91,7.51,7.82,9.66,9.75,07,9.75,0.38299999999993634,30.4,0,-1.0982361331242054,-1.1930807077263919,-0.9362296279167397,-1.0278978600577722
07400824,Bosepark,33,11,14,19,22,10.51,11.97,17.81,16.43,16.13,07,16.13,1.5699999999998135,19.8,1,0.24764649474523656,0.20784410345147497,0.3464933785584628,0.5973832203708241
07400825,Friedrich-Karl-Straße,44,26,23,35,51,11.0,12.71,13.54,15.04,17.75,07,17.75,1.5829999999998405,35.8,0,0.5893909864613021,0.5635648235311217,0.3605417349899826,0.6151832659020944
07400826,Marienhöhe,7,7,4,6,6,16.9,10.0,22.18,10.67,13.72,07,13.72,-0.569000000000075,6.0,1,-0.2607511750298972,-0.3213453628398506,-1.9650015758228336,-2.331408886652719
07400927,Rathaus Tempelhof,79,33,18,33,38,10.35,9.0,14.0,12.38,11.91,07,11.91,0.6499999999998851,40.2,0,-0.6425768108361184,-0.7187864142868631,-0.6476979996700263,-0.6623123095317427
07400928,Germaniagarten,39,20,11,13,31,10.92,12.17,10.57,13.24,13.51,07,13.51,0.6249999999999528,22.8,0,-0.30505138691901695,-0.36745730803536053,-0.674714069730512,-0.6965431663224833
07501029,Ringstraße,49,74,39,42,62,7.34,7.52,8.2,11.6,17.77,07,17.77,2.493999999999721,53.2,0,0.5936100542602657,0.5679564373592654,1.3450073279966186,1.8625556873598954
07501030,Machonstraße,43,21,26,29,48,10.17,11.29,10.82,12.36,18.33,07,18.33,1.7389999999998251,33.4,0,0.7117439526312509,0.690921624547291,0.5291220121678533,0.828783812276873
07501031,Eisenacher Straße,52,24,29,35,31,8.77,8.69,10.02,12.61,14.6,07,14.6,1.557999999999817,34.2,0,-0.07511219187549159,-0.12811435440152433,0.3335256649293984,0.580952409111229
07501032,Imbrosweg,24,18,33,42,47,9.85,9.9,12.5,13.05,12.16,07,12.16,0.7769999999998994,32.8,0,-0.5898384633490712,-0.6638912414350658,-0.5104563637623717,-0.48841955703429
07501133,Fritz-Werner-Straße,37,20,36,31,38,9.09,10.02,15.38,15.28,12.45,07,12.45,1.1979999999998479,32.4,0,-0.5286619802640967,-0.6002128409269811,-0.05550574394261611,0.08802807132327185
07501134,Hundsteinweg,35,31,23,24,35,9.41,8.09,10.01,10.16,12.04,07,12.04,0.7329999999998921,29.6,0,-0.615152870142854,-0.6902409244039287,-0.5580046470689634,-0.5486658649861667
07501135,Birnhornweg,6,3,,5,8,8.88,8.9,,21.88,13.0,07,13.0,2.1219999999996375,5.5,1,-0.412637615792593,-0.47944346065302695,0.9430082054954124,1.3532005383121821
07601236,Marienfelder Allee Nordwest,67,49,48,73,69,8.93,8.75,9.99,10.16,10.95,07,10.95,0.5449999999999309,61.2,0,-0.8450920651863794,-0.9295838780377649,-0.7611654939243241,-0.8060819080531798
07601237,Kirchstraße,16,13,13,13,22,10.0,12.01,13.13,12.57,12.64,07,12.64,0.583999999999956,15.4,1,-0.4885808361739407,-0.5584925095596149,-0.7190204246298251,-0.7526817714594455
07601238,Marienfelde Nordost,9,7,,6,6,9.13,11.0,,12.98,13.5,07,13.5,1.0719999999998289,7.0,1,-0.3071609208184988,-0.36965311494943237,-0.19166673704785334,-0.0844954469025539
07601339,Tirschenreuther Ring West,53,43,29,68,95,6.96,6.17,6.48,7.9,7.99,07,7.99,0.37899999999994477,57.6,0,-1.469514099433017,-1.5795427246030447,-0.9405521991264201,-1.033374797144294
07601340,Tirschenreuther Ring Ost,32,42,26,55,51,6.99,7.46,11.5,8.64,9.44,07,9.44,0.6079999999999204,41.2,0,-1.163631684008144,-1.2611507220626206,-0.693084997371727,-0.7198201489402943
07601341,Diedersdorfer Weg,9,7,3,19,13,9.25,6.5,12.04,10.6,10.6,07,10.6,0.6799999999998602,10.2,1,-0.9189257516682453,-1.006437120030281,-0.6152787155973826,-0.621235281382777
07601442,Kettinger Straße,58,42,28,47,52,8.57,9.7,10.58,12.05,11.83,07,11.83,0.8869999999999095,45.4,0,-0.6594530820319734,-0.7363528695994382,-0.3915856554959018,-0.33780378715460974
07601443,Töpchiner Weg,36,23,20,41,46,7.98,7.91,7.41,10.16,10.54,07,10.54,0.736999999999917,33.2,0,-0.9315829550651367,-1.0196119615147126,-0.5536820758592469,-0.5431889278995992
07601544,John-Locke-Straße,23,20,18,34,38,7.61,9.02,9.74,9.04,9.75,07,9.75,0.42999999999996746,26.6,0,-1.0982361331242054,-1.1930807077263919,-0.8854394162028553,-0.9635438492909628
07601545,Nahariyastraße,100,68,101,96,96,7.95,8.08,8.2,8.08,8.49,07,8.49,0.10799999999999005,92.2,0,-1.3640374044589227,-1.46975237889945,-1.2334063985828292,-1.4044372847568645
07601546,Franziusweg,20,14,12,13,29,10.5,9.63,11.56,13.78,13.04,07,13.04,0.9229999999998726,17.6,1,-0.4041994801946656,-0.47066023299673954,-0.35268251460873695,-0.2885113533758604
07601547,Horstwalder Straße,23,17,12,14,21,8.0,8.43,8.43,9.8,9.53,07,9.53,0.4429999999999547,17.4,1,-1.144645878912807,-1.2413884598359735,-0.8713910597713784,-0.945743803759747
07601548,Wittelsbacherstraße,7,,4,6,6,10.6,,11.0,9.8,12.58,07,12.58,0.3159999999999051,5.75,1,-0.5012380395708321,-0.5716673510440464,-1.0086326956790712,-1.1196365562572481
08100101,Hasenheide,27,7,17,25,23,18.45,20.08,12.5,21.18,20.28,08,20.28,0.4759999999999995,19.8,1,1.4934038049293652,1.1191039727913106,-0.8662102470907311,-0.9005590727957857
08100102,Schillerpromenade Nord,35,19,14,30,29,12.5,9.5,14.1,16.13,19.68,08,19.68,2.0989999999997027,25.4,0,1.352597830969234,0.9873555579469967,1.2974267985588994,1.3217081500647045
08100103,Schillerpromenade Süd,28,15,21,30,34,9.41,15.49,14.43,16.02,12.9,08,12.9,0.7509999999999966,25.6,0,-0.23850967478024387,-0.5014015297937457,-0.4996050791586604,-0.5240196480966237
08100104,Wartheplatz,23,14,23,22,35,11.65,16.3,17.01,20.63,16.0,08,16.0,1.3029999999999031,23.4,0,0.4889878573470985,0.1792986135685406,0.23627147610850677,0.23179766984484731
08100105,Silbersteinstraße,51,38,46,48,53,13.29,14.1,16.0,16.8,18.75,08,18.75,1.3619999999998489,47.2,0,1.1343485713310313,0.7831455149383109,0.3149249485011341,0.3125824918711396
08100206,Flughafenstraße,54,33,29,37,43,10.94,11.93,13.25,16.2,15.68,08,15.68,1.374999999999849,39.2,0,0.41389133790169536,0.10903279231824,0.33225537462155963,0.3303825374023731
08100207,Rollberg,17,11,10,13,24,8.67,6.81,10.0,9.37,13.62,08,13.62,1.245999999999823,15.0,1,-0.06954250602808719,-0.34330343198056984,0.1602842231188427,0.15375131636163777
08100208,Körnerpark,58,48,34,43,56,11.04,12.01,14.0,15.8,16.0,08,16.0,1.3709999999998477,47.8,0,0.4889878573470985,0.1792986135685406,0.32692293581527315,0.32490560031583793
08100209,Glasower Straße,67,37,62,65,68,13.13,15.31,14.26,18.58,18.56,08,18.56,1.412999999999871,59.8,0,1.0897600129103229,0.7414251835709446,0.38291354328129384,0.38241343972446984
08100310,Maybachufer,20,24,9,23,36,15.2,17.5,18.21,17.34,19.71,08,19.71,0.8859999999999301,22.4,0,1.3596381296672408,0.9939429786892127,-0.31963526944663967,-0.33917302142621497
08100311,Reuterplatz,31,18,18,44,34,12.0,10.43,13.24,22.01,17.22,08,17.22,2.201999999999706,29.0,0,0.7752933377326975,0.44718705708531115,1.4347370978207354,1.4627392800429422
08100312,Weichselplatz,85,32,31,56,59,10.21,9.48,12.03,16.48,17.66,08,17.66,2.1899999999997286,52.6,0,0.8785510519701271,0.5438025613044747,1.4187397814019114,1.4463084687833734
08100313,Bouchéstraße,,,5,,4,,,11.06,,15.0,08,15.0,1.969999999999747,4.5,1,0.25431123408021383,-0.04028207783864859,1.1254556470562762,1.1450769290240657
08100314,Donaustraße,47,17,21,31,33,10.0,11.53,14.86,16.18,14.86,08,14.86,1.436999999999839,29.8,0,0.22145650682284984,-0.0710233746356552,0.4149081761189596,0.41527506224362604
08100415,Ganghoferstraße,13,11,25,28,36,11.5,17.86,20.95,17.86,18.51,08,18.51,1.401999999999913,22.6,0,1.0780261817469794,0.7304461490005858,0.36824933656406694,0.3673518627365608
08100416,Alt-Rixdorf,24,16,23,27,20,13.4,13.75,22.77,22.47,16.8,08,16.8,1.5519999999997793,22.0,0,0.6767291559606063,0.35496316669429206,0.5682157917995657,0.5727370034813773
08100417,Braunschweiger Straße,42,32,39,53,71,10.16,11.51,16.0,16.93,18.68,08,18.68,2.2459999999997424,47.4,0,1.1179212077023493,0.7677748665398075,1.493393924689916,1.5229855879948588
08100418,Hertzbergplatz,34,24,17,34,35,10.23,9.9,15.0,17.98,17.82,08,17.82,2.3259999999997047,28.8,0,0.9160993116928287,0.5789354719296249,1.6000427008155602,1.6325243297254737
08100419,Treptower Straße Nord,28,11,8,19,28,9.72,9.32,10.32,21.21,17.0,08,17.0,2.64499999999968,18.8,1,0.7236644806139831,0.39887930497572976,2.0253046956167338,2.069310062376472
08100520,Weiße Siedlung,59,33,21,66,54,8.02,8.29,8.29,7.83,8.49,08,8.49,0.04799999999999926,46.6,0,-1.2734335833872052,-1.46975237889945,-1.436781199363197,-1.4865913410548521
08100521,Schulenburgpark,52,43,32,29,47,6.63,7.14,7.19,7.45,7.36,08,7.36,0.17699999999998678,40.6,0,-1.538618167678785,-1.7178785601895739,-1.2648100478605313,-1.3099601200141693
08200622,Jahnstraße,22,22,27,43,42,11.28,12.0,15.5,17.3,19.4,08,19.4,2.1539999999997494,31.2,0,1.286888376454506,0.9258729643529835,1.3707478321453765,1.397016035004602
08200623,Park am Buschkrug,30,13,30,13,21,13.0,13.36,22.14,11.09,13.5,08,13.5,-0.12700000000001413,21.4,0,-0.09770370082011316,-0.36965311494943237,-1.6700753971381714,-1.7262073385907033
08200624,Tempelhofer Weg,56,36,23,42,63,7.57,8.91,7.99,10.02,10.09,08,10.09,0.6149999999999517,44.0,0,-0.8979509861601899,-1.1184232726479475,-0.6809079985724008,-0.7102355090388182
08200725,Mohriner Allee Nord,4,3,4,,5,9.52,10.0,15.5,,10.92,08,10.92,0.48971428571425274,4.0,1,-0.7031693888486756,-0.9361712987799804,-0.8479275997549413,-0.8817810027848589
08200726,Hufeisensiedlung,15,15,8,26,53,7.25,6.39,8.83,10.0,10.06,08,10.06,0.9229999999998723,23.4,0,-0.9049912848581962,-1.125010693390163,-0.27031021048858306,-0.28851135337586087
08200727,Parchimer Allee Süd,18,6,3,8,24,6.72,8.21,8.51,7.73,9.76,08,9.76,0.5599999999999575,11.8,1,-0.9753942718382619,-1.19088490081232,-0.754229032158808,-0.7855433939786434
08200728,Ortolanweg,,,,,,,,,,,08,,,,1,,,,
08200729,Britzer Garten,,,,,,,,,,,08,,,,1,,,,
08200730,Handwerker-Siedlung,7,5,14,3,11,8.52,6.25,7.73,9.08,8.73,08,8.73,0.3249999999999253,8.0,1,-1.217111193803153,-1.4170530129617247,-1.0675098120280784,-1.1073134478125204
08200831,Buckow West,35,16,13,19,39,7.33,10.66,10.0,11.06,8.73,08,8.73,0.3200000000000082,24.4,0,-1.217111193803153,-1.4170530129617247,-1.0741753605358237,-1.1141596191705734
08200832,Buckow Mitte,36,52,22,98,164,8.62,7.2,8.99,10.63,12.27,08,12.27,1.072999999999852,74.4,0,-0.3863559474383814,-0.6397373653802751,-0.07034375525293285,-0.08312621263088879
08200833,Buckow Ost,21,30,60,40,98,7.19,8.09,9.5,14.9,13.5,08,13.5,1.94299999999978,49.8,0,-0.09770370082011316,-0.36965311494943237,1.0894616851138983,1.1081076036900108
08300934,Gropiusstadt Nord-West,60,42,51,65,97,7.24,6.86,7.7,7.92,8.06,08,8.06,0.26999999999996,63.0,0,-1.3743445313919656,-1.5641720762045415,-1.140830845614447,-1.182621332752306
08300935,Gropiusstadt Süd-West,26,17,6,11,31,9.96,9.81,12.01,12.5,10.65,08,10.65,0.4069999999999391,18.2,1,-0.7665320771307343,-0.9954580854599214,-0.9581948164992232,-0.9950362375385684
08301036,Gropiusstadt Mitte,28,30,16,31,43,8.73,6.7,7.27,8.93,8.54,08,8.54,0.18499999999994782,29.6,0,-1.2616997522238613,-1.458773344329091,-1.2541451702480135,-1.299006245841156
08301037,Gropiusstadt Süd-Ost,70,32,59,58,150,6.83,6.59,6.48,7.95,8.74,08,8.74,0.5179999999999392,73.8,0,-1.214764427570484,-1.4148572060476527,-0.810219639624822,-0.8430512333872684
08401138,Goldhähnchenweg,13,17,8,19,15,7.14,7.14,7.14,14.49,7.36,08,7.36,0.7789999999999004,14.4,1,-1.538618167678785,-1.7178785601895739,-0.4622780075147955,-0.485681088491022
08401139,Vogelviertel Süd,13,12,13,15,16,8.6,7.54,10.14,9.09,9.03,08,9.03,0.24099999999994645,13.8,1,-1.1467082068230878,-1.3511788055395682,-1.1794910269600294,-1.2223291266296912
08401140,Vogelviertel Nord,,,4,3,15,,,9.97,16.9,9.08,08,9.08,-0.4449999999994983,7.333333333333333,1,-1.1349743756597435,-1.3401997709692084,-2.094004282237119,-2.161623836969396
08401241,Blumenviertel,24,10,9,11,11,10.29,7.75,16.67,14.82,12.76,08,12.76,1.2009999999997865,13.0,1,-0.27136440203760787,-0.5321428265907524,0.1002942865480908,0.09213577413808778
08401242,Zittauer Straße,15,7,6,8,12,8.0,7.71,17.11,12.92,7.55,08,7.55,0.43099999999989824,9.6,1,-1.494029609258077,-1.6761582288222079,-0.9262001836615693,-0.9621746150194244
08401243,Alt-Rudow,67,38,31,44,41,8.29,8.31,13.57,11.91,11.36,08,11.36,0.9739999999998645,44.2,0,-0.5999116746112465,-0.8395557945608173,-0.20232161570846313,-0.21868040552257154
08401244,Waßmannsdorfer Chaussee,9,5,4,7,11,7.9,9.62,9.8,14.56,17.05,08,17.05,2.323999999999759,7.2,1,0.7353983117773276,0.40985833954608936,1.5973764814124902,1.6297858611822815
08401245,Frauenviertel,31,20,11,12,31,8.62,9.08,10.52,10.53,11.2,08,11.2,0.6609999999999245,21.0,0,-0.6374599343339481,-0.8746887051859676,-0.6195849523001626,-0.6472507325437221
08401246,Waltersdorfer Chaussee Ost,26,33,16,18,39,6.97,6.97,7.23,7.43,7.36,08,7.36,0.12399999999998523,26.4,0,-1.538618167678785,-1.7178785601895739,-1.3354648620438059,-1.382529536410738
09100101,Alt-Treptow,70,48,45,65,78,13.33,14.53,18.75,17.38,18.13,09,18.13,1.2449999999998547,61.2,0,1.2525810292625645,0.6470054862658533,0.7226091055657269,0.15238208209004775
09100202,Plänterwald West,7,6,4,5,23,11.19,13.0,13.19,20.31,12.21,09,12.21,0.9349999999999049,9.0,1,-0.5642346338488348,-0.6529122068647062,0.19141228783225583,-0.2720805421162162
09100203,Plänterwald Ost,17,16,14,24,40,8.61,14.42,17.83,11.4,12.13,09,12.13,0.4020000000000197,22.2,0,-0.5887861968638537,-0.6704786621772814,-0.7219035310449216,-1.0018824088966247
09100304,Baumschulenweg West,74,51,55,49,38,12.0,10.63,14.06,13.75,13.95,09,13.95,0.7019999999998863,53.4,0,-0.03023813827217379,-0.2708418038161974,-0.20784209452880453,-0.5911121274068079
09100305,Baumschulenweg Ost,30,15,16,17,23,9.52,13.0,11.49,15.0,16.36,09,16.36,1.5679999999998757,20.2,1,0.7093776975552711,0.2583476624751286,1.2760819188816952,0.5946447518276426
09100306,Späthsfelde,,,,,3,,,,,8.76,09,8.76,,3.0,1,-1.623020788871526,-1.410465592219509,,
09100407,Johannisthal West,54,31,34,68,62,14.5,16.0,17.0,17.0,17.01,09,17.01,0.6019999999999476,49.8,0,0.9088591470523005,0.401075111889802,-0.3791959067008147,-0.7280355545700571
09100408,Johannisthal Ost,62,49,35,90,81,10.35,11.99,10.77,12.18,13.66,09,13.66,0.6809999999999516,63.4,0,-0.11923755420161711,-0.33452020432428203,-0.24382639508483672,-0.6198660471110183
09100409,Landschaftspark Adlershof,12,9,11,23,105,8.0,8.0,9.55,12.2,11.0,09,11.0,1.0199999999998737,32.0,0,-0.9355770244509962,-0.9186048434674053,0.33706302817850026,-0.15569562902742579
09200510,Helmholtz-Kiez,109,66,65,68,146,10.05,11.05,11.73,14.0,14.0,09,14.0,1.0849999999998858,90.8,0,-0.01489341138778675,-0.2598627692458378,0.44844300609039595,-0.0666954013712426
09200511,Griechischer Park,192,123,68,117,175,8.2,7.9,8.38,9.49,9.66,09,9.66,0.4509999999999426,135.0,0,-1.346815704952563,-1.2128429699530388,-0.6379401630807172,-0.934789929586697
09200512,Wuhlheide,72,46,37,48,63,12.02,12.09,10.67,10.0,10.67,09,10.67,-0.47899999999993575,53.2,0,-1.0368522218879492,-0.9910664716317777,-2.23153061628118,-2.2081778022055283
09200613,Bahnhof Schöneweide,217,129,99,141,243,14.04,14.68,16.9,17.38,19.66,09,19.66,1.393999999999842,165.8,0,1.7221296719248018,0.982963944118853,0.9779262857021569,0.35639798856339683
09200614,Oberspree,,9,5,46,54,,16.39,15.45,16.5,17.26,09,17.26,0.36600000000002586,28.5,0,0.9855827814742346,0.4559702847415993,-0.7835909034268724,-1.0511748426754162
09200715,Wista,62,98,98,63,93,11.76,10.8,11.0,15.0,15.42,09,15.42,1.1519999999998545,82.8,0,0.420896832128799,0.051941812552370854,0.5632500602456594,0.025043294828147676
09200716,Dörpfeldstraße West,46,46,37,58,84,10.0,11.99,13.85,15.71,14.24,09,14.24,1.2199999999998767,54.2,0,0.05876127765727007,-0.2071634033081123,0.6797706525227359,0.1181512252992447
09200717,Dörpfeldstraße Ost,86,45,63,74,104,10.35,11.2,11.72,13.11,13.2,09,13.2,0.7609999999999222,74.4,0,-0.26040904153797617,-0.43552732237158925,-0.10674334534719503,-0.5103273053803922
09200818,Spindlersfeld,85,96,101,156,324,15.0,17.5,19.5,19.0,20.0,09,20.0,1.1499999999998942,152.4,0,1.8264738147386321,1.0576213791972973,0.5598229840022853,0.022304826284935433
09200819,Köllnische Vorstadt,115,56,93,81,123,9.54,9.55,10.31,12.06,11.05,09,11.05,0.552999999999932,93.6,0,-0.9202322975666092,-0.9076258088970457,-0.46315927466517787,-0.7951280338801117
09300920,Dorf Altglienicke,64,79,69,81,157,9.66,8.78,17.0,17.51,17.67,09,17.67,2.474999999999668,90.0,0,1.1114095419262067,0.5459983682185469,2.8302609952824236,1.8365402361987897
09300921,Preußen Siedlung,24,12,5,13,36,11.5,9.78,12.89,16.0,12.08,09,12.08,0.7379999999998729,18.0,1,-0.6041309237482407,-0.681457696747641,-0.14615472214686603,-0.5418196936280263
09300922,Kosmos Viertel,6,4,,8,16,6.5,6.5,,6.9,6.7,09,6.7,0.07999999999998578,8.5,1,-2.255223536508263,-1.8628018165183184,-1.2736628062391906,-1.4427758443626038
09300923,Kölner Viertel,10,12,24,31,64,8.48,9.06,11.06,12.61,9.95,09,9.95,0.6489999999999208,28.2,0,-1.2578162890231197,-1.1491645694449542,-0.2986596149799665,-0.6636815438033272
09301024,Falkenberg,15,9,10,13,21,13.0,13.5,13.5,17.04,15.5,09,15.5,0.8539999999999064,13.6,1,0.44544839514381795,0.069508267864946,0.052615699972845056,-0.382988518118514
09301025,Alt-Bohnsdorf,22,58,22,32,40,13.17,10.0,12.5,13.23,13.06,09,13.06,0.30099999999991145,34.8,0,-0.3033742768142589,-0.46626861916859547,-0.8949708813389434,-1.1401750703317393
09301126,Grünau,178,126,135,177,206,14.16,14.16,15.16,17.19,18.55,09,18.55,1.1809999999998617,164.4,0,1.3814767350914146,0.7392293766568732,0.6129426657755852,0.0647510887055242
09301227,Karolinenhof,6,5,16,9,8,11.33,10.96,18.0,14.0,15.0,09,15.0,1.037999999999847,8.8,1,0.29200112629994973,-0.04028207783864859,0.36790671436943534,-0.13104941213806226
09301228,Schmöckwitz/Rauchfangswerder,11,7,10,15,17,12.5,12.5,15.0,16.84,16.85,09,16.85,1.303999999999839,12.0,1,0.8597560210222627,0.3659422012646517,0.8237078547472482,0.23316690411639296
09401329,Kietzer Feld/Nachtheide,53,40,71,126,374,8.5,7.73,10.33,12.5,16.07,09,16.07,1.990999999999754,132.8,0,0.6203782816258279,0.1946692619670439,2.000908544369534,1.1738308487283753
09401330,Wendenschloß,27,21,22,23,38,11.76,12.21,15.39,16.23,14.11,09,14.11,0.8719999999998892,26.2,0,0.018864987757864087,-0.23570889319104707,0.08345938616379633,-0.35834230122913757
09401431,Allende I,39,31,20,50,104,6.73,6.24,6.63,10.56,14.0,09,14.0,1.8859999999997799,48.8,0,-0.01489341138778675,-0.2598627692458378,1.820987041588857,1.0300612502069106
09401432,Siedlung Kämmereiheide,18,17,21,19,12,9.21,9.19,9.58,10.75,10.67,09,10.67,0.44799999999994705,17.4,1,-1.0368522218879492,-0.9910664716317777,-0.643080777445873,-0.9388976324015907
09401433,Allende II,39,25,24,28,53,6.04,6.17,6.16,7.34,7.02,09,7.02,0.312999999999965,33.8,0,-2.1570172844481874,-1.7925359952680182,-0.8744084238781978,-1.123744259072066
09401534,Altstadt Köpenick,98,110,41,89,154,9.13,9.5,7.57,8.49,9.14,09,9.14,-0.09899999999997436,98.4,0,-1.5064008645501858,-1.3270249294847771,-1.5803861300272084,-1.6878687789849156
09401635,Müggelheim,32,36,25,25,23,13.0,13.01,12.9,13.64,14.92,09,14.92,0.4469999999999513,28.2,0,0.2674495632849308,-0.057848533151223736,-0.6447943155675868,-0.9402668666732183
09501736,Hirschgarten,35,23,20,26,45,7.1,7.43,11.37,8.76,9.2,09,9.2,0.5529999999999246,29.8,0,-1.487987192288922,-1.3138500880003459,-0.46315927466519063,-0.7951280338801219
09501737,Alt-Friedrichshagen,88,81,56,95,124,8.95,11.15,12.36,10.38,10.2,09,10.2,0.17300000000000532,88.8,0,-1.1810926546011855,-1.0942693965931567,-1.11430376091909,-1.315437057100677
09501838,Rahnsdorf,87,78,86,152,131,12.96,13.52,13.64,12.73,14.84,09,14.84,0.2969999999999762,106.8,0,0.24289800026991185,-0.07541498846379889,-0.9018250338257169,-1.145652007418184
09501939,Bahnhofstraße,93,94,87,92,140,11.62,13.95,14.45,15.01,17.38,09,17.38,1.2579999999998885,101.2,0,1.0224101259967622,0.48231996771046143,0.7448851011481599,0.17018212762132745
09501940,Güterbahnhof Köpenick,47,37,36,34,46,10.5,11.31,12.5,13.47,13.77,09,13.77,0.8699999999999061,40.0,0,-0.08547915505596627,-0.31036632826949134,0.08003230992038295,-0.3610807697723811
09501941,Friedrichshagener Straße,63,29,46,60,66,14.16,14.16,17.0,16.3,17.13,09,17.13,0.8079999999998962,52.8,0,0.9456864915748281,0.42742479485866414,-0.026207053626345324,-0.44597329461366114
09502042,Mittelheide,48,38,69,45,79,12.0,13.0,14.0,14.09,15.81,09,15.81,0.8709999999999112,55.8,0,0.5405857018270165,0.13757828220117477,0.08174584804211285,-0.3597115355007408
09502043,Dammheide,50,36,27,48,77,10.0,9.5,10.5,10.33,13.79,09,13.79,0.8409999999998969,47.6,0,-0.07934126430221167,-0.30597471444134766,0.030339704390453887,-0.40078856364976023
10100101,Marzahn West,63,57,29,41,71,5.83,5.58,5.88,6.29,6.88,10,6.88,0.28099999999996383,52.2,0,-1.3771783493672165,-1.8232772920650244,-0.652776696884383,-1.1675597557643342
10100102,Rosenbecker Straße,75,46,37,38,55,12.0,11.75,11.75,12.5,12.65,10,12.65,0.2049999999999738,50.2,0,0.32614971035350443,-0.5562967026455431,-0.7525492239255164,-1.2716215604084538
10100103,Wittenberger Straße,51,42,51,78,74,7.29,6.96,7.17,8.64,8.26,10,8.26,0.3619999999999522,59.2,0,-0.9697965950492624,-1.5202559379231038,-0.5464401878010712,-1.0566517797620505
10100104,Golliner Straße,64,35,20,31,75,6.04,6.61,6.5,6.77,7.77,10,7.77,0.361999999999968,45.0,0,-1.1144466382491158,-1.6278504767126265,-0.5464401878010504,-1.0566517797620287
10100205,Gewerbegebiet Bitterfelder Straße,,,,,,,,,,,10,,,,1,,,,
10100206,Wuhletalstraße,69,29,42,72,65,10.56,5.87,11.16,13.0,14.01,10,14.01,1.4029999999997536,55.4,0,0.7276273812755458,-0.2576669623317659,0.8201808733806865,0.3687210970079757
10100207,Ahrensfelder Berge,50,28,34,58,84,7.05,6.18,8.43,7.78,7.33,10,7.33,0.2159999999999537,50.8,0,-1.244336472959188,-1.7244659809317895,-0.7381084634327452,-1.2565599834205146
10100208,Bürgerpark,179,90,45,110,127,7.38,7.44,7.0,8.26,8.26,10,8.26,0.2579999999999733,110.2,0,-0.9697965950492624,-1.5202559379231038,-0.6829710142784016,-1.1990521440118878
10100209,Lea-Grundig-Straße,31,65,23,35,42,7.91,9.5,10.19,9.94,11.7,10,11.7,0.8019999999999285,39.2,0,0.045705749047666194,-0.7648983594823731,0.031190231910797957,-0.4541887002434169
10100210,Marzahner Promenade,108,70,43,97,98,6.17,6.36,6.02,6.7,6.86,10,6.86,0.17199999999998472,83.2,0,-1.3830824327631286,-1.8276689058931683,-0.7958715054038945,-1.3168062913723388
10100311,Marzahner Chaussee,8,6,6,21,48,6.63,9.94,11.43,28.67,22.5,10,22.5,5.046999999999447,17.8,1,3.2339107828403497,1.6065731077152703,5.604010985721566,5.358210782839415
10100312,Springpfuhl,103,83,47,55,113,7.12,6.62,6.11,7.02,7.34,10,7.34,0.08399999999998621,80.2,0,-1.2413844312612317,-1.7222701740177178,-0.9113975893462726,-1.4372989072760698
10100313,Alt-Marzahn,43,21,10,19,39,8.18,7.8,7.42,8.26,8.26,10,8.26,0.06199999999998993,26.4,0,-0.9697965950492624,-1.5202559379231038,-0.9402791103318626,-1.4674220612519981
10100314,Auersbergstraße,37,26,15,25,20,7.25,8.03,9.45,9.25,6.88,10,6.88,0.04799999999999586,24.6,0,-1.3771783493672165,-1.8232772920650244,-0.9586582600499608,-1.4865913410548566
10100315,Bärenstein,69,32,17,22,32,7.08,5.74,11.6,16.67,15.0,10,15.0,2.676999999999646,34.4,0,1.0198795093732085,-0.04028207783864859,2.4926834977281835,2.113125559068693
10100316,Landsberger Tor,41,17,12,23,30,8.03,8.12,9.62,10.32,10.52,10,10.52,0.7179999999999134,24.6,0,-0.30263517131116396,-1.0240035753428562,-0.07908466639785745,-0.5692043790606375
10200417,Zossener Straße,81,30,16,3,20,7.55,8.09,6.35,6.92,13.0,10,13.0,0.9729999999999119,30.0,0,0.4294711697819709,-0.47944346065302695,0.25567841775335554,-0.22004963979413997
10200418,Kyritzer Straße,48,19,54,31,69,9.5,11.7,11.15,15.74,14.91,10,14.91,1.4859999999998599,44.2,0,0.9933111340916029,-0.06004434006529558,0.9291429752810253,0.4823675415536878
10200419,Havelländer Ring,145,133,145,96,92,10.88,11.46,12.28,13.49,14.11,10,14.11,0.8489999999999075,122.2,0,0.7571477982551076,-0.23570889319104707,0.09289166310726875,-0.38983468947667915
10200420,Gut Hellersdorf,12,3,21,26,36,7.18,13.69,11.9,11.45,14.92,10,14.92,1.3239999999999486,19.6,1,0.996263175789559,-0.057848533151223736,0.7164699571144876,0.2605515895492095
10200421,Helle Mitte,72,51,55,47,32,9.7,10.36,10.83,11.79,12.59,10,12.59,0.7209999999999256,51.4,0,0.3084374601657671,-0.5694715441299746,-0.075146277172533,-0.5650966762457208
10200422,Hellersdorfer Promenade,91,53,43,44,54,8.31,9.73,10.28,10.48,11.59,10,11.59,0.7309999999999343,57.0,0,0.013233290370148294,-0.7890522355371637,-0.062018313088160255,-0.5514043335293756
10200423,Böhlener Straße,65,47,,6,16,7.54,7.65,,12.7,15.83,10,15.83,2.162999999999598,33.5,0,1.2648989703035722,0.14196989602931845,1.817906143791946,1.4093391434490945
10200524,Adele-Sandrock-Straße,90,51,20,91,67,8.57,9.26,11.81,13.63,13.46,10,13.46,1.4149999999998355,63.8,0,0.5652650878879558,-0.37843634260571973,0.8359344302820276,0.38515190826768786
10200525,Schleipfuhl,,,,9,17,,,,6.76,6.77,10,6.77,0.009999999999993287,13.0,1,-1.4096508080447345,-1.8474311681198157,-1.0085445235705375,-1.5386222433769265
10200526,Boulevard Kastanienallee,34,32,8,,5,8.26,8.0,7.56,,9.26,10,9.26,0.25942857142851455,19.75,1,-0.6745924252536436,-1.3006752465159146,-0.6810955908378183,-1.1970960950524532
10200627,Am Kienberg,22,13,9,6,16,5.96,7.29,7.33,6.85,6.9,10,6.9,0.14400000000000146,13.2,1,-1.371274265971304,-1.8188856782368807,-0.8326298048400843,-1.355144850978049
10200628,Neue Grottkauer Straße,,,,8,14,,,,6.42,6.88,10,6.88,0.4599999999996488,11.0,1,-1.3771783493672165,-1.8232772920650244,-0.41778613977472806,-0.9224668211423993
10200629,Teterower Ring,54,28,12,21,115,6.5,7.68,11.2,9.25,16.5,10,16.5,2.156999999999763,46.0,0,1.4626857640666369,0.2890889592721352,1.8100293653415458,1.4011237378195203
10200630,Cecilienplatz,4,3,,33,59,6.2,18.29,,9.0,6.8,10,6.8,-0.808999999999675,24.75,0,-1.400794682950866,-1.8408437473776,-2.083724782079298,-2.660025111844171
10300731,Oberfeldstraße,24,13,19,16,15,10.42,13.67,12.03,14.14,13.84,10,13.84,0.7309999999999671,17.4,1,0.6774426724102907,-0.29499567987098807,-0.062018313088117116,-0.5514043335293306
10300732,Buckower Ring,142,68,31,39,53,8.5,8.95,7.94,8.5,10.53,10,10.53,0.36099999999997173,66.6,0,-0.2996831296132078,-1.0218077684287843,-0.5477529842094817,-1.0580210140336568
10300733,Alt-Biesdorf,12,22,13,20,36,10.66,16.89,14.91,18.06,14.0,10,14.0,0.7849999999999971,20.6,1,0.7246753395775898,-0.2598627692458378,0.008872692967473686,-0.4774656828610896
10300734,Biesdorf Süd,21,20,18,27,26,13.0,13.08,12.5,16.5,17.65,10,17.65,1.271999999999859,22.4,0,1.802170559331598,0.5416067543904024,0.6482045438756909,0.18935140742415366
10400835,Kaulsdorf Nord,32,28,20,18,30,7.86,9.11,10.04,14.0,14.0,10,14.0,1.716999999999815,25.6,0,0.7246753395775898,-0.2598627692458378,1.232398945629714,0.7986606583009257
10400836,Alt-Kaulsdorf,17,19,4,6,10,10.0,11.58,13.18,13.16,15.96,10,15.96,1.3499999999998638,11.2,1,1.3032755123770028,0.1705153859122532,0.7506026637337159,0.29615168061156
10400837,Kaulsdorf Süd,14,15,31,29,46,12.58,11.12,14.0,14.51,13.79,10,13.79,0.5809999999999002,27.0,0,0.6626824639205096,-0.30597471444134766,-0.2589377743536255,-0.756789474274422
10400938,Mahlsdorf Nord,42,33,20,28,30,12.93,12.9,14.25,14.48,13.9,10,13.9,0.35199999999995274,30.6,0,0.6951549225980279,-0.2818208383865566,-0.5595681518854319,-1.0703441224783827
10400939,Alt-Mahlsdorf,37,19,10,19,16,12.25,11.67,11.21,14.4,14.85,10,14.85,0.7929999999999039,20.2,1,0.9755988839038656,-0.07321918154972704,0.01937506423484036,-0.4665118086881506
10400940,Elsensee,9,10,8,12,8,9.98,10.94,13.98,14.35,14.35,10,14.35,1.21499999999986,9.4,1,0.8279967990060562,-0.18300952725332162,0.5733751485948324,0.11130505394105508
10400941,Pilgramer Straße,29,23,17,24,15,10.55,11.07,12.0,12.81,14.43,10,14.43,0.9499999999998965,21.6,0,0.8516131325897057,-0.16544307194074648,0.2254841003593041,-0.25154202804172776
11100101,Dörfer Malchow-Wartenberg,6,7,5,4,4,8.96,8.98,12.66,12.12,10.38,11,10.38,0.5979999999999134,5.2,1,-0.5451875110853036,-1.0547448721398625,-0.586910253424001,-0.7335124916566372
11100102,Dorf Falkenberg,53,25,16,25,26,9.5,9.5,9.5,9.0,16.8,11,16.8,1.4099999999998494,29.0,0,1.1014643488801052,0.35496316669429206,0.5574797654000557,0.37830573690954017
11100203,Falkenberg Ost,62,29,53,39,41,6.96,7.03,6.7,6.58,6.58,11,6.58,-0.12099999999998327,44.8,0,-1.5198412599744868,-1.8891514994871814,-1.600230972062478,-1.717991932960861
11100204,Falkenberg West,39,30,26,25,58,6.31,7.14,7.54,8.64,7.59,11,7.59,0.4059999999999617,35.6,0,-1.2607885530328882,-1.6673750011659205,-0.8575049376779184,-0.9964054718101707
11100205,Wartenberg Süd,29,23,30,56,84,6.04,6.38,7.02,7.68,7.56,11,7.56,0.433999999999952,44.4,0,-1.2684831878925398,-1.6739624219081362,-0.8180432128908925,-0.9580669122044507
11100206,Wartenberg Nord,19,34,48,73,97,6.71,6.06,6.14,7.5,7.78,11,7.78,0.35799999999995047,54.2,0,-1.212055865588429,-1.6256546697985543,-0.9251536087414306,-1.062128716848586
11100307,Zingster Straße Ost,128,90,47,63,76,7.12,8.05,11.64,10.96,10.47,11,10.47,0.960999999999886,80.8,0,-0.5221036065063493,-1.0349826099132153,-0.0753171785063484,-0.23648045105377552
11100308,Zingster Straße West,151,66,36,59,91,6.04,6.14,6.76,7.16,7.56,11,7.56,0.40599999999995273,80.6,0,-1.2684831878925398,-1.6739624219081362,-0.857504937677931,-0.996405471810183
11100309,Mühlengrund,45,29,8,12,27,8.0,8.2,7.19,14.3,14.5,11,14.5,1.9099999999997876,24.2,0,0.5115423429734944,-0.15007242354224318,1.2621534223113893,1.0629228727261213
11200410,Malchower Weg,97,47,31,39,75,6.82,7.06,7.44,10.55,10.99,11,10.99,1.1829999999998655,57.8,0,-0.38872993560572444,-0.9208006503814772,0.2375579251622935,0.06748955724879603
11200411,Hauptstraße,50,53,22,25,49,7.51,7.64,8.2,13.41,14.55,11,14.55,1.984999999999773,39.8,0,0.524366734406247,-0.13909338897188356,1.3678544708480815,1.165615443098601
11200512,Orankesee,7,5,10,32,21,9.22,13.99,12.51,17.82,17.67,11,17.67,2.0729999999998316,15.0,1,1.3246087598099976,0.5459983682185469,1.4918770344645742,1.2861080590024145
11200513,Große-Leege-Straße,163,97,83,100,129,9.8,10.63,13.25,14.04,15.0,11,15.0,1.3809999999998421,114.4,0,0.6397862573010186,-0.04028207783864859,0.5166086932991831,0.3385979430321637
11200514,Landsberger Allee,116,90,66,106,141,8.94,9.3,8.35,8.86,13.61,11,13.61,0.8899999999999133,103.8,0,0.2832681754705015,-0.3454992388946417,-0.17538083778773156,-0.3336960843397046
11200515,Weiße Taube,30,36,57,134,181,12.0,12.0,16.0,16.0,16.0,11,16.0,1.199999999999845,87.6,0,0.8962740859560666,0.1792986135685406,0.26151682949725286,0.09076653986653456
11300616,Hohenschönhausener Straße,20,13,23,25,,7.17,6.4,7.33,8.19,,11,8.19,0.3989999999999192,20.25,1,-1.1068958558398594,-1.535626586321607,-0.8673703688747382,-1.0059901117116623
11300617,Fennpfuhlpark,25,28,12,14,65,6.91,6.67,6.64,7.43,7.56,11,7.56,0.20599999999997337,28.8,0,-1.2684831878925398,-1.6739624219081362,-1.1393744004424702,-1.270252326136821
11300618,Storkower Bogen,12,8,12,11,33,8.33,6.68,6.74,8.76,8.76,11,8.76,0.29399999999994375,15.2,1,-0.9606977935064819,-1.410465592219509,-1.0153518368261019,-1.1497597102331285
11300619,Rudolf-Seiffert-Park,14,14,11,7,54,8.4,11.79,13.61,12.97,8.48,11,8.48,0.134000000000017,20.0,1,-1.0325143855298953,-1.471948185813522,-1.2408474070376532,-1.368837193694361
11300620,Fennpfuhl Ost,14,18,18,16,50,7.39,6.19,7.49,9.15,7.56,11,7.56,0.32999999999993834,23.2,0,-1.2684831878925398,-1.6739624219081362,-0.9646153335284873,-1.100467276454336
11300721,Herzbergstraße,35,73,27,63,40,20.2,11.7,23.88,23.91,16.4,11,16.4,0.4609999999997696,47.6,0,0.9988692174180855,0.26713089013141594,-0.7799908354179329,-0.9210975868706005
11300722,Rathaus Lichtenberg,89,44,23,57,72,8.0,10.19,8.25,14.42,12.41,11,12.41,1.3049999999998856,57.0,0,-0.0245172189155561,-0.6089960685832685,0.4094982974487084,0.23453613838808998
11300723,Bornitzstraße,,,3,,,,,11.55,,,11,11.55,,3.0,1,-0.24509675155889735,-0.7978354631934511,,
11300724,Roedeliusplatz,49,34,14,21,33,8.88,7.77,14.2,9.06,11.07,11,11.07,0.5669999999998946,30.2,0,-0.36821090931332057,-0.903234195068902,-0.6306000201525356,-0.7759587540772963
11300725,Nibelungenviertel,147,63,49,65,121,10.55,11.32,10.91,12.7,15.0,11,15.0,1.0279999999998968,89.0,0,0.6397862573010186,-0.04028207783864859,0.019109091519797203,-0.1447417548543275
11300826,Frankfurter Allee Süd,51,81,21,21,81,5.96,8.2,6.08,7.78,7.78,11,7.78,0.3220000000000029,51.0,0,-1.212055865588429,-1.6256546697985543,-0.9758901120389789,-1.1114211506273142
11400927,Victoriastadt,17,10,10,14,14,12.0,11.46,17.0,19.23,13.5,11,13.5,1.0769999999998365,13.0,1,0.25505451431844633,-0.36965311494943237,0.08816710989703151,-0.07764927554437674
11400928,Nöldnerplatz,24,43,16,40,38,12.78,19.62,22.05,21.54,15.5,11,15.5,0.7359999999999888,32.2,0,0.7680301716285426,0.069508267864946,-0.3924203241163427,-0.5445581621711343
11400929,Weitlingkiez,177,84,82,137,181,9.58,7.14,9.06,14.43,14.58,11,14.58,1.7289999999997596,132.2,0,0.5320613692658983,-0.13250596822966804,1.0070615585094154,0.81509146956045
11400930,Zachertstraße,53,66,24,30,47,10.46,11.05,14.0,12.93,14.0,11,14.0,0.8959999999998939,44.0,0,0.3832984286459704,-0.2598627692458378,-0.1669247539048219,-0.3254806787099312
11400931,Massower Straße,71,29,26,39,48,15.85,16.68,11.0,16.25,19.19,11,19.19,0.6249999999999697,42.6,0,1.7144702593656704,0.8797610191574743,-0.548857875950705,-0.6965431663224602
11401032,Rosenfelder Ring,144,112,119,140,146,12.0,12.77,16.25,17.08,16.23,11,16.23,1.276999999999847,132.2,0,0.9552662865467278,0.22980217259219418,0.3700365726616144,0.19619757878230376
11401033,Gensinger Straße,76,43,22,38,60,8.73,9.14,11.89,13.57,13.16,11,13.16,1.3289999999998396,47.8,0,0.16784865257573,-0.4443105500278766,0.4433226329803918,0.267397760907227
11401034,Tierpark,55,30,27,40,53,6.88,7.18,11.78,18.2,17.78,11,17.78,3.281999999999605,41.0,0,1.3528224209620527,0.5701522442733375,3.1957779368760693,2.9415122934068014
11401135,Dolgenseestraße,151,71,60,87,186,6.92,7.0,8.2,9.55,9.21,11,9.21,0.712999999999914,111.0,0,-0.8452782706117099,-1.3116542810862737,-0.4248353123343734,-0.5760505504188033
11401136,Volkradstraße,106,67,34,34,117,6.94,6.94,6.94,9.25,9.25,11,9.25,0.6929999999999203,71.6,0,-0.8350187574655082,-1.3028710534299863,-0.4530222586108213,-0.6034352358514612
11401137,Erieseering,83,43,23,27,60,6.04,6.54,6.67,7.16,7.02,11,7.02,0.2579999999999765,47.2,0,-1.4069866153662658,-1.7925359952680182,-1.066088340123678,-1.1990521440118835
11501238,Rummelsburg,39,21,26,26,45,10.3,10.81,14.7,18.0,18.0,11,18.0,2.258999999999729,31.4,0,1.409249743266163,0.6184599963829189,1.754015634835478,1.5407856335260737
11501339,Karlshorst West,91,59,58,55,104,9.26,10.25,13.11,14.75,12.28,11,12.28,1.0539999999998764,73.4,0,-0.05786063664071256,-0.6375415584662033,0.05575212167916231,-0.10914166379188882
11501340,Karlshorst Nord,60,46,37,60,57,11.0,11.0,15.0,15.44,13.5,11,13.5,0.9439999999998716,52.0,0,0.25505451431844633,-0.36965311494943237,-0.0992760828413569,-0.2597574336715618
11501341,Karlshorst Süd,22,86,101,321,150,10.78,14.41,18.01,19.27,18.72,11,18.72,2.073999999999794,136.0,0,1.5939209798977974,0.7765580941960949,1.4932863817783437,1.2874772932739962
12100101,Letteplatz,129,80,67,87,113,10.43,10.76,12.08,11.66,13.18,12,13.18,0.6399999999999282,95.2,0,0.23341225075360145,-0.43991893619973294,-0.4920763835603985,-0.6760046522480171
12100102,Hausotterplatz,70,51,33,43,71,9.21,8.95,10.01,11.34,16.15,12,16.15,1.626999999999811,53.6,0,1.1718696285628132,0.21223571727961865,1.1948197177993696,0.6754295738539207
12100103,Breitkopfbecken,79,52,40,38,63,8.91,9.31,10.66,12.34,12.34,12,12.34,0.9889999999998857,54.4,0,-0.03201003791971106,-0.6243667169817718,0.1044046087137224,-0.1981418914480425
12100204,Schäfersee,62,39,35,63,121,8.68,10.28,15.0,18.95,14.84,12,14.84,2.0989999999997537,64.0,0,0.757937249798481,-0.07541498846379889,2.0015218047718197,1.3217081500647745
12100205,Teichstraße,114,74,45,75,107,8.85,7.97,9.0,10.41,11.73,12,11.73,0.8199999999998915,83.0,0,-0.22475717612294976,-0.7583109387401571,-0.18443575717262506,-0.4295424833540677
12100206,Humboldtstraße,22,15,18,16,17,9.1,8.75,10.63,11.05,10.85,12,10.85,0.5799999999999208,17.6,1,-0.5028186213997536,-0.9515419471784837,-0.5946232590230232,-0.7581587085460271
12200307,Reinickes Hof,10,14,7,10,18,8.23,10.45,17.68,16.61,12.26,12,12.26,1.421999999999829,11.8,1,-0.057288351126693234,-0.641933172294347,0.8444512266354757,0.3947365481691122
12200308,Mellerbogen,33,19,19,19,,9.11,9.53,9.81,11.18,,12,11.18,0.648999999999918,22.5,0,-0.39854557942095226,-0.8790803190141113,-0.47669435224102413,-0.6636815438033311
12200309,Scharnweberstraße,48,30,39,50,69,9.25,9.9,10.0,11.68,13.59,12,13.59,1.0459999999998912,47.2,0,0.362963605939385,-0.34989085272278536,0.20182414040321323,-0.1200955379649351
12200310,Klixstraße,86,74,49,71,93,7.28,8.04,7.98,11.18,9.44,12,9.44,0.7459999999999227,74.6,0,-0.948348891672814,-1.2611507220626206,-0.3109102369097932,-0.5308658194548914
12200411,Schumacher-Quartier,,,,,,,,,,,12,,,,1,,,,
12200412,Waldidyll/Flughafensee,48,24,25,40,46,9.0,10.24,9.72,13.5,14.13,12,14.13,1.3519999999998653,36.6,0,0.5335922200865147,-0.231317279362903,0.7248132052624904,0.2988901491548288
12200413,Tegel Süd,148,112,97,126,135,7.04,6.89,6.89,9.26,9.75,12,9.75,0.7789999999999089,123.6,0,-0.8503954279957581,-1.1930807077263919,-0.2545094554053802,-0.48568108849101044
12200414,TXL,,,,4,,,,,17.42,,12,17.42,,4.0,1,1.573162850723656,0.49110319536674957,,
12200515,Alt-Tegel,100,82,63,122,126,11.48,12.27,13.13,17.51,20.0,12,20.0,2.2279999999997537,98.6,0,2.3883884516488294,1.0576213791972973,2.2219975870164355,1.4983393711054742
12400616,Konradshöhe/Tegelort,31,17,22,25,23,12.0,12.61,15.05,14.15,16.71,12,16.71,1.0959999999998762,23.6,0,1.348817821011689,0.3352009044676451,0.2872798699553642,-0.05163382438328915
12400617,Alt-Heiligensee,6,9,5,6,5,9.77,10.8,14.95,13.5,13.73,12,13.73,1.0619999999998748,6.2,1,0.40720065405160394,-0.31914955592577876,0.22916997385988172,-0.09818778961882428
12400618,Heiligensee Nord,9,9,11,11,10,9.03,8.46,15.0,15.08,14.02,12,14.02,1.6599999999997717,10.0,1,0.4988345394269139,-0.25547115541769405,1.2512204993037388,0.7206143048177667
12400619,Heiligensee,8,10,12,9,14,10.0,10.8,14.04,15.93,14.89,12,14.89,1.4909999999998238,10.6,1,0.7737361955528451,-0.06443595389343927,0.9623801334174706,0.489213712911805
12400720,Frohnau West,18,16,13,23,19,10.92,12.5,11.12,12.67,14.47,12,14.47,0.7269999999999469,17.8,1,0.6410250512161888,-0.1566598442844587,-0.343383414139579,-0.5568812706158915
12400721,Frohnau Ost,13,15,17,13,19,10.96,10.94,12.0,12.91,12.62,12,12.62,0.5289999999999345,15.4,1,0.05646405830472625,-0.562884123387759,-0.68178810316622,-0.8279896563993082
12400722,Hermsdorf West,23,39,40,30,29,10.0,10.71,12.25,11.96,13.31,12,13.31,0.7869999999999142,32.2,0,0.2744895097149477,-0.4113734463167982,-0.24083653867702284,-0.47472721431793646
12400723,Hermsdorf Ost/Waldsee,29,21,10,24,25,11.0,10.81,10.96,13.5,15.0,12,15.0,1.0689999999998758,21.8,0,0.8084938762124454,-0.04028207783864859,0.2411337759971882,-0.08860314971738958
12500824,Ziekowstraße/Freie Scholle,83,33,26,47,90,7.63,8.92,8.6,10.73,10.78,12,10.78,0.8109999999999256,55.8,0,-0.5249371454558631,-0.966912595576987,-0.19981778849195864,-0.441865591798721
12500825,Borsigwalde,76,62,49,58,100,8.15,8.94,10.06,11.37,15.47,12,15.47,1.7069999999998156,69.0,0,0.9570039663034657,0.06292084712273047,1.33154888508286,0.7849683155845933
12500926,Wittenau Süd,32,20,20,22,29,9.5,9.81,10.85,11.15,12.77,12,12.77,0.7879999999999111,24.6,0,0.10386089556781788,-0.5299470196766806,-0.2391274240859846,-0.4733579800463074
12500927,Wittenau Nord,54,49,27,25,36,11.51,14.66,11.5,10.53,12.92,12,12.92,-0.13099999999992418,38.2,0,0.1512577328309095,-0.49700991596560207,-1.8098037332547108,-1.7316842756771134
12500928,Waidmannslust,14,15,11,7,23,10.17,11.73,10.21,14.32,15.0,12,15.0,1.2249999999998884,14.0,1,0.8084938762124454,-0.04028207783864859,0.507755652200001,0.12499739665742732
12500929,Lübars,12,5,12,9,11,11.67,10.31,16.0,13.11,14.0,12,14.0,0.7459999999998725,9.8,1,0.4925149611251685,-0.2598627692458378,-0.31091023690987896,-0.5308658194549601
12500930,Wittenau Mitte,38,23,28,18,30,9.69,12.01,10.57,10.29,10.98,12,10.98,0.08600000000002912,27.4,0,-0.4617413624384074,-0.922996457295549,-1.4389258669983438,-1.4345604387327444
12601031,Lübarser Straße,13,10,3,5,,6.96,6.31,9.0,16.13,,12,16.13,3.0199999999995524,7.75,1,1.1655500502610678,0.20784410345147497,3.575616343122571,2.582772914238797
12601032,Rollbergesiedlung,107,76,65,80,83,5.95,5.87,5.95,12.0,7.9,12,7.9,1.0029999999998773,82.2,0,-1.43495642090722,-1.5993049868296916,0.12833221298831748,-0.1789726116451874
12601133,Treuenbrietzener Straße,62,67,64,102,92,6.39,6.06,5.98,7.4,7.89,12,7.89,0.43399999999994704,77.4,0,-1.438116210058093,-1.6015007937437638,-0.8441539893153343,-0.9580669122044574
12601134,Märkisches Zentrum,128,69,87,92,129,6.5,6.5,6.82,8.25,8.64,12,8.64,0.60299999999993,101.0,0,-1.201132023742635,-1.4368152751883716,-0.5553136234290061,-0.7266663202984478
12601235,Dannenwalder Weg,40,23,14,34,48,7.29,7.04,6.36,7.86,7.45,12,7.45,0.11399999999998639,31.8,0,-1.5771469326964946,-1.6981162979629267,-1.391070658449198,-1.3962218791270697
12601236,Schorfheidestraße,11,4,4,3,4,7.6,8.18,18.0,11.54,10.42,12,10.42,0.899999999999861,5.2,1,-0.6386895548872826,-1.045961644483575,-0.0477065898891944,-0.32000374162344286
