plr_id,plr_name,bez,miete_niveau,miete_niveau_vs_bez,miete_niveau_vs_berlin,miete_trend,miete_trend_vs_bez,miete_trend_vs_berlin,fallzahl_mittel,miete_unsicher
01100101,Stülerstraße,01,22.7,1.0204778836190265,1.650489245996708,2.1419999999997774,1.2247126699417143,1.3805852237450402,23.8,0
01100102,Großer Tiergarten,01,20.3,0.48354482676716204,1.1234955866194543,1.0589999999998652,-0.3910129155528551,-0.1022954924337375,58.4,0
01100103,Lützowstraße,01,23.0,1.0875945157255098,1.7163634534188648,1.3559999999999837,0.05208080456913701,0.30436708624152414,58.2,0
01100104,Körnerstraße,01,26.21,1.805742479264879,2.4212174728359424,2.2759999999998493,1.4246270083132804,1.564062616144005,39.8,0
01100205,Wilhelmstraße,01,26.08,1.776658605352069,2.392671982953007,1.5829999999998554,0.390741661362387,0.6151832659021148,64.4,0
01100206,Unter den Linden,01,22.34,0.9399379250912469,1.57144019709012,2.7109999999997534,2.073602658996604,2.159679524304373,37.4,0
01100207,Leipziger Straße,01,20.13,0.4455120685734879,1.0861668690802317,1.0649999999999011,-0.38206152726751225,-0.09408008680388827,84.8,0
01100308,Charitéviertel,01,20.0,0.41642819466067876,1.0576213791972973,0.9969999999999072,-0.4835105945007808,-0.18718801727494652,92.0,0
01100309,Oranienburger Straße,01,25.0,1.5350387297687302,2.1555248362332433,2.1579999999997375,1.248583038702426,1.4024929720911188,137.4,0
01100310,Alexanderplatzviertel,01,19.31,0.2620599408157674,0.9061107021263365,-0.08500000000000905,-2.097744281947808,-1.6686994991820965,101.0,0
01100311,Karl-Marx-Allee,01,20.05,0.42761430001175943,1.068600413767657,2.1749999999996623,1.2739453055106331,1.4257699547087825,37.0,0
01100312,Heine-Viertel West,01,23.52,1.203930011376747,1.8305454129506031,0.44799999999997314,-1.302562622604644,-0.9388976324015552,133.4,0
01100313,Heine-Viertel Ost,01,22.0,0.8638724087038994,1.4967827620116756,0.9849999999998877,-0.5014133710713882,-0.2036188285345731,51.4,0
01100414,Nordbahnhof,01,20.62,0.5551359010140774,1.1937614078697547,1.0309999999998622,-0.43278606088420907,-0.14063405203947477,87.8,0
01100415,Invalidenstraße,01,24.18,1.3515866020110099,1.975468669279348,1.4259999999997994,0.15651366789723614,0.40021348525560513,86.0,0
01100416,Arkonaplatz,01,22.81,1.0450873153914035,1.6746431220514986,2.165999999999789,1.2605182230828884,1.413446846264256,81.8,0
01200517,Huttenkiez,01,15.15,-0.6686240243941312,-0.007344974127570132,0.6069999999999286,-1.0653508330445467,-0.7211893832119164,36.2,0
01200518,Beusselkiez,01,15.71,-0.5433396444620292,0.11562021306045592,1.304999999999812,-0.024005995856077152,0.23453613838798934,50.6,0
01200519,Emdener Straße,01,18.01,-0.028778798312325382,0.6206558032969912,1.375999999999967,0.08191876552007618,0.33175177167416803,59.6,0
01200520,Bremer Straße,01,17.0,-0.25473812640415217,0.39887930497572976,1.6889999999998084,0.5488828544024261,0.7603220986951836,56.6,0
01200521,Zwinglistraße,01,13.93,-0.9415649949604958,-0.27523341764434106,0.8669999999999425,-0.6774573406819941,-0.36518847258723125,21.6,0
01200522,Elberfelder Straße,01,18.0,-0.031016019382541834,0.6184599963829189,1.9989999999997303,1.0113712491422515,1.1847847229014095,32.8,0
01200623,Stephankiez,01,18.0,-0.031016019382541834,0.6184599963829189,1.301999999999803,-0.028481689998735172,0.23042843557307702,67.8,0
01200624,Heidestraße,01,23.01,1.0898317367957262,1.7185592603329372,1.1509999999999097,-0.25375829517835435,0.023674060556589896,216.2,0
01200625,Lübecker Straße,01,13.33,-1.075798259173462,-0.4069818324886545,1.4249999999997895,0.1550217698496732,0.39884425098395826,18.8,1
01200626,Thomasiusstraße,01,19.48,0.3000926990094415,0.943439419665559,1.2399999999999438,-0.12097936894651361,0.14553591073200317,23.8,0
01200627,Zillesiedlung,01,7.11,-2.4673497648478784,-1.7727737330413709,0.009999999999988136,-1.956013967430733,-1.5386222433769337,9.4,1
01200628,Lüneburger Straße,01,18.87,0.16362221372625935,0.8094951979071737,2.066999999999812,1.1128203163756507,1.2778926533725876,18.8,1
01200629,Hansaviertel,01,17.0,-0.25473812640415217,0.39887930497572976,0.04599999999995145,-1.9023056377190528,-1.4893298095981842,35.0,0
01300730,Drontheimer Straße,01,12.0,-1.3733486615122037,-0.6990241520602161,0.9579999999999569,-0.5416946183550865,-0.24058815386857837,42.8,0
01300731,Koloniestraße,01,16.5,-0.3665991799149573,0.2890889592721352,1.3449999999998772,0.03566992604594795,0.28930550925341175,79.2,0
01300732,Soldiner Straße,01,15.0,-0.7021823404473727,-0.04028207783864859,1.520999999999843,0.29824398241438,0.5302907410608312,52.4,0
01300733,Gesundbrunnen,01,16.55,-0.3554130745638766,0.3000679938424948,1.5439999999998282,0.3325576375079666,0.5617831293083776,48.0,0
01300834,Brunnenstraße,01,9.36,-1.963975024049255,-1.2787171773751957,0.2939999999999566,-1.5323149219270917,-1.149759710233111,69.8,0
01300835,Humboldthain Süd,01,7.76,-2.3219303952838315,-1.6300462836266982,0.4669999999999464,-1.2742165597012682,-0.9128821812405585,30.8,0
01300836,Humboldthain Nordwest,01,19.0,0.19270608763906846,0.8380406877901081,2.229999999999729,1.3559996981258837,1.5010778396487072,93.0,0
01400937,Afrikanische Straße,01,16.86,-0.2860592213871777,0.36813800817872316,1.4419999999999171,0.18038403665818292,0.42212123360189957,71.4,0
01400938,Kameruner Straße,01,15.0,-0.7021823404473727,-0.04028207783864859,0.7149999999999287,-0.904225843909341,-0.5733120818755165,50.6,0
01400939,Glasgower Straße,01,17.5,-0.14287707289334697,0.5086696506793243,1.5749999999998063,0.3788064769819282,0.6042293917289809,38.8,0
01400940,Schillerpark,01,9.78,-1.8700117391001787,-1.1864932869841762,0.6629999999999264,-0.9818045423818508,-0.6445122640004528,53.8,0
01400941,Londoner Straße,01,17.5,-0.14287707289334697,0.5086696506793243,1.7169999999997765,0.5906559997337281,0.7986606583008731,16.6,1
01400942,Westliche Müllerstraße,01,14.26,-0.8677366996433644,-0.20277178947996863,0.9169999999998955,-0.6028624383046542,-0.29672675900562906,62.2,0
01401043,Antonstraße,01,17.0,-0.25473812640415217,0.39887930497572976,2.6699999999996926,2.0124348390470375,2.103540919167323,19.0,1
01401044,Uferstraße,01,14.55,-0.8028572886070973,-0.13909338897188356,1.088999999999848,-0.3462559741264346,-0.061218464284760944,49.8,0
01401045,Schwedenstraße,01,14.25,-0.8699739207135805,-0.20496759639404047,1.4279999999998243,0.15949746399236964,0.4029519537989058,27.6,0
01401046,Nordufer,01,16.32,-0.4068691591788471,0.2495644348188412,1.5879999999998295,0.39820115160008945,0.6220294372602461,37.2,0
01401047,Sparrplatz,01,22.0,0.8638724087038994,1.4967827620116756,3.0229999999996817,2.5390748498315356,2.586880617053874,45.8,0
01401048,Leopoldplatz,01,17.01,-0.2525009053339357,0.401075111889802,1.5969999999998143,0.41162823402800053,0.6343525457049252,58.0,0
01401049,Schulstraße,01,10.86,-1.6283918635168395,-0.9493461402644119,0.6569999999999253,-0.9907559306671416,-0.6527276696302544,43.2,0
02100101,Askanischer Platz,02,16.5,-0.5705906449197278,0.2890889592721352,0.485999999999939,-1.1132173372004257,-0.8868667300795354,57.8,0
02100102,Mehringplatz,02,8.4,-2.5389825630840335,-1.489514641126097,0.20399999999996196,-1.4961644633223274,-1.2729907946801033,62.4,0
02100103,Am Berlin Museum,02,12.71,-1.4916036535422856,-0.5431218611611116,0.7029999999998758,-0.8185381656811517,-0.5897428931351889,20.0,1
02100104,Moritzplatz,02,11.2,-1.85855078890378,-0.8746887051859676,0.7719999999998332,-0.7248383369492473,-0.49526572839254746,11.0,1
02100105,Prinzenstraße,02,9.39,-2.2984013286417295,-1.2721297566329797,1.3769999999998004,0.09673262512081265,0.33312100594557315,43.4,0
02100106,Wassertorplatz,02,7.08,-2.859757542340439,-1.779361153783587,-0.22799999999999435,-2.0828068692962933,-1.8645000000256426,10.8,1
02200207,Gleisdreieck,02,24.67,1.414812067599085,2.083063208068871,1.546999999999836,0.3275872756198987,0.5658908321232884,33.6,0
02200208,Rathaus Yorckstraße,02,14.29,-1.1076457238262856,-0.19618436873775308,1.2699999999998635,-0.04857000784026066,0.1866129388808931,18.2,1
02200209,Viktoriapark,02,22.43,0.8704666482548813,1.5912024593167668,2.2859999999997243,1.331126021024387,1.5777549588601671,36.4,0
02200210,Urbanstraße,02,17.99,-0.2085037365166645,0.6162641894688468,1.0649999999998616,-0.32695355697145556,-0.09408008680394238,43.8,0
02200211,Chamissokiez,02,15.47,-0.8208923332788924,0.06292084712273047,0.6739999999999529,-0.8579192531191182,-0.62945068701245,48.6,0
02200212,Graefekiez Süd,02,17.89,-0.2328048713088159,0.5943061203281282,1.4539999999998399,0.20129620211160684,0.43855204486139376,21.0,0
02200213,Graefekiez Nord,02,21.27,0.5885734846659189,1.3364888572844276,1.891999999999773,0.7960864192796246,1.0382766558367014,31.4,0
02300314,Oranienplatz,02,14.04,-1.1683985608066654,-0.25107954158955037,2.2039999999997693,1.219772601371971,1.4654777485862955,15.2,1
02300315,Lausitzer Platz,02,15.0,-0.9351076668020066,-0.04028207783864859,0.5599999999999568,-1.0127276658067028,-0.7855433939786445,24.6,0
02300316,Köpenicker Straße,02,18.89,0.010206476612703332,0.8138868117353174,1.6819999999998023,0.5109130274867357,0.7507374587937419,8.6,1
02300417,Reichenberger Straße West,02,20.0,0.27994907280558956,1.0576213791972973,1.573999999999819,0.36425242599325225,0.6028601574573651,31.2,0
02300418,Reichenberger Straße Ost,02,21.31,0.5982939385827795,1.345272084940715,1.2679999999998324,-0.05128594490499744,0.18387447033758386,31.0,0
02300419,Wrangelkiez,02,18.39,-0.1112991973480563,0.7040964660317228,1.580999999999854,0.37375820571973073,0.6124447973588463,30.4,0
02400520,Barnimkiez,02,12.09,-1.6422706892536276,-0.6792618898335692,-2.480721284885418e-13,-1.7731900439214578,-1.5523145860935905,38.4,0
02400521,Friedenstraße,02,25.93,1.7210063659801986,2.359734879241929,3.1849999999996395,2.5519397316044765,2.8086965690584162,73.4,0
02400522,Richard-Sorge-Viertel,02,16.82,-0.4928270135848416,0.3593547805224358,0.5829999999999713,-0.9814943895626956,-0.7540510057310579,48.2,0
02400623,Andreasviertel,02,20.0,0.27994907280558956,1.0576213791972973,1.006999999999751,-0.40571573184774806,-0.17349567455882708,105.4,0
02400624,Weberwiese,02,21.69,0.6906382507929574,1.4287127476754473,2.694999999999681,1.8865351507543657,2.1377717759581403,41.6,0
02400625,Wriezener Bahnhof,02,26.0,1.738017160334705,2.3751055276404323,1.4829999999999555,0.24067728954983494,0.47825983873891864,39.2,0
02500726,Hausburgviertel,02,18.7,-0.03596567949238563,0.7721664803679512,1.8109999999997966,0.686090968159527,0.9273686798344337,54.4,0
02500727,Forckenbeckplatz,02,18.0,-0.20607362303744894,0.6184599963829189,0.7979999999999358,-0.6895311551080787,-0.4596656373299403,28.2,0
02500728,Samariterviertel,02,17.96,-0.2157940769543095,0.6096767687266316,0.9159999999998913,-0.5292908682911599,-0.29809599327726805,64.0,0
02500729,Pettenkofer Straße,02,21.73,0.700358704709818,1.4374959753317347,2.182999999999775,1.1912552621926862,1.4367238288820037,29.2,0
02500830,Niederbarnimstraße,02,18.5,-0.08456794907668931,0.7282503420865135,0.9359999999998857,-0.502131497644222,-0.2707113078446091,24.8,0
02500831,Wismarplatz,02,15.98,-0.6969565458389178,0.1749069997403969,0.2989999999999208,-1.3671574527493917,-1.1429135388749931,40.2,0
02500832,Traveplatz,02,21.06,0.5375411016023997,1.2903769120889175,1.0159999999999003,-0.39349401505641973,-0.1611725661139226,82.4,0
02500833,Boxhagener Platz,02,20.15,0.3164007749938171,1.0905584829083754,1.829999999999823,0.7118923702741614,0.9533841309955033,65.0,0
02500834,Revaler Straße,02,20.97,0.5156700802894629,1.2706146498622706,1.198999999999866,-0.14498577363691417,0.08939730559492996,55.4,0
02500835,Stralauer Kiez,02,21.83,0.7246598395019693,1.459454044472453,2.0259999999997533,0.9780542026141336,1.221754048235541,74.4,0
02500836,Stralauer Halbinsel,02,19.32,0.11470135621895654,0.9083065090404088,1.237999999999856,-0.09202500087538361,0.1427974421886164,34.2,0
03100101,Bucher Forst,03,15.5,-0.4297234457479189,0.069508267864946,1.4739999999998288,0.12349658856684671,0.4659367302940452,45.0,0
03100102,Klinikum Buch,03,9.78,-2.026059650734385,-1.1864932869841762,0.7539999999998866,-0.7992511608486089,-0.5199119452818741,40.0,0
03100103,Karower Chaussee,03,7.77,-2.58700996052858,-1.6278504767126265,0.49699999999994676,-1.1286208436260194,-0.8718051530915579,65.0,0
03200204,Blankenfelde,03,14.14,-0.8092719140663791,-0.22912147244883116,0.6533333333332444,-0.928264966553897,-0.6577481952929294,8.5,1
03200205,Uhlandstraße,03,13.7,-0.9320670067576461,-0.32573697666799467,1.1319999999998713,-0.3148085924054754,-0.0023413906044958705,40.6,0
03200206,Pastor-Niemöller-Platz,03,14.3,-0.7646191530877368,-0.19398856182368085,1.415999999999837,0.04916413097505061,0.3865211425393232,35.2,0
03200207,Herthaplatz,03,15.45,-0.44367743355374484,0.05852923329458639,1.2159999999998696,-0.2071546883069991,0.11267428821270163,80.8,0
03200308,Nisbléstraße,03,13.89,-0.8790418530955079,-0.2840166453006284,0.23799999999997923,-1.4605537145962864,-1.2264368294445465,49.8,0
03200309,Eddastraße,03,14.3,-0.7646191530877368,-0.19398856182368085,0.9019999999998874,-0.6095752345798601,-0.31726527308014,20.0,1
03200310,Krugpfuhl,03,14.79,-0.6278700725906448,-0.0863940230341585,1.1359999999998778,-0.3096822160198253,0.003135546482046277,65.4,0
03300411,Karow Nord,03,10.98,-1.6911639433945667,-0.922996457295549,0.5669999999999393,-1.038909256877297,-0.775958754077235,119.8,0
03300412,Karow Bahnhof,03,13.0,-1.1274228360392065,-0.47944346065302695,0.51799999999992,-1.1017073676014342,-0.8430512333872947,9.8,1
03300413,Karow Ost,03,,,,,,,,1
03300514,Blankenburg,03,10.53,-1.8167498336469987,-1.0218077684287843,0.6539999999999023,-0.9274105704896346,-0.6568353724451859,5.6,1
03300515,Blankenburger Süden,03,,,,,,,,1
03300516,Heinersdorf,03,16.91,-0.03622098962363268,0.37911704274908276,1.3329999999998867,-0.05720817902695361,0.2728746979938248,126.8,0
03300517,Märchenland,03,,,,,,,,1
03400618,Rosenthal,03,15.41,-0.4548406237984052,0.04974600563829901,0.8359999999999055,-0.6941604449429272,-0.4076347350079152,37.6,0
03400619,Wilhelmsruh,03,16.92,-0.03343019206246709,0.381312849663155,1.7259999999998024,0.44645830086224825,0.8109837667456086,71.8,0
03400620,Schönholz,03,12.73,-1.2027743701906652,-0.5387302473329679,0.10999999999997118,-1.6245977589368354,-1.4016988162136237,6.8,1
03400721,Florakiez,03,18.0,0.26797594454336865,0.6184599963829189,1.2149999999998735,-0.2084362824034046,0.11130505394107362,61.4,0
03400722,Parkstraße,03,14.65,-0.6669412384469565,-0.11713531983116472,0.3689999999999258,-1.292664887966585,-1.047067139860653,19.8,1
03400723,Garbátyplatz,03,17.72,0.18983361283074413,0.5569774027889057,1.5939999999997891,0.2772878801360509,0.6302448428899907,37.6,0
03400724,Wolfshagener Straße,03,11.85,-1.4483645555731988,-0.7319612557712946,0.5659999999999211,-1.0401908509737308,-0.7773279883488933,34.4,0
03400725,Schlosspark,03,19.79,0.7675287079919303,1.0115094340017874,2.749999999999769,1.7588106555865146,2.2130796608980945,30.2,0
03400826,Tiroler Viertel,03,19.42,0.6642691982288205,0.930264578181128,1.2199999999999975,-0.20202831192119336,0.11815122529941009,25.4,0
03400827,Trelleborger Viertel,03,18.01,0.2707667421045342,0.6206558032969912,1.7599999999997615,0.49003250014015154,0.8575377319810858,43.4,0
03400828,Spiekermann Straße,03,21.22,1.1666127592385467,1.3255098227140678,0.8809999999998791,-0.6364887106044904,-0.3460191927844514,36.2,0
03400829,Arnold-Zweig-Straße,03,13.41,-1.0130001360314351,-0.3894153771760793,0.5949999999999271,-1.0030246221778198,-0.7376201944715184,24.2,0
03400830,Kissingenviertel,03,12.96,-1.1385860262838667,-0.4882266883093143,1.2739999999998044,-0.13282223071527613,0.19208987596734553,18.8,1
03400831,Pankower Tor,03,,,,,,,,1
03500932,Bühringstraße,03,16.89,-0.041802584745962865,0.3747254289209391,0.611999999999887,-0.9812375225388935,-0.7143432118538068,51.4,0
03500933,Weißer See,03,18.0,0.26797594454336865,0.6184599963829189,2.2559999999997453,1.125703171959718,1.536677930711196,39.4,0
03500934,Weißenseer Spitze,03,19.32,0.6363612226171685,0.9083065090404088,1.40599999999987,0.03634819001098842,0.37282879982303513,75.4,0
03500935,Behaimstraße,03,16.77,-0.07529215547994494,0.34837574595207615,0.8879999999998733,-0.6275175519296246,-0.336434552883026,38.4,0
03500936,Komponistenviertel Weißensee,03,17.7,0.18425201770841393,0.552585788960762,1.6889999999997989,0.39903931929505687,0.7603220986951705,35.0,0
03501037,Rathaus Weißensee,03,14.73,-0.6446148579576353,-0.09956886451858957,1.0179999999998992,-0.4609103193962319,-0.1584340975706575,46.0,0
03501038,Hansastraße,03,20.65,1.0075372982521331,1.20034882861197,2.5539999999997267,1.5076182126900106,1.9447097436579033,33.2,0
03601139,Norweger Viertel,03,21.64,1.2838262568074834,1.4177337131050878,2.4879999999997904,1.423033002327002,1.8543402817301906,38.0,0
03601140,Malmöer Straße,03,19.53,0.6949679714016369,0.9544184542359186,1.3339999999998287,-0.05592658493061757,0.27424393226537863,39.4,0
03601141,Arnimplatz,03,18.0,0.26797594454336865,0.6184599963829189,2.091999999999729,0.9155217401483821,1.3121235101633075,57.6,0
03601142,Falkplatz,03,19.99,0.823344659215233,1.055425572283225,1.1649999999998901,-0.2725159872239062,0.0428433403594298,73.4,0
03601243,Rodenbergstraße,03,17.96,0.25681275429870826,0.6096767687266316,2.110999999999754,0.9398720279802129,1.338138961324375,40.0,0
03601244,Humannplatz,03,10.0,-1.9646621043887516,-1.1381855348745944,-0.2399999999999973,-2.0731556926804555,-1.8809308112852468,29.4,0
03601245,Ostseestraße,03,17.04,5.9378671513992645e-05,0.4076625326320171,2.6479999999996586,1.6280880577525063,2.0734177651913432,71.4,0
03601346,Gethsemanekirche,03,20.02,0.8317170518987288,1.062012993025441,1.0769999999998656,-0.3852962677080579,-0.07764927554433691,47.6,0
03601347,Helmholtzplatz,03,21.82,1.334060612908456,1.4572582375583816,1.817999999999763,0.5643649577319598,0.936953319735821,38.0,0
03601348,Senefelderstraße,03,18.09,0.29309312259385495,0.6382222586095659,0.983999999999904,-0.5044845186741813,-0.20498806280618426,37.4,0
03601449,Michelangelostraße,03,9.75,-2.03443204341788,-1.1930807077263919,0.8529999999999078,-0.6723733453039464,-0.38435775239014536,41.2,0
03601450,Volkspark Prenzlauer Berg,03,9.99,-1.9674529019499165,-1.1403813417886663,1.270999999999799,-0.13666701300451448,0.1879821731524381,16.2,1
03601451,Anton-Saefkow-Park,03,16.83,-0.0585473701129544,0.36155058743650725,3.235999999999594,2.3816653864417727,2.878527516911653,35.0,0
03601452,Velodrom,03,24.2,1.9982704324657614,1.9798602831074916,0.7619999999999039,-0.7889984080773031,-0.5089580711087839,76.2,0
03601453,Alter Schlachthof,03,20.31,0.912650181172518,1.1256913935335258,0.9329999999998875,-0.5698458175911358,-0.2748190106595067,16.8,1
03701554,Teutoburger Platz,03,20.0,0.8261354567763987,1.0576213791972973,0.9699999999998917,-0.5224268360239435,-0.22415734260906764,66.6,0
03701555,Sredzkistraße,03,20.5,0.9656753348346562,1.167411724900892,1.6619999999998494,0.3644362786920392,0.7233527733611397,34.4,0
03701556,Kollwitzplatz,03,18.49,0.40472502504046054,0.7260545351724413,0.6219999999999355,-0.9684215815747267,-0.700650869137407,57.4,0
03701657,Thälmannpark,03,19.25,0.6168256396890124,0.8929358606419054,3.6869999999995766,2.9596643239228673,3.496052173418262,49.0,0
03701658,Christburger Straße,03,20.0,0.8261354567763987,1.0576213791972973,1.7489999999998145,0.47593496507970434,0.8424761549931917,38.2,0
03701659,Immanuelkirchstraße,03,20.7,1.021491286057959,1.2113278631823297,1.1659999999999289,-0.27123439312744607,0.044212574631116185,49.2,0
03701660,Bötzowstraße,03,18.18,0.31821030064434125,0.657984520836213,1.235999999999917,-0.1815228063787293,0.14005897364543304,51.6,0
04100101,Jungfernheide/Plötzensee,04,10.29,-2.0651839056209917,-1.0745071343665098,0.6299999999999364,-1.1472195648092205,-0.6896969949643391,47.4,0
04100102,Paul-Hertz-Siedlung,04,7.61,-2.7612403562358767,-1.6629833873377766,0.41699999999995263,-1.4716241679348445,-0.9813438948222165,70.6,0
04200203,Olympiagelände,04,12.61,-1.462627575237957,-0.5650799303018308,-1.5099999999996814,-4.406495859122668,-3.6198583362591448,4.0,1
04200204,Angerburger Allee,04,11.03,-1.8729892140332998,-0.9120174227251897,0.5259999999999573,-1.3056143006076275,-0.832097359214177,54.2,0
04200205,Flatowallee,04,17.47,-0.20037595210797896,0.5020822299371084,1.5769999999998716,0.29508634673992645,0.606967860272337,11.6,1
04200206,Kranzallee,04,15.57,-0.6938488088871881,0.0848789162634493,1.3179999999999146,-0.09937746645035092,0.25233618391936297,11.2,1
04200207,Eichkamp,04,16.67,-0.4081539970676454,0.3264176768113577,,,,3.0,1
04200308,Branitzer Platz,04,17.46,-0.20297317766997428,0.499886423023037,1.5699999999998457,0.28442516259960754,0.5973832203708682,26.0,0
04200309,Neu Westend,04,18.0,-0.06272299732219914,0.6184599963829189,1.2189999999998757,-0.25015707072007776,0.11678199102761,41.0,0
04200310,Fürstenplatz,04,18.59,0.09051331083555537,0.7480126043131605,1.6809999999998169,0.4534810825382819,0.7493682245221285,32.2,0
04200311,Königin-Elisabeth-Straße,04,13.68,-1.184724440104402,-0.33012859049613835,0.43699999999989636,-1.441163641819846,-0.9539592093896269,31.2,0
04300412,Schlossgarten,04,20.39,0.5580139119948068,1.1432578488461012,2.6849999999996124,1.9825994935152065,2.124079433241713,57.6,0
04300413,Klausenerplatz,04,11.84,-1.6626139435116365,-0.7341570626853664,1.1409999999998637,-0.36895312256892526,0.009981717840193634,41.8,0
04300414,Schloß Charlottenburg,04,17.72,-0.13544531305808294,0.5569774027889057,1.271999999999828,-0.16943667651517696,0.1893514074241111,36.75,0
04300415,Lietzensee,04,18.5,0.06713828077759285,0.7282503420865135,1.4139999999997972,0.04683305890187537,0.3837826739960021,26.4,0
04300416,Amtsgerichtsplatz,04,20.18,0.5034721751928939,1.0971459036505913,1.560999999999806,0.27071792584775917,0.585060111926114,35.8,0
04300517,Tegeler Weg,04,21.41,0.8229309193183822,1.367230154081434,2.169999999999831,1.1982409460521168,1.418923783350847,36.2,0
04300518,Kaiserin-Augusta-Allee,04,16.49,-0.45490405718357135,0.28689315235806295,1.0579999999998866,-0.49536430594649056,-0.1036647267053415,32.4,0
04300619,Alt-Lietzow,04,19.71,0.3814025737790897,0.9939429786892127,2.5829999999997604,1.8272508103285017,1.9844175375353161,51.4,0
04300620,Spreestadt,04,23.08,1.2566675881716871,1.7339299087314395,1.1429999999999512,-0.36590706995728356,0.012720186383580087,38.4,0
04300621,Richard-Wagner-Straße,04,15.0,-0.8418906659209511,-0.04028207783864859,1.1489999999998475,-0.35676891212291617,0.0209355920132381,61.4,0
04300622,Ernst-Reuter-Platz,04,18.43,0.0489577018436219,0.7128796936880102,0.8989999999998421,-0.7375254885614791,-0.32137297589510205,55.8,0
04300623,Karl-August-Platz,04,19.0,0.19699955887738485,0.8380406877901081,1.1749999999998564,-0.3171702281732929,0.05653568307571691,74.0,0
04300624,Savignyplatz,04,19.76,0.3943887015890691,1.0049220132595722,1.6009999999998805,0.33163897807804127,0.6398294827915492,56.4,0
04400725,Güterbahnhof Grunewald,04,,,,,,,,1
04400726,Bismarckallee,04,20.0,0.4567221150769688,1.0576213791972973,0.8469999999999186,-0.8167228564605821,-0.3925731580199306,21.8,0
04400727,Flinsberger Platz,04,18.75,0.13206891982748883,0.7831455149383109,1.1139999999999093,-0.4100748328242197,-0.02698760749384387,49.2,0
04400728,Hagenplatz,04,18.04,-0.052334095074216005,0.6272432240392063,0.4449999999999562,-1.428979431373721,-0.9430053352164783,17.4,1
04400729,Hundekehle,04,20.02,0.4619165662009604,1.062012993025441,0.2819999999998604,-1.6772327192118046,-1.1661905214928425,10.8,1
04400830,Forckenbeckstraße,04,21.15,0.75540305470649,1.3101391743155646,0.8659999999999202,-0.7877853566512495,-0.36655770685889516,77.2,0
04400831,Messelpark,04,17.99,-0.06532022288419538,0.6162641894688468,1.4589999999998116,0.1153692426608371,0.44539821621952164,7.6,1
04400832,Breite Straße,04,17.05,-0.30945942571180374,0.40985833954608936,1.5149999999998165,0.2006587157830809,0.5220753354309949,26.0,0
04400833,Schlangenbader Straße,04,9.45,-2.2833508528286424,-1.2589549151485486,2.1769999999997096,1.2089021301922114,1.428508423252114,31.4,0
04400834,Binger Straße,04,20.37,0.5528194608708151,1.1388662350179575,2.015999999999873,0.9636948949660309,1.2080617055193714,8.2,1
04400835,Rüdesheimer Platz,04,14.06,-1.08602986874856,-0.2466879277614063,1.3429999999998357,-0.06130180880661562,0.2865670407100882,18.2,1
04500936,Droysenstraße,04,20.0,0.4567221150769688,1.0576213791972973,1.8889999999998381,0.7702705541351919,1.0341689530218905,27.4,0
04500937,Halensee,04,18.0,-0.06272299732219914,0.6184599963829189,0.6279999999999286,-1.1502656174207408,-0.6924354635076164,44.0,0
04500938,Hochmeisterplatz,04,19.4,0.3008885813572181,0.9258729643529835,1.4129999999998233,0.045310032596160885,0.38241343972440445,52.2,0
04500939,Eisenzahnstraße,04,22.73,1.1657646935018333,1.6570766667389238,0.12400000000001354,-1.9178708755207379,-1.382529536410699,42.2,0
04501040,Hindemithplatz,04,22.0,0.9761672274761368,1.4967827620116756,2.007999999999771,0.9515106845198416,1.197107831346165,28.4,0
04501041,George-Grosz-Platz,04,20.01,0.45931934063896507,1.0598171861113694,0.9009999999998901,-0.7344794359498976,-0.3186345073517697,31.0,0
04501042,Breitscheidplatz,04,21.34,0.8047503403844113,1.3518595056829308,1.7119999999997897,0.5006948980166213,0.7918144869427245,35.8,0
04501043,Preußenpark,04,20.83,0.672291836722623,1.239873353065264,1.6939999999997872,0.4732804245130416,0.7671682700533212,69.8,0
04501044,Ludwigkirchplatz,04,21.7,0.8982504606162615,1.4309085545895188,1.9439999999997402,0.8540370009515247,1.1094768379615896,22.4,0
04501045,Schaperstraße,04,22.46,1.0956396033279456,1.597789880058983,1.7979999999998335,0.6316751603115509,0.9095686343032511,51.6,0
04501146,Barstraße,04,19.27,0.2671246490512724,0.8973274744700491,0.40399999999991654,-1.4914235099097044,-0.9991439403534992,21.0,0
04501147,Leon-Jessel-Platz,04,20.0,0.4567221150769688,1.0576213791972973,2.1129999999997686,1.1114284466240312,1.3408774298676616,20.2,1
04501148,Brabanter Platz,04,22.88,1.2047230769317705,1.690013770450002,2.886999999999749,2.290250807277767,2.4006647561118335,20.0,1
04501149,Nikolsburger Platz,04,20.0,0.4567221150769688,1.0576213791972973,1.6719999999998636,0.4397738457865651,0.7370451160774925,41.0,0
04501150,Wilhelmsaue,04,22.54,1.116417407823912,1.6153563353715577,2.0329999999998414,0.9895863421638044,1.2313386881370947,12.2,1
04501151,Hildegardstraße,04,14.55,-0.9587658162107637,-0.13909338897188356,1.1519999999998485,-0.35219983320565196,0.025043294828139467,21.6,0
04501152,Prager Platz,04,19.13,0.2307634911833305,0.8665861776730425,2.8979999999995587,2.3070040966407737,2.4157263330995393,30.8,0
04501153,Babelsberger Straße,04,23.67,1.4099038963294426,1.863482516661682,2.242999999999728,1.3094218663720179,1.5188778851799392,42.4,0
05100101,Hakenfelde Nord,05,11.75,-0.04997724875743012,-0.7539193249120134,0.7509999999999181,-0.2738377158760266,-0.5240196480967312,32.6,0
05100102,Am Forstacker,05,12.61,0.19684108470995657,-0.5650799303018308,1.1789999999999106,0.37579411314797484,0.06201262016232442,41.8,0
05100103,Mertensstraße,05,13.5,0.45226936004248497,-0.36965311494943237,1.380999999999843,0.6823960511451868,0.3385979430321649,71.6,0
05100104,Maselake,05,18.75,1.95900918644223,0.7831455149383109,2.769999999999649,2.7906638327204853,2.240464346330597,80.8,0
05100105,Amorbacher Weg,05,15.0,0.882766453299555,-0.04028207783864859,1.256999999999857,0.494184960493391,0.1688128933496508,21.4,0
05100206,Griesingerstraße,05,6.74,-1.4878375402360442,-1.854018588862031,0.318999999999955,-0.9295408704048806,-1.1155288534422798,19.4,1
05100207,An der Tränke,05,16.01,1.1726344960926494,0.18149442048261283,0.9409999999999085,0.014550245606581337,-0.2638651364864113,11.4,1
05100208,Im Spektefeld,05,8.24,-1.057340446978974,-1.5246475517512474,0.45799999999994667,-0.7185623091097115,-0.9252052896852581,94.0,0
05100209,Westerwaldstraße,05,7.79,-1.186489574956095,-1.6234588628844826,0.25599999999995526,-1.025164247107013,-1.2017906125551792,56.4,0
05100210,Germersheimer Platz,05,10.14,-0.5120441288533518,-1.107444238077588,0.6919999999999227,-0.363389767073255,-0.6048044701230914,70.6,0
05100211,An der Kappe,05,11.6,-0.09302695808313723,-0.7868564286230919,0.5699999999999182,-0.5485651949726299,-0.7718510512623639,18.2,1
05100312,Eckschanze,05,10.67,-0.3599351559025206,-0.9910664716317777,0.5459999999999424,-0.5849931480019771,-0.8047126737815308,25.6,0
05100313,Eiswerder,05,19.48,2.1685177718273376,0.943439419665559,1.6059999999998678,1.0239081107956982,0.6466756541496983,77.6,0
05100314,Kurstraße,05,12.51,0.16814127849281865,-0.5870379994425496,0.7749999999999148,-0.23740976284664772,-0.49115802557753574,60.6,0
05100315,Ackerstraße,05,12.5,0.16527129787110492,-0.5892338063566215,1.1059999999998493,0.26499242268350587,-0.03794148166699262,59.8,0
05100316,Carl-Schurz-Straße,05,8.76,-0.9081014546498565,-1.410465592219509,0.5749999999999271,-0.5409760380914947,-0.7650048799041851,94.2,0
05100317,Freiheit,05,14.01,0.5986383717498888,-0.2576669623317659,0.7469999999999122,-0.27990904138093287,-0.5294965851832725,17.2,1
05200418,Isenburger Weg,05,14.08,0.6187282361018854,-0.24229631393326262,-6.030396957403567e-16,-1.413729079420374,-1.5523145860932517,3.0,1
05200419,Am Heideberg,05,,,,,,,,1
05200420,Staakener Straße,05,17.34,1.5543419187805843,0.47353674005417407,1.8749999999997742,1.4322047509999007,1.0149996732189364,14.0,1
05200421,Spandauer Straße,05,10.91,-0.2910556209813893,-0.9383671056940522,0.5499999999999174,-0.5789218224971177,-0.7992357366950316,13.6,1
05200422,Werkstraße,05,13.44,0.43504947631220203,-0.3828279564338638,0.38599999999998974,-0.827846168197798,-1.023790157242799,22.0,0
05200423,Magistratsweg,05,10.43,-0.42881469082365187,-1.0437658375695031,0.745999999999901,-0.2814268727571742,-0.5308658194549212,44.6,0
05200524,Döberitzer Weg,05,9.94,-0.5694437412876282,-1.1513603763590259,0.5599999999999292,-0.5637435087348565,-0.7855433939786821,11.0,1
05200525,Pillnitzer Weg,05,11.31,-0.1762563961128372,-0.8505348291311765,0.602999999999939,-0.49847675955719545,-0.7266663202984355,26.2,0
05200526,Rudolf-Wissell-Großsiedlung,05,7.7,-1.2123194005515192,-1.6432211251111295,0.18299999999998476,-1.1359659375713442,-1.3017447143843721,66.2,0
05200527,Maulbeerallee,05,7.62,-1.2352792455252297,-1.6607875804237047,0.40899999999996606,-0.7929360465446743,-0.9922977689952648,156.0,0
05200528,Weinmeisterhornweg,05,7.33,-1.31850868355493,-1.7244659809317895,0.37999999999995754,-0.8369531564551929,-1.032005562872643,56.2,0
05200629,Borkumer Straße,05,15.75,1.0980149999280902,0.1244034407167433,1.5669999999998125,0.9647126871228657,0.5932755175559228,80.0,0
05200630,Wilhelmstadt West,05,13.79,0.5354987980721849,-0.30597471444134766,1.0849999999998798,0.23311796378284125,-0.0666954013712508,93.2,0
05200631,Wilhelmstadt Ost,05,11.01,-0.2623558147642514,-0.9164090365533335,0.42899999999995614,-0.7625794190202028,-0.9649130835626117,63.8,0
05200632,Tiefwerder,05,7.7,-1.2123194005515192,-1.6432211251111295,0.2139999999999693,-1.0889131649084134,-1.25929845196376,25.4,0
05200633,Graetschelsteig,05,7.33,-1.31850868355493,-1.7244659809317895,0.47099999999994474,-0.6988305012187982,-0.9074052441540273,26.8,0
05200634,Börnicker Straße,05,16.0,1.169764515470935,0.1792986135685406,1.9999999999997438,1.6219336730278957,1.186153957173061,10.6,1
05300735,Haveleck,05,16.93,1.4366727132903185,0.38350865657722644,2.181999999999775,1.8981789835007707,1.4353545946103698,88.0,0
05300736,Zitadellenweg,05,9.5,-0.6957228886430352,-1.247975880578189,0.7279999999998683,-0.30874783752926166,-0.5555120363443659,17.75,1
05300737,Gartenfelder Straße,05,10.28,-0.471864400149359,-1.0767029412805817,0.7469999999999154,-0.279909041380928,-0.5294965851832681,152.2,0
05300838,Gartenfeld,05,9.93,-0.5723137219093419,-1.1535561832730978,,,,5.0,1
05300839,Rohrdamm,05,17.05,1.4711124807508844,0.40985833954608936,2.431999999999713,2.2776368275567593,1.7776631625186181,134.8,0
05300840,Nonnendammallee,05,8.88,-0.8736616871892906,-1.384115909250646,0.13299999999997178,-1.2118575063825803,-1.3702064279660564,7.2,1
05300841,Siemensdamm,05,13.06,0.3259902126870779,-0.46626861916859547,0.8279999999999118,-0.15696469990676276,-0.4185886091809732,27.2,0
05400942,Alt-Gatow,05,11.97,0.013162324920273673,-0.7056115728024317,1.737999999999758,1.2242618524571431,0.8274145780051477,15.6,1
05400943,Jägerallee,05,13.37,0.4149596119602053,-0.39819860483236713,0.9969999999998989,0.09954880267512917,-0.18718801727495793,22.8,0
05400944,Kladower Damm,05,19.61,2.205827519909617,0.9719849095484934,1.4680000000001263,0.8144473808771333,0.4577213246646526,3.75,1
05400945,Kafkastraße,05,15.32,0.9746058331943968,0.02998374341165201,1.309999999999001,0.5746300234319814,0.24138230974504554,4.5,1
06100101,Fichtenberg,06,15.54,0.25132255539228765,0.07829149552123338,0.7459999999999373,-0.5248726747306156,-0.5308658194548715,24.8,0
06100102,Schloßstraße,06,16.36,0.517428790513534,0.2583476624751286,1.006999999999885,-0.03529256370129439,-0.17349567455864345,46.8,0
06100103,Markelstraße,06,19.83,1.643512492794905,1.0202926616580748,2.0029999999997754,1.8329901588475475,1.1902616599880045,14.2,1
06100204,Munsterdamm,06,15.0,0.07608186397097941,-0.04028207783864859,0.9389999999999532,-0.16284600259005744,-0.2666036050296167,18.8,1
06100205,Südende,06,13.47,-0.4204334283893945,-0.3762405356916479,1.2759999999998588,0.4692938342561802,0.1948283445106867,45.0,0
06100206,Stadtpark,06,14.68,-0.027764471686092394,-0.11054789908894919,1.2029999999998493,0.33236146603720607,0.0948742426814405,26.4,0
06100207,Mittelstraße,06,15.47,0.2286061694673037,0.06292084712273047,0.8759999999999561,-0.2810205121488772,-0.35286536414251257,37.6,0
06100208,Bergstraße,06,17.18,0.7835350256347804,0.4384038294290238,1.6519999999998465,1.1745893198770827,0.7096604306448024,24.8,0
06100209,Feuerbachstraße,06,16.97,0.7153858678598267,0.39229188423351385,1.2529999999999284,0.42615075933800944,0.16333595626321537,38.2,0
06100210,Bismarckstraße,06,15.0,0.07608186397097941,-0.04028207783864859,1.1259999999999153,0.18792595435432116,-0.010556796234235668,12.0,1
06200311,Alt-Lankwitz,06,18.01,1.0528864587453106,0.6206558032969912,1.8249999999998001,1.499100274697262,0.9465379596373052,20.2,1
06200312,Komponistenviertel Lankwitz,06,14.0,-0.24843793495736968,-0.2598627692458378,0.798999999999882,-0.42545602383202497,-0.4582964030583806,15.6,1
06200313,Lankwitz Kirche,06,12.1,-0.8650255529212331,-0.6770660829194973,0.4559999999999389,-1.0688505758744116,-0.9279437582285354,31.6,0
06200314,Kaiser-Wilhelm-Straße,06,9.66,-1.6568538623064046,-1.2128429699530388,0.2439999999999624,-1.4665171794691445,-1.2182214238147693,50.2,0
06200315,Gallwitzallee,06,13.69,-0.3490390726251581,-0.3279327835820665,0.5879999999999109,-0.8212468415607348,-0.7472048343729739,33.2,0
06200316,Belßstraße,06,12.0,-0.8974775328140678,-0.6990241520602161,0.8449999999998956,-0.3391698739953969,-0.3953116265632287,24.6,0
06200317,Lankwitz Süd,06,13.0,-0.5729577338857188,-0.47944346065302695,0.9899999999998864,-0.06718092342351462,-0.19677265717640827,19.0,1
06200418,Landweg,06,,,,,,,,1
06200419,Thermometersiedlung,06,8.64,-1.9878640572133206,-1.4368152751883716,0.34999999999994197,-1.2676838776717945,-1.0730825910216644,42.6,0
06200420,Lichterfelde Süd,06,11.81,-0.959136294610454,-0.7407444834275819,0.9439999999999107,-0.1534670732600717,-0.2597574336715083,38.2,0
06200421,Königsberger Straße,06,15.24,0.15396661571378326,0.012417288099076863,1.122999999999898,0.18229859675624957,-0.014664499049159228,38.6,0
06200422,Oberhofer Platz,06,14.86,0.03064909212101035,-0.0710233746356552,0.9869999999998919,-0.07280828102154371,-0.20088035999130083,22.4,0
06200423,Schütte-Lanz-Straße,06,10.63,-1.3420696573459059,-0.9998496992880651,0.893999999999873,-0.24725636656079736,-0.32821914725322643,39.0,0
06300524,Berlepschstraße,06,14.66,-0.03425486766465924,-0.11493951291709288,0.36999999999994704,-1.2301681603515229,-1.0456979055889908,13.4,1
06300525,Zehlendorf Süd,06,9.92,-1.572478714585034,-1.1557519901871696,-0.32399999999997614,-2.5319635513644703,-1.9959464901024175,47.2,0
06300526,Zehlendorf Mitte,06,17.64,0.9328141331418213,0.539410947476331,1.0649999999999344,0.07350301652755797,-0.09408008680384265,20.8,1
06300527,Sundgauer Straße,06,15.88,0.3616592870279269,0.15294893059967807,1.0429999999999122,0.032235727475228085,-0.12420324077980638,37.6,0
06300528,Teltower Damm,06,18.14,1.0950740326059958,0.6492012931799256,1.5379999999998464,0.9607497311515891,0.5535677236786025,29.2,0
06300629,Botanischer Garten,06,16.77,0.6504819080741572,0.34837574595207615,1.5239999999998852,0.9344887290274786,0.534398443875789,26.0,0
06300630,Hindenburgdamm,06,17.07,0.7478378477526622,0.4142499533742331,2.022999999999756,1.8705058761677729,1.2176463454206443,32.2,0
06300631,Goerzwerke,06,12.63,-0.6930300594892077,-0.5606883164736868,0.6349999999999968,-0.733084905857958,-0.6828508236060897,14.8,1
06300632,Schweizer Viertel,06,18.01,1.0528864587453106,0.6206558032969912,1.2739999999998737,0.4655422625241819,0.1920898759674404,47.6,0
06300633,Augustaplatz,06,15.17,0.13125022978879874,-0.0029533602994264423,1.1449999999998635,0.22356588580847284,0.01545865492672666,43.6,0
06300634,Lichterfelde West,06,13.18,-0.5145441700786161,-0.43991893619973294,0.49099999999994276,-1.0031980705639458,-0.8800205587213634,19.4,1
06400735,Wannsee,06,15.45,0.22211577348873626,0.05852923329458639,0.8929999999999042,-0.24913215242675196,-0.32958838152481706,65.4,0
06400736,Düppel,06,13.28,-0.48209219018578126,-0.4179608670590141,0.015999999999994904,-1.8941963569200706,-1.5304068377471245,13.8,1
06400737,Nikolassee,06,13.39,-0.44639501230366246,-0.39380699100422306,0.4649999999999497,-1.0519685030802735,-0.9156206497838206,25.8,0
06400838,Krumme Lanke,06,12.86,-0.6183905057356879,-0.5101847574500336,0.3439999999999868,-1.278938592867789,-1.081297996651403,14.2,1
06400839,Fischerhüttenstraße,06,15.28,0.16694740767091695,0.021200515755364243,1.1699999999998252,0.27046053245872853,0.04968951171750753,18.5,1
06400840,Fischtal,06,13.0,-0.5729577338857188,-0.47944346065302695,0.29300000000001414,-1.3746036720344057,-1.1511289445046653,10.0,1
06400841,Zehlendorf Eiche,06,18.57,1.2346175461451858,0.7436209904850168,1.6769999999998364,1.2214839665273913,0.7438912874356219,21.2,0
06400842,Hüttenweg,06,18.5,1.2119011602202012,0.7282503420865135,1.2909999999999426,0.49743062224653395,0.21536685858530144,16.6,1
06400843,Thielallee,06,15.92,0.3746400789850606,0.16173215825596543,0.8129999999999032,-0.39919502170780174,-0.43912712325548486,9.0,1
06400844,Dahlem,06,22.0,2.347720456469423,1.4967827620116756,1.9949999999997192,1.8179838719193373,1.1793077858148608,31.4,0
07100101,Wittenbergplatz,07,17.86,0.6125958593556026,0.5877186995859124,0.4219999999999477,-0.8940845586222554,-0.9744977234640565,50.8,0
07100102,Kalckreuthstraße,07,21.0,1.2749895037929144,1.2772020706044864,3.090999999999645,1.9901510810426821,2.67998854752489,37.6,0
07100103,Frobenstraße,07,15.18,0.04724077429445771,-0.0007575533853545973,1.5389999999998878,0.31299345168345005,0.5549369579502925,43.2,0
07100204,Barbarossaplatz,07,27.5,2.646186538456139,2.704476564751216,3.693999999999604,2.6417786909033176,3.5056368133197324,40.0,0
07100205,Alvenslebenstraße,07,8.84,-1.290203717977057,-1.392899136906934,0.9089999999998736,-0.3678115138426489,-0.3076806331787257,23.0,0
07100206,Großgörschenstraße,07,12.5,-0.5181143107666872,-0.5892338063566215,0.5539999999998283,-0.7514397087026338,-0.7937587996086203,24.6,0
07200307,Bayerischer Platz,07,17.02,0.4353950117991244,0.40327091880387345,1.1429999999999003,-0.11494109807578894,0.012720186383510464,33.8,0
07200308,Volkspark (Rudolph-Wilde-Park),07,16.0,0.22022255405197227,0.1792986135685406,1.4209999999998317,0.1854776009975516,0.3933673138974827,48.4,0
07200409,Belziger Straße,07,19.25,0.9058210713835846,0.8929358606419054,2.169999999999713,0.9948790600117671,1.4189237833506854,39.0,0
07200410,Feurigstraße,07,9.44,-1.163631684008144,-1.2611507220626206,0.346000000000002,-0.9762134116062958,-1.0785595281081155,17.0,1
07200411,Julius-Leber-Brücke,07,12.15,-0.5919479972485531,-0.6660870483491377,0.4439999999999147,-0.8703104169689994,-0.9443745694881684,7.25,1
07200412,Schöneberger Linse,07,22.6,1.6125149277100161,1.6285311768559894,0.8539999999999571,-0.4272468679757881,-0.38298851811844453,39.0,0
07200413,Cheruskerstraße,07,18.57,0.7623727662188166,0.7436209904850168,1.7789999999997494,0.5723477242646657,0.8835531831421026,25.0,0
07200414,Hohenfriedbergstraße,07,20.58,1.1863890800146748,1.1849781802134667,1.6289999999997617,0.41025130390132575,0.6781680423971198,11.4,1
07300515,Taunusstraße,07,15.57,0.1295125963742513,0.0848789162634493,0.6409999999999302,-0.6574237848917788,-0.674635417976381,24.0,0
07300516,Odenwaldstraße,07,16.02,0.22444162185093594,0.18369022739668428,1.2659999999998512,0.017977966622107676,0.18113600179434303,28.6,0
07300517,Perelsplatz,07,24.49,2.0112168347120916,2.0435386836155764,3.8769999999996863,2.8395363237466977,3.756206685028745,83.2,0
07300618,Ceciliengärten,07,16.98,0.426956876201197,0.3944876911475861,1.3659999999999102,0.12604224686440685,0.31805942895775685,24.2,0
07300619,Grazer Platz,07,14.91,-0.009716640991553078,-0.06004434006529558,1.0689999999998725,-0.19490866545507327,-0.08860314971739415,29.6,0
07400720,Gontermannstraße,07,9.56,-1.138317277214361,-1.2348010390937576,0.43499999999991307,-0.8800362021908024,-0.9566976779328707,20.8,1
07400721,Paradestraße,07,12.74,-0.4674854971791219,-0.5365344404188961,-0.4419999999999103,-1.8277599399150166,-2.15751613415506,10.4,1
07400822,Lindenhofsiedlung,07,18.94,0.8404255204996465,0.824865846305677,0.9679999999999058,-0.30405358849969505,-0.226895811152315,18.4,1
07400823,Wittekindstraße,07,9.75,-1.0982361331242054,-1.1930807077263919,0.38299999999993634,-0.9362296279167397,-1.0278978600577722,30.4,0
07400824,Bosepark,07,16.13,0.24764649474523656,0.20784410345147497,1.5699999999998135,0.3464933785584628,0.5973832203708241,19.8,1
07400825,Friedrich-Karl-Straße,07,17.75,0.5893909864613021,0.5635648235311217,1.5829999999998405,0.3605417349899826,0.6151832659020944,35.8,0
07400826,Marienhöhe,07,13.72,-0.2607511750298972,-0.3213453628398506,-0.569000000000075,-1.9650015758228336,-2.331408886652719,6.0,1
07400927,Rathaus Tempelhof,07,11.91,-0.6425768108361184,-0.7187864142868631,0.6499999999998851,-0.6476979996700263,-0.6623123095317427,40.2,0
07400928,Germaniagarten,07,13.51,-0.30505138691901695,-0.36745730803536053,0.6249999999999528,-0.674714069730512,-0.6965431663224833,22.8,0
07501029,Ringstraße,07,17.77,0.5936100542602657,0.5679564373592654,2.493999999999721,1.3450073279966186,1.8625556873598954,53.2,0
07501030,Machonstraße,07,18.33,0.7117439526312509,0.690921624547291,1.7389999999998251,0.5291220121678533,0.828783812276873,33.4,0
07501031,Eisenacher Straße,07,14.6,-0.07511219187549159,-0.12811435440152433,1.557999999999817,0.3335256649293984,0.580952409111229,34.2,0
07501032,Imbrosweg,07,12.16,-0.5898384633490712,-0.6638912414350658,0.7769999999998994,-0.5104563637623717,-0.48841955703429,32.8,0
07501133,Fritz-Werner-Straße,07,12.45,-0.5286619802640967,-0.6002128409269811,1.1979999999998479,-0.05550574394261611,0.08802807132327185,32.4,0
07501134,Hundsteinweg,07,12.04,-0.615152870142854,-0.6902409244039287,0.7329999999998921,-0.5580046470689634,-0.5486658649861667,29.6,0
07501135,Birnhornweg,07,13.0,-0.412637615792593,-0.47944346065302695,2.1219999999996375,0.9430082054954124,1.3532005383121821,5.5,1
07601236,Marienfelder Allee Nordwest,07,10.95,-0.8450920651863794,-0.9295838780377649,0.5449999999999309,-0.7611654939243241,-0.8060819080531798,61.2,0
07601237,Kirchstraße,07,12.64,-0.4885808361739407,-0.5584925095596149,0.583999999999956,-0.7190204246298251,-0.7526817714594455,15.4,1
07601238,Marienfelde Nordost,07,13.5,-0.3071609208184988,-0.36965311494943237,1.0719999999998289,-0.19166673704785334,-0.0844954469025539,7.0,1
07601339,Tirschenreuther Ring West,07,7.99,-1.469514099433017,-1.5795427246030447,0.37899999999994477,-0.9405521991264201,-1.033374797144294,57.6,0
07601340,Tirschenreuther Ring Ost,07,9.44,-1.163631684008144,-1.2611507220626206,0.6079999999999204,-0.693084997371727,-0.7198201489402943,41.2,0
07601341,Diedersdorfer Weg,07,10.6,-0.9189257516682453,-1.006437120030281,0.6799999999998602,-0.6152787155973826,-0.621235281382777,10.2,1
07601442,Kettinger Straße,07,11.83,-0.6594530820319734,-0.7363528695994382,0.8869999999999095,-0.3915856554959018,-0.33780378715460974,45.4,0
07601443,Töpchiner Weg,07,10.54,-0.9315829550651367,-1.0196119615147126,0.736999999999917,-0.5536820758592469,-0.5431889278995992,33.2,0
07601544,John-Locke-Straße,07,9.75,-1.0982361331242054,-1.1930807077263919,0.42999999999996746,-0.8854394162028553,-0.9635438492909628,26.6,0
07601545,Nahariyastraße,07,8.49,-1.3640374044589227,-1.46975237889945,0.10799999999999005,-1.2334063985828292,-1.4044372847568645,92.2,0
07601546,Franziusweg,07,13.04,-0.4041994801946656,-0.47066023299673954,0.9229999999998726,-0.35268251460873695,-0.2885113533758604,17.6,1
07601547,Horstwalder Straße,07,9.53,-1.144645878912807,-1.2413884598359735,0.4429999999999547,-0.8713910597713784,-0.945743803759747,17.4,1
07601548,Wittelsbacherstraße,07,12.58,-0.5012380395708321,-0.5716673510440464,0.3159999999999051,-1.0086326956790712,-1.1196365562572481,5.75,1
08100101,Hasenheide,08,20.28,1.4934038049293652,1.1191039727913106,0.4759999999999995,-0.8662102470907311,-0.9005590727957857,19.8,1
08100102,Schillerpromenade Nord,08,19.68,1.352597830969234,0.9873555579469967,2.0989999999997027,1.2974267985588994,1.3217081500647045,25.4,0
08100103,Schillerpromenade Süd,08,12.9,-0.23850967478024387,-0.5014015297937457,0.7509999999999966,-0.4996050791586604,-0.5240196480966237,25.6,0
08100104,Wartheplatz,08,16.0,0.4889878573470985,0.1792986135685406,1.3029999999999031,0.23627147610850677,0.23179766984484731,23.4,0
08100105,Silbersteinstraße,08,18.75,1.1343485713310313,0.7831455149383109,1.3619999999998489,0.3149249485011341,0.3125824918711396,47.2,0
08100206,Flughafenstraße,08,15.68,0.41389133790169536,0.10903279231824,1.374999999999849,0.33225537462155963,0.3303825374023731,39.2,0
08100207,Rollberg,08,13.62,-0.06954250602808719,-0.34330343198056984,1.245999999999823,0.1602842231188427,0.15375131636163777,15.0,1
08100208,Körnerpark,08,16.0,0.4889878573470985,0.1792986135685406,1.3709999999998477,0.32692293581527315,0.32490560031583793,47.8,0
08100209,Glasower Straße,08,18.56,1.0897600129103229,0.7414251835709446,1.412999999999871,0.38291354328129384,0.38241343972446984,59.8,0
08100310,Maybachufer,08,19.71,1.3596381296672408,0.9939429786892127,0.8859999999999301,-0.31963526944663967,-0.33917302142621497,22.4,0
08100311,Reuterplatz,08,17.22,0.7752933377326975,0.44718705708531115,2.201999999999706,1.4347370978207354,1.4627392800429422,29.0,0
08100312,Weichselplatz,08,17.66,0.8785510519701271,0.5438025613044747,2.1899999999997286,1.4187397814019114,1.4463084687833734,52.6,0
08100313,Bouchéstraße,08,15.0,0.25431123408021383,-0.04028207783864859,1.969999999999747,1.1254556470562762,1.1450769290240657,4.5,1
08100314,Donaustraße,08,14.86,0.22145650682284984,-0.0710233746356552,1.436999999999839,0.4149081761189596,0.41527506224362604,29.8,0
08100415,Ganghoferstraße,08,18.51,1.0780261817469794,0.7304461490005858,1.401999999999913,0.36824933656406694,0.3673518627365608,22.6,0
08100416,Alt-Rixdorf,08,16.8,0.6767291559606063,0.35496316669429206,1.5519999999997793,0.5682157917995657,0.5727370034813773,22.0,0
08100417,Braunschweiger Straße,08,18.68,1.1179212077023493,0.7677748665398075,2.2459999999997424,1.493393924689916,1.5229855879948588,47.4,0
08100418,Hertzbergplatz,08,17.82,0.9160993116928287,0.5789354719296249,2.3259999999997047,1.6000427008155602,1.6325243297254737,28.8,0
08100419,Treptower Straße Nord,08,17.0,0.7236644806139831,0.39887930497572976,2.64499999999968,2.0253046956167338,2.069310062376472,18.8,1
08100520,Weiße Siedlung,08,8.49,-1.2734335833872052,-1.46975237889945,0.04799999999999926,-1.436781199363197,-1.4865913410548521,46.6,0
08100521,Schulenburgpark,08,7.36,-1.538618167678785,-1.7178785601895739,0.17699999999998678,-1.2648100478605313,-1.3099601200141693,40.6,0
08200622,Jahnstraße,08,19.4,1.286888376454506,0.9258729643529835,2.1539999999997494,1.3707478321453765,1.397016035004602,31.2,0
08200623,Park am Buschkrug,08,13.5,-0.09770370082011316,-0.36965311494943237,-0.12700000000001413,-1.6700753971381714,-1.7262073385907033,21.4,0
08200624,Tempelhofer Weg,08,10.09,-0.8979509861601899,-1.1184232726479475,0.6149999999999517,-0.6809079985724008,-0.7102355090388182,44.0,0
08200725,Mohriner Allee Nord,08,10.92,-0.7031693888486756,-0.9361712987799804,0.48971428571425274,-0.8479275997549413,-0.8817810027848589,4.0,1
08200726,Hufeisensiedlung,08,10.06,-0.9049912848581962,-1.125010693390163,0.9229999999998723,-0.27031021048858306,-0.28851135337586087,23.4,0
08200727,Parchimer Allee Süd,08,9.76,-0.9753942718382619,-1.19088490081232,0.5599999999999575,-0.754229032158808,-0.7855433939786434,11.8,1
08200728,Ortolanweg,08,,,,,,,,1
08200729,Britzer Garten,08,,,,,,,,1
08200730,Handwerker-Siedlung,08,8.73,-1.217111193803153,-1.4170530129617247,0.3249999999999253,-1.0675098120280784,-1.1073134478125204,8.0,1
08200831,Buckow West,08,8.73,-1.217111193803153,-1.4170530129617247,0.3200000000000082,-1.0741753605358237,-1.1141596191705734,24.4,0
08200832,Buckow Mitte,08,12.27,-0.3863559474383814,-0.6397373653802751,1.072999999999852,-0.07034375525293285,-0.08312621263088879,74.4,0
08200833,Buckow Ost,08,13.5,-0.09770370082011316,-0.36965311494943237,1.94299999999978,1.0894616851138983,1.1081076036900108,49.8,0
08300934,Gropiusstadt Nord-West,08,8.06,-1.3743445313919656,-1.5641720762045415,0.26999999999996,-1.140830845614447,-1.182621332752306,63.0,0
08300935,Gropiusstadt Süd-West,08,10.65,-0.7665320771307343,-0.9954580854599214,0.4069999999999391,-0.9581948164992232,-0.9950362375385684,18.2,1
08301036,Gropiusstadt Mitte,08,8.54,-1.2616997522238613,-1.458773344329091,0.18499999999994782,-1.2541451702480135,-1.299006245841156,29.6,0
08301037,Gropiusstadt Süd-Ost,08,8.74,-1.214764427570484,-1.4148572060476527,0.5179999999999392,-0.810219639624822,-0.8430512333872684,73.8,0
08401138,Goldhähnchenweg,08,7.36,-1.538618167678785,-1.7178785601895739,0.7789999999999004,-0.4622780075147955,-0.485681088491022,14.4,1
08401139,Vogelviertel Süd,08,9.03,-1.1467082068230878,-1.3511788055395682,0.24099999999994645,-1.1794910269600294,-1.2223291266296912,13.8,1
08401140,Vogelviertel Nord,08,9.08,-1.1349743756597435,-1.3401997709692084,-0.4449999999994983,-2.094004282237119,-2.161623836969396,7.333333333333333,1
08401241,Blumenviertel,08,12.76,-0.27136440203760787,-0.5321428265907524,1.2009999999997865,0.1002942865480908,0.09213577413808778,13.0,1
08401242,Zittauer Straße,08,7.55,-1.494029609258077,-1.6761582288222079,0.43099999999989824,-0.9262001836615693,-0.9621746150194244,9.6,1
08401243,Alt-Rudow,08,11.36,-0.5999116746112465,-0.8395557945608173,0.9739999999998645,-0.20232161570846313,-0.21868040552257154,44.2,0
08401244,Waßmannsdorfer Chaussee,08,17.05,0.7353983117773276,0.40985833954608936,2.323999999999759,1.5973764814124902,1.6297858611822815,7.2,1
08401245,Frauenviertel,08,11.2,-0.6374599343339481,-0.8746887051859676,0.6609999999999245,-0.6195849523001626,-0.6472507325437221,21.0,0
08401246,Waltersdorfer Chaussee Ost,08,7.36,-1.538618167678785,-1.7178785601895739,0.12399999999998523,-1.3354648620438059,-1.382529536410738,26.4,0
09100101,Alt-Treptow,09,18.13,1.2525810292625645,0.6470054862658533,1.2449999999998547,0.7226091055657269,0.15238208209004775,61.2,0
09100202,Plänterwald West,09,12.21,-0.5642346338488348,-0.6529122068647062,0.9349999999999049,0.19141228783225583,-0.2720805421162162,9.0,1
09100203,Plänterwald Ost,09,12.13,-0.5887861968638537,-0.6704786621772814,0.4020000000000197,-0.7219035310449216,-1.0018824088966247,22.2,0
09100304,Baumschulenweg West,09,13.95,-0.03023813827217379,-0.2708418038161974,0.7019999999998863,-0.20784209452880453,-0.5911121274068079,53.4,0
09100305,Baumschulenweg Ost,09,16.36,0.7093776975552711,0.2583476624751286,1.5679999999998757,1.2760819188816952,0.5946447518276426,20.2,1
09100306,Späthsfelde,09,8.76,-1.623020788871526,-1.410465592219509,,,,3.0,1
09100407,Johannisthal West,09,17.01,0.9088591470523005,0.401075111889802,0.6019999999999476,-0.3791959067008147,-0.7280355545700571,49.8,0
09100408,Johannisthal Ost,09,13.66,-0.11923755420161711,-0.33452020432428203,0.6809999999999516,-0.24382639508483672,-0.6198660471110183,63.4,0
09100409,Landschaftspark Adlershof,09,11.0,-0.9355770244509962,-0.9186048434674053,1.0199999999998737,0.33706302817850026,-0.15569562902742579,32.0,0
09200510,Helmholtz-Kiez,09,14.0,-0.01489341138778675,-0.2598627692458378,1.0849999999998858,0.44844300609039595,-0.0666954013712426,90.8,0
09200511,Griechischer Park,09,9.66,-1.346815704952563,-1.2128429699530388,0.4509999999999426,-0.6379401630807172,-0.934789929586697,135.0,0
09200512,Wuhlheide,09,10.67,-1.0368522218879492,-0.9910664716317777,-0.47899999999993575,-2.23153061628118,-2.2081778022055283,53.2,0
09200613,Bahnhof Schöneweide,09,19.66,1.7221296719248018,0.982963944118853,1.393999999999842,0.9779262857021569,0.35639798856339683,165.8,0
09200614,Oberspree,09,17.26,0.9855827814742346,0.4559702847415993,0.36600000000002586,-0.7835909034268724,-1.0511748426754162,28.5,0
09200715,Wista,09,15.42,0.420896832128799,0.051941812552370854,1.1519999999998545,0.5632500602456594,0.025043294828147676,82.8,0
09200716,Dörpfeldstraße West,09,14.24,0.05876127765727007,-0.2071634033081123,1.2199999999998767,0.6797706525227359,0.1181512252992447,54.2,0
09200717,Dörpfeldstraße Ost,09,13.2,-0.26040904153797617,-0.43552732237158925,0.7609999999999222,-0.10674334534719503,-0.5103273053803922,74.4,0
09200818,Spindlersfeld,09,20.0,1.8264738147386321,1.0576213791972973,1.1499999999998942,0.5598229840022853,0.022304826284935433,152.4,0
09200819,Köllnische Vorstadt,09,11.05,-0.9202322975666092,-0.9076258088970457,0.552999999999932,-0.46315927466517787,-0.7951280338801117,93.6,0
09300920,Dorf Altglienicke,09,17.67,1.1114095419262067,0.5459983682185469,2.474999999999668,2.8302609952824236,1.8365402361987897,90.0,0
09300921,Preußen Siedlung,09,12.08,-0.6041309237482407,-0.681457696747641,0.7379999999998729,-0.14615472214686603,-0.5418196936280263,18.0,1
09300922,Kosmos Viertel,09,6.7,-2.255223536508263,-1.8628018165183184,0.07999999999998578,-1.2736628062391906,-1.4427758443626038,8.5,1
09300923,Kölner Viertel,09,9.95,-1.2578162890231197,-1.1491645694449542,0.6489999999999208,-0.2986596149799665,-0.6636815438033272,28.2,0
09301024,Falkenberg,09,15.5,0.44544839514381795,0.069508267864946,0.8539999999999064,0.052615699972845056,-0.382988518118514,13.6,1
09301025,Alt-Bohnsdorf,09,13.06,-0.3033742768142589,-0.46626861916859547,0.30099999999991145,-0.8949708813389434,-1.1401750703317393,34.8,0
09301126,Grünau,09,18.55,1.3814767350914146,0.7392293766568732,1.1809999999998617,0.6129426657755852,0.0647510887055242,164.4,0
09301227,Karolinenhof,09,15.0,0.29200112629994973,-0.04028207783864859,1.037999999999847,0.36790671436943534,-0.13104941213806226,8.8,1
09301228,Schmöckwitz/Rauchfangswerder,09,16.85,0.8597560210222627,0.3659422012646517,1.303999999999839,0.8237078547472482,0.23316690411639296,12.0,1
09401329,Kietzer Feld/Nachtheide,09,16.07,0.6203782816258279,0.1946692619670439,1.990999999999754,2.000908544369534,1.1738308487283753,132.8,0
09401330,Wendenschloß,09,14.11,0.018864987757864087,-0.23570889319104707,0.8719999999998892,0.08345938616379633,-0.35834230122913757,26.2,0
09401431,Allende I,09,14.0,-0.01489341138778675,-0.2598627692458378,1.8859999999997799,1.820987041588857,1.0300612502069106,48.8,0
09401432,Siedlung Kämmereiheide,09,10.67,-1.0368522218879492,-0.9910664716317777,0.44799999999994705,-0.643080777445873,-0.9388976324015907,17.4,1
09401433,Allende II,09,7.02,-2.1570172844481874,-1.7925359952680182,0.312999999999965,-0.8744084238781978,-1.123744259072066,33.8,0
09401534,Altstadt Köpenick,09,9.14,-1.5064008645501858,-1.3270249294847771,-0.09899999999997436,-1.5803861300272084,-1.6878687789849156,98.4,0
09401635,Müggelheim,09,14.92,0.2674495632849308,-0.057848533151223736,0.4469999999999513,-0.6447943155675868,-0.9402668666732183,28.2,0
09501736,Hirschgarten,09,9.2,-1.487987192288922,-1.3138500880003459,0.5529999999999246,-0.46315927466519063,-0.7951280338801219,29.8,0
09501737,Alt-Friedrichshagen,09,10.2,-1.1810926546011855,-1.0942693965931567,0.17300000000000532,-1.11430376091909,-1.315437057100677,88.8,0
09501838,Rahnsdorf,09,14.84,0.24289800026991185,-0.07541498846379889,0.2969999999999762,-0.9018250338257169,-1.145652007418184,106.8,0
09501939,Bahnhofstraße,09,17.38,1.0224101259967622,0.48231996771046143,1.2579999999998885,0.7448851011481599,0.17018212762132745,101.2,0
09501940,Güterbahnhof Köpenick,09,13.77,-0.08547915505596627,-0.31036632826949134,0.8699999999999061,0.08003230992038295,-0.3610807697723811,40.0,0
09501941,Friedrichshagener Straße,09,17.13,0.9456864915748281,0.42742479485866414,0.8079999999998962,-0.026207053626345324,-0.44597329461366114,52.8,0
09502042,Mittelheide,09,15.81,0.5405857018270165,0.13757828220117477,0.8709999999999112,0.08174584804211285,-0.3597115355007408,55.8,0
09502043,Dammheide,09,13.79,-0.07934126430221167,-0.30597471444134766,0.8409999999998969,0.030339704390453887,-0.40078856364976023,47.6,0
10100101,Marzahn West,10,6.88,-1.3771783493672165,-1.8232772920650244,0.28099999999996383,-0.652776696884383,-1.1675597557643342,52.2,0
10100102,Rosenbecker Straße,10,12.65,0.32614971035350443,-0.5562967026455431,0.2049999999999738,-0.7525492239255164,-1.2716215604084538,50.2,0
10100103,Wittenberger Straße,10,8.26,-0.9697965950492624,-1.5202559379231038,0.3619999999999522,-0.5464401878010712,-1.0566517797620505,59.2,0
10100104,Golliner Straße,10,7.77,-1.1144466382491158,-1.6278504767126265,0.361999999999968,-0.5464401878010504,-1.0566517797620287,45.0,0
10100205,Gewerbegebiet Bitterfelder Straße,10,,,,,,,,1
10100206,Wuhletalstraße,10,14.01,0.7276273812755458,-0.2576669623317659,1.4029999999997536,0.8201808733806865,0.3687210970079757,55.4,0
10100207,Ahrensfelder Berge,10,7.33,-1.244336472959188,-1.7244659809317895,0.2159999999999537,-0.7381084634327452,-1.2565599834205146,50.8,0
10100208,Bürgerpark,10,8.26,-0.9697965950492624,-1.5202559379231038,0.2579999999999733,-0.6829710142784016,-1.1990521440118878,110.2,0
10100209,Lea-Grundig-Straße,10,11.7,0.045705749047666194,-0.7648983594823731,0.8019999999999285,0.031190231910797957,-0.4541887002434169,39.2,0
10100210,Marzahner Promenade,10,6.86,-1.3830824327631286,-1.8276689058931683,0.17199999999998472,-0.7958715054038945,-1.3168062913723388,83.2,0
10100311,Marzahner Chaussee,10,22.5,3.2339107828403497,1.6065731077152703,5.046999999999447,5.604010985721566,5.358210782839415,17.8,1
10100312,Springpfuhl,10,7.34,-1.2413844312612317,-1.7222701740177178,0.08399999999998621,-0.9113975893462726,-1.4372989072760698,80.2,0
10100313,Alt-Marzahn,10,8.26,-0.9697965950492624,-1.5202559379231038,0.06199999999998993,-0.9402791103318626,-1.4674220612519981,26.4,0
10100314,Auersbergstraße,10,6.88,-1.3771783493672165,-1.8232772920650244,0.04799999999999586,-0.9586582600499608,-1.4865913410548566,24.6,0
10100315,Bärenstein,10,15.0,1.0198795093732085,-0.04028207783864859,2.676999999999646,2.4926834977281835,2.113125559068693,34.4,0
10100316,Landsberger Tor,10,10.52,-0.30263517131116396,-1.0240035753428562,0.7179999999999134,-0.07908466639785745,-0.5692043790606375,24.6,0
10200417,Zossener Straße,10,13.0,0.4294711697819709,-0.47944346065302695,0.9729999999999119,0.25567841775335554,-0.22004963979413997,30.0,0
10200418,Kyritzer Straße,10,14.91,0.9933111340916029,-0.06004434006529558,1.4859999999998599,0.9291429752810253,0.4823675415536878,44.2,0
10200419,Havelländer Ring,10,14.11,0.7571477982551076,-0.23570889319104707,0.8489999999999075,0.09289166310726875,-0.38983468947667915,122.2,0
10200420,Gut Hellersdorf,10,14.92,0.996263175789559,-0.057848533151223736,1.3239999999999486,0.7164699571144876,0.2605515895492095,19.6,1
10200421,Helle Mitte,10,12.59,0.3084374601657671,-0.5694715441299746,0.7209999999999256,-0.075146277172533,-0.5650966762457208,51.4,0
10200422,Hellersdorfer Promenade,10,11.59,0.013233290370148294,-0.7890522355371637,0.7309999999999343,-0.062018313088160255,-0.5514043335293756,57.0,0
10200423,Böhlener Straße,10,15.83,1.2648989703035722,0.14196989602931845,2.162999999999598,1.817906143791946,1.4093391434490945,33.5,0
10200524,Adele-Sandrock-Straße,10,13.46,0.5652650878879558,-0.37843634260571973,1.4149999999998355,0.8359344302820276,0.38515190826768786,63.8,0
10200525,Schleipfuhl,10,6.77,-1.4096508080447345,-1.8474311681198157,0.009999999999993287,-1.0085445235705375,-1.5386222433769265,13.0,1
10200526,Boulevard Kastanienallee,10,9.26,-0.6745924252536436,-1.3006752465159146,0.25942857142851455,-0.6810955908378183,-1.1970960950524532,19.75,1
10200627,Am Kienberg,10,6.9,-1.371274265971304,-1.8188856782368807,0.14400000000000146,-0.8326298048400843,-1.355144850978049,13.2,1
10200628,Neue Grottkauer Straße,10,6.88,-1.3771783493672165,-1.8232772920650244,0.4599999999996488,-0.41778613977472806,-0.9224668211423993,11.0,1
10200629,Teterower Ring,10,16.5,1.4626857640666369,0.2890889592721352,2.156999999999763,1.8100293653415458,1.4011237378195203,46.0,0
10200630,Cecilienplatz,10,6.8,-1.400794682950866,-1.8408437473776,-0.808999999999675,-2.083724782079298,-2.660025111844171,24.75,0
10300731,Oberfeldstraße,10,13.84,0.6774426724102907,-0.29499567987098807,0.7309999999999671,-0.062018313088117116,-0.5514043335293306,17.4,1
10300732,Buckower Ring,10,10.53,-0.2996831296132078,-1.0218077684287843,0.36099999999997173,-0.5477529842094817,-1.0580210140336568,66.6,0
10300733,Alt-Biesdorf,10,14.0,0.7246753395775898,-0.2598627692458378,0.7849999999999971,0.008872692967473686,-0.4774656828610896,20.6,1
10300734,Biesdorf Süd,10,17.65,1.802170559331598,0.5416067543904024,1.271999999999859,0.6482045438756909,0.18935140742415366,22.4,0
10400835,Kaulsdorf Nord,10,14.0,0.7246753395775898,-0.2598627692458378,1.716999999999815,1.232398945629714,0.7986606583009257,25.6,0
10400836,Alt-Kaulsdorf,10,15.96,1.3032755123770028,0.1705153859122532,1.3499999999998638,0.7506026637337159,0.29615168061156,11.2,1
10400837,Kaulsdorf Süd,10,13.79,0.6626824639205096,-0.30597471444134766,0.5809999999999002,-0.2589377743536255,-0.756789474274422,27.0,0
10400938,Mahlsdorf Nord,10,13.9,0.6951549225980279,-0.2818208383865566,0.35199999999995274,-0.5595681518854319,-1.0703441224783827,30.6,0
10400939,Alt-Mahlsdorf,10,14.85,0.9755988839038656,-0.07321918154972704,0.7929999999999039,0.01937506423484036,-0.4665118086881506,20.2,1
10400940,Elsensee,10,14.35,0.8279967990060562,-0.18300952725332162,1.21499999999986,0.5733751485948324,0.11130505394105508,9.4,1
10400941,Pilgramer Straße,10,14.43,0.8516131325897057,-0.16544307194074648,0.9499999999998965,0.2254841003593041,-0.25154202804172776,21.6,0
11100101,Dörfer Malchow-Wartenberg,11,10.38,-0.5451875110853036,-1.0547448721398625,0.5979999999999134,-0.586910253424001,-0.7335124916566372,5.2,1
11100102,Dorf Falkenberg,11,16.8,1.1014643488801052,0.35496316669429206,1.4099999999998494,0.5574797654000557,0.37830573690954017,29.0,0
11100203,Falkenberg Ost,11,6.58,-1.5198412599744868,-1.8891514994871814,-0.12099999999998327,-1.600230972062478,-1.717991932960861,44.8,0
11100204,Falkenberg West,11,7.59,-1.2607885530328882,-1.6673750011659205,0.4059999999999617,-0.8575049376779184,-0.9964054718101707,35.6,0
11100205,Wartenberg Süd,11,7.56,-1.2684831878925398,-1.6739624219081362,0.433999999999952,-0.8180432128908925,-0.9580669122044507,44.4,0
11100206,Wartenberg Nord,11,7.78,-1.212055865588429,-1.6256546697985543,0.35799999999995047,-0.9251536087414306,-1.062128716848586,54.2,0
11100307,Zingster Straße Ost,11,10.47,-0.5221036065063493,-1.0349826099132153,0.960999999999886,-0.0753171785063484,-0.23648045105377552,80.8,0
11100308,Zingster Straße West,11,7.56,-1.2684831878925398,-1.6739624219081362,0.40599999999995273,-0.857504937677931,-0.996405471810183,80.6,0
11100309,Mühlengrund,11,14.5,0.5115423429734944,-0.15007242354224318,1.9099999999997876,1.2621534223113893,1.0629228727261213,24.2,0
11200410,Malchower Weg,11,10.99,-0.38872993560572444,-0.9208006503814772,1.1829999999998655,0.2375579251622935,0.06748955724879603,57.8,0
11200411,Hauptstraße,11,14.55,0.524366734406247,-0.13909338897188356,1.984999999999773,1.3678544708480815,1.165615443098601,39.8,0
11200512,Orankesee,11,17.67,1.3246087598099976,0.5459983682185469,2.0729999999998316,1.4918770344645742,1.2861080590024145,15.0,1
11200513,Große-Leege-Straße,11,15.0,0.6397862573010186,-0.04028207783864859,1.3809999999998421,0.5166086932991831,0.3385979430321637,114.4,0
11200514,Landsberger Allee,11,13.61,0.2832681754705015,-0.3454992388946417,0.8899999999999133,-0.17538083778773156,-0.3336960843397046,103.8,0
11200515,Weiße Taube,11,16.0,0.8962740859560666,0.1792986135685406,1.199999999999845,0.26151682949725286,0.09076653986653456,87.6,0
11300616,Hohenschönhausener Straße,11,8.19,-1.1068958558398594,-1.535626586321607,0.3989999999999192,-0.8673703688747382,-1.0059901117116623,20.25,1
11300617,Fennpfuhlpark,11,7.56,-1.2684831878925398,-1.6739624219081362,0.20599999999997337,-1.1393744004424702,-1.270252326136821,28.8,0
11300618,Storkower Bogen,11,8.76,-0.9606977935064819,-1.410465592219509,0.29399999999994375,-1.0153518368261019,-1.1497597102331285,15.2,1
11300619,Rudolf-Seiffert-Park,11,8.48,-1.0325143855298953,-1.471948185813522,0.134000000000017,-1.2408474070376532,-1.368837193694361,20.0,1
11300620,Fennpfuhl Ost,11,7.56,-1.2684831878925398,-1.6739624219081362,0.32999999999993834,-0.9646153335284873,-1.100467276454336,23.2,0
11300721,Herzbergstraße,11,16.4,0.9988692174180855,0.26713089013141594,0.4609999999997696,-0.7799908354179329,-0.9210975868706005,47.6,0
11300722,Rathaus Lichtenberg,11,12.41,-0.0245172189155561,-0.6089960685832685,1.3049999999998856,0.4094982974487084,0.23453613838808998,57.0,0
11300723,Bornitzstraße,11,11.55,-0.24509675155889735,-0.7978354631934511,,,,3.0,1
11300724,Roedeliusplatz,11,11.07,-0.36821090931332057,-0.903234195068902,0.5669999999998946,-0.6306000201525356,-0.7759587540772963,30.2,0
11300725,Nibelungenviertel,11,15.0,0.6397862573010186,-0.04028207783864859,1.0279999999998968,0.019109091519797203,-0.1447417548543275,89.0,0
11300826,Frankfurter Allee Süd,11,7.78,-1.212055865588429,-1.6256546697985543,0.3220000000000029,-0.9758901120389789,-1.1114211506273142,51.0,0
11400927,Victoriastadt,11,13.5,0.25505451431844633,-0.36965311494943237,1.0769999999998365,0.08816710989703151,-0.07764927554437674,13.0,1
11400928,Nöldnerplatz,11,15.5,0.7680301716285426,0.069508267864946,0.7359999999999888,-0.3924203241163427,-0.5445581621711343,32.2,0
11400929,Weitlingkiez,11,14.58,0.5320613692658983,-0.13250596822966804,1.7289999999997596,1.0070615585094154,0.81509146956045,132.2,0
11400930,Zachertstraße,11,14.0,0.3832984286459704,-0.2598627692458378,0.8959999999998939,-0.1669247539048219,-0.3254806787099312,44.0,0
11400931,Massower Straße,11,19.19,1.7144702593656704,0.8797610191574743,0.6249999999999697,-0.548857875950705,-0.6965431663224602,42.6,0
11401032,Rosenfelder Ring,11,16.23,0.9552662865467278,0.22980217259219418,1.276999999999847,0.3700365726616144,0.19619757878230376,132.2,0
11401033,Gensinger Straße,11,13.16,0.16784865257573,-0.4443105500278766,1.3289999999998396,0.4433226329803918,0.267397760907227,47.8,0
11401034,Tierpark,11,17.78,1.3528224209620527,0.5701522442733375,3.281999999999605,3.1957779368760693,2.9415122934068014,41.0,0
11401135,Dolgenseestraße,11,9.21,-0.8452782706117099,-1.3116542810862737,0.712999999999914,-0.4248353123343734,-0.5760505504188033,111.0,0
11401136,Volkradstraße,11,9.25,-0.8350187574655082,-1.3028710534299863,0.6929999999999203,-0.4530222586108213,-0.6034352358514612,71.6,0
11401137,Erieseering,11,7.02,-1.4069866153662658,-1.7925359952680182,0.2579999999999765,-1.066088340123678,-1.1990521440118835,47.2,0
11501238,Rummelsburg,11,18.0,1.409249743266163,0.6184599963829189,2.258999999999729,1.754015634835478,1.5407856335260737,31.4,0
11501339,Karlshorst West,11,12.28,-0.05786063664071256,-0.6375415584662033,1.0539999999998764,0.05575212167916231,-0.10914166379188882,73.4,0
11501340,Karlshorst Nord,11,13.5,0.25505451431844633,-0.36965311494943237,0.9439999999998716,-0.0992760828413569,-0.2597574336715618,52.0,0
11501341,Karlshorst Süd,11,18.72,1.5939209798977974,0.7765580941960949,2.073999999999794,1.4932863817783437,1.2874772932739962,136.0,0
12100101,Letteplatz,12,13.18,0.23341225075360145,-0.43991893619973294,0.6399999999999282,-0.4920763835603985,-0.6760046522480171,95.2,0
12100102,Hausotterplatz,12,16.15,1.1718696285628132,0.21223571727961865,1.626999999999811,1.1948197177993696,0.6754295738539207,53.6,0
12100103,Breitkopfbecken,12,12.34,-0.03201003791971106,-0.6243667169817718,0.9889999999998857,0.1044046087137224,-0.1981418914480425,54.4,0
12100204,Schäfersee,12,14.84,0.757937249798481,-0.07541498846379889,2.0989999999997537,2.0015218047718197,1.3217081500647745,64.0,0
12100205,Teichstraße,12,11.73,-0.22475717612294976,-0.7583109387401571,0.8199999999998915,-0.18443575717262506,-0.4295424833540677,83.0,0
12100206,Humboldtstraße,12,10.85,-0.5028186213997536,-0.9515419471784837,0.5799999999999208,-0.5946232590230232,-0.7581587085460271,17.6,1
12200307,Reinickes Hof,12,12.26,-0.057288351126693234,-0.641933172294347,1.421999999999829,0.8444512266354757,0.3947365481691122,11.8,1
12200308,Mellerbogen,12,11.18,-0.39854557942095226,-0.8790803190141113,0.648999999999918,-0.47669435224102413,-0.6636815438033311,22.5,0
12200309,Scharnweberstraße,12,13.59,0.362963605939385,-0.34989085272278536,1.0459999999998912,0.20182414040321323,-0.1200955379649351,47.2,0
12200310,Klixstraße,12,9.44,-0.948348891672814,-1.2611507220626206,0.7459999999999227,-0.3109102369097932,-0.5308658194548914,74.6,0
12200411,Schumacher-Quartier,12,,,,,,,,1
12200412,Waldidyll/Flughafensee,12,14.13,0.5335922200865147,-0.231317279362903,1.3519999999998653,0.7248132052624904,0.2988901491548288,36.6,0
12200413,Tegel Süd,12,9.75,-0.8503954279957581,-1.1930807077263919,0.7789999999999089,-0.2545094554053802,-0.48568108849101044,123.6,0
12200414,TXL,12,17.42,1.573162850723656,0.49110319536674957,,,,4.0,1
12200515,Alt-Tegel,12,20.0,2.3883884516488294,1.0576213791972973,2.2279999999997537,2.2219975870164355,1.4983393711054742,98.6,0
12400616,Konradshöhe/Tegelort,12,16.71,1.348817821011689,0.3352009044676451,1.0959999999998762,0.2872798699553642,-0.05163382438328915,23.6,0
12400617,Alt-Heiligensee,12,13.73,0.40720065405160394,-0.31914955592577876,1.0619999999998748,0.22916997385988172,-0.09818778961882428,6.2,1
12400618,Heiligensee Nord,12,14.02,0.4988345394269139,-0.25547115541769405,1.6599999999997717,1.2512204993037388,0.7206143048177667,10.0,1
12400619,Heiligensee,12,14.89,0.7737361955528451,-0.06443595389343927,1.4909999999998238,0.9623801334174706,0.489213712911805,10.6,1
12400720,Frohnau West,12,14.47,0.6410250512161888,-0.1566598442844587,0.7269999999999469,-0.343383414139579,-0.5568812706158915,17.8,1
12400721,Frohnau Ost,12,12.62,0.05646405830472625,-0.562884123387759,0.5289999999999345,-0.68178810316622,-0.8279896563993082,15.4,1
12400722,Hermsdorf West,12,13.31,0.2744895097149477,-0.4113734463167982,0.7869999999999142,-0.24083653867702284,-0.47472721431793646,32.2,0
12400723,Hermsdorf Ost/Waldsee,12,15.0,0.8084938762124454,-0.04028207783864859,1.0689999999998758,0.2411337759971882,-0.08860314971738958,21.8,0
12500824,Ziekowstraße/Freie Scholle,12,10.78,-0.5249371454558631,-0.966912595576987,0.8109999999999256,-0.19981778849195864,-0.441865591798721,55.8,0
12500825,Borsigwalde,12,15.47,0.9570039663034657,0.06292084712273047,1.7069999999998156,1.33154888508286,0.7849683155845933,69.0,0
12500926,Wittenau Süd,12,12.77,0.10386089556781788,-0.5299470196766806,0.7879999999999111,-0.2391274240859846,-0.4733579800463074,24.6,0
12500927,Wittenau Nord,12,12.92,0.1512577328309095,-0.49700991596560207,-0.13099999999992418,-1.8098037332547108,-1.7316842756771134,38.2,0
12500928,Waidmannslust,12,15.0,0.8084938762124454,-0.04028207783864859,1.2249999999998884,0.507755652200001,0.12499739665742732,14.0,1
12500929,Lübars,12,14.0,0.4925149611251685,-0.2598627692458378,0.7459999999998725,-0.31091023690987896,-0.5308658194549601,9.8,1
12500930,Wittenau Mitte,12,10.98,-0.4617413624384074,-0.922996457295549,0.08600000000002912,-1.4389258669983438,-1.4345604387327444,27.4,0
12601031,Lübarser Straße,12,16.13,1.1655500502610678,0.20784410345147497,3.0199999999995524,3.575616343122571,2.582772914238797,7.75,1
12601032,Rollbergesiedlung,12,7.9,-1.43495642090722,-1.5993049868296916,1.0029999999998773,0.12833221298831748,-0.1789726116451874,82.2,0
12601133,Treuenbrietzener Straße,12,7.89,-1.438116210058093,-1.6015007937437638,0.43399999999994704,-0.8441539893153343,-0.9580669122044574,77.4,0
12601134,Märkisches Zentrum,12,8.64,-1.201132023742635,-1.4368152751883716,0.60299999999993,-0.5553136234290061,-0.7266663202984478,101.0,0
12601235,Dannenwalder Weg,12,7.45,-1.5771469326964946,-1.6981162979629267,0.11399999999998639,-1.391070658449198,-1.3962218791270697,31.8,0
12601236,Schorfheidestraße,12,10.42,-0.6386895548872826,-1.045961644483575,0.899999999999861,-0.0477065898891944,-0.32000374162344286,5.2,1
