plr_id,wohnungen_gesamt,leer,leerstandsquote
01100101,2065.0,63.0,3.050847457627119
01100102,1163.0,53.0,4.557179707652622
01100103,2897.0,54.0,1.8639972385226096
01100104,2498.0,43.0,1.7213771016813448
01100205,1362.0,61.0,4.47870778267254
01100206,1254.0,35.0,2.7910685805422646
01100207,4589.0,106.0,2.309871431684463
01100308,4844.0,97.0,2.0024772914946327
01100309,7478.0,209.0,2.7948649371489704
01100310,6106.0,99.0,1.6213560432361611
01100311,4861.0,64.0,1.31660152232051
01100312,5942.0,79.0,1.3295186805789296
01100313,5980.0,57.0,0.9531772575250835
01100414,2942.0,122.0,4.146838885112169
01100415,7877.0,136.0,1.7265456392027423
01100416,7871.0,145.0,1.8422055647312923
01200517,2079.0,60.0,2.886002886002886
01200518,3790.0,93.0,2.453825857519789
01200519,5310.0,87.0,1.6384180790960452
01200520,5659.0,120.0,2.120515992224775
01200521,2826.0,48.0,1.6985138004246285
01200522,6862.0,177.0,2.5794229087729525
01200623,6020.0,105.0,1.744186046511628
01200624,3236.0,41.0,1.2669962917181705
01200625,3347.0,29.0,0.8664475649835675
01200626,3472.0,78.0,2.2465437788018434
01200627,1358.0,45.0,3.313696612665685
01200628,2151.0,30.0,1.394700139470014
01200629,3893.0,92.0,2.3632160287695863
01300730,3289.0,133.0,4.043782304651869
01300731,4363.0,128.0,2.9337611735044695
01300732,4584.0,109.0,2.3778359511343803
01300733,5789.0,85.0,1.468301951977889
01300834,6397.0,183.0,2.860715960606534
01300835,5284.0,92.0,1.7411052233156699
01300836,7591.0,309.0,4.0706099328151755
01400937,6225.0,148.0,2.3775100401606424
01400938,5135.0,97.0,1.8889970788704964
01400939,3126.0,83.0,2.655150351887396
01400940,3855.0,115.0,2.9831387808041505
01400941,2129.0,50.0,2.3485204321277595
01400942,4731.0,92.0,1.9446205876136122
01401043,3524.0,35.0,0.9931895573212258
01401044,4898.0,110.0,2.2458146182115146
01401045,2637.0,39.0,1.4789533560864618
01401046,5217.0,128.0,2.4535173471343685
01401047,4563.0,198.0,4.339250493096647
01401048,4992.0,110.0,2.203525641025641
01401049,3626.0,50.0,1.3789299503585217
02100101,3132.0,235.0,7.503192848020435
02100102,4078.0,189.0,4.634624816086317
02100103,2540.0,25.0,0.984251968503937
02100104,2491.0,18.0,0.7226013649136892
02100105,4526.0,79.0,1.7454706142288996
02100106,2148.0,25.0,1.1638733705772812
02200207,1089.0,11.0,1.0101010101010102
02200208,3074.0,69.0,2.2446324007807417
02200209,6058.0,163.0,2.6906569825024764
02200210,6819.0,136.0,1.9944273353864204
02200211,8487.0,161.0,1.8970189701897018
02200212,4583.0,72.0,1.5710233471525201
02200213,5810.0,125.0,2.1514629948364887
02300314,3597.0,46.0,1.278843480678343
02300315,4185.0,121.0,2.891278375149343
02300316,2408.0,15.0,0.6229235880398671
02300417,4257.0,74.0,1.738313366220343
02300418,4388.0,92.0,2.096627164995442
02300419,5672.0,100.0,1.7630465444287728
02400520,2899.0,53.0,1.8282166264229045
02400521,4572.0,81.0,1.7716535433070866
02400522,6565.0,86.0,1.3099771515613101
02400623,7249.0,102.0,1.4070906331907849
02400624,6980.0,124.0,1.7765042979942696
02400625,527.0,10.0,1.8975332068311195
02500726,5608.0,111.0,1.9793152639087017
02500727,3515.0,56.0,1.5931721194879087
02500728,5642.0,76.0,1.347040056717476
02500729,3021.0,44.0,1.4564713670969878
02500830,2319.0,46.0,1.9836136265631736
02500831,4642.0,96.0,2.068074105988798
02500832,5477.0,157.0,2.866532773416104
02500833,6019.0,109.0,1.810932048513042
02500834,6461.0,81.0,1.2536759015632255
02500835,4560.0,171.0,3.75
02500836,2170.0,15.0,0.6912442396313364
03100101,2412.0,92.0,3.814262023217247
03100102,1443.0,61.0,4.227304227304227
03100103,4662.0,59.0,1.2655512655512655
03200204,1031.0,29.0,2.8128031037827355
03200205,4272.0,60.0,1.4044943820224718
03200206,3172.0,65.0,2.0491803278688523
03200207,5666.0,90.0,1.5884221673138015
03200308,2389.0,27.0,1.1301799916282964
03200309,2426.0,54.0,2.225886232481451
03200310,3636.0,39.0,1.0726072607260726
03300411,5366.0,45.0,0.8386134923592994
03300412,2309.0,33.0,1.429190125595496
03300413,1338.0,19.0,1.4200298953662183
03300514,2859.0,43.0,1.5040223854494577
03300515,24.0,,
03300516,3444.0,59.0,1.713124274099884
03300517,516.0,11.0,2.131782945736434
03400618,2029.0,40.0,1.9714144898965007
03400619,5193.0,93.0,1.7908723281340264
03400620,1520.0,25.0,1.644736842105263
03400721,5810.0,84.0,1.4457831325301205
03400722,1737.0,38.0,2.1876799078871616
03400723,4129.0,185.0,4.480503753935578
03400724,4478.0,176.0,3.9303260384100045
03400725,4091.0,52.0,1.2710828648252261
03400826,3800.0,83.0,2.1842105263157894
03400827,5394.0,95.0,1.7612161661104933
03400828,2996.0,39.0,1.3017356475300401
03400829,3449.0,255.0,7.3934473760510295
03400830,5781.0,70.0,1.2108631724615118
03500932,3451.0,68.0,1.9704433497536946
03500933,4069.0,92.0,2.2609977881543375
03500934,6029.0,92.0,1.525957870293581
03500935,3666.0,91.0,2.4822695035460995
03500936,5245.0,72.0,1.3727359389895137
03501037,5031.0,69.0,1.3714967203339297
03501038,3926.0,41.0,1.044319918492104
03601139,2242.0,134.0,5.976806422836753
03601140,3336.0,114.0,3.41726618705036
03601141,4054.0,102.0,2.5160335471139614
03601142,6412.0,141.0,2.1990018714909545
03601243,4376.0,93.0,2.125228519195612
03601244,4613.0,54.0,1.1706048124864512
03601245,8190.0,216.0,2.6373626373626373
03601346,3435.0,37.0,1.0771470160116448
03601347,5312.0,77.0,1.4495481927710843
03601348,4482.0,59.0,1.3163766175814369
03601449,5984.0,72.0,1.2032085561497325
03601450,1636.0,19.0,1.1613691931540342
03601451,3730.0,39.0,1.0455764075067024
03601452,2549.0,29.0,1.1377010592389172
03601453,1118.0,8.0,0.7155635062611807
03701554,6296.0,103.0,1.6359593392630243
03701555,4158.0,58.0,1.3949013949013949
03701556,4655.0,65.0,1.3963480128893664
03701657,1806.0,65.0,3.599114064230343
03701658,4841.0,69.0,1.425325346002892
03701659,5131.0,82.0,1.5981290196842721
03701660,7068.0,108.0,1.5280135823429541
04100101,6187.0,165.0,2.6668821722967513
04100102,2520.0,30.0,1.1904761904761905
04200203,692.0,12.0,1.7341040462427744
04200204,1721.0,56.0,3.2539221382916907
04200205,1584.0,141.0,8.901515151515152
04200206,1391.0,67.0,4.816678648454349
04200207,1599.0,108.0,6.75422138836773
04200308,3525.0,82.0,2.326241134751773
04200309,3942.0,68.0,1.7250126839167934
04200310,4317.0,113.0,2.6175584896919157
04200311,4306.0,148.0,3.4370645610775665
04300412,2537.0,104.0,4.099329917225069
04300413,5227.0,49.0,0.937440214272049
04300414,6176.0,149.0,2.412564766839378
04300415,3909.0,108.0,2.762854950115119
04300416,6974.0,190.0,2.7244049326068254
04300517,5792.0,114.0,1.9682320441988947
04300518,3274.0,32.0,0.9773976786805132
04300619,5049.0,137.0,2.713408595761537
04300620,2073.0,58.0,2.7978774722624213
04300621,6178.0,118.0,1.9100032372936226
04300622,2907.0,34.0,1.1695906432748537
04300623,7199.0,224.0,3.111543269898597
04300624,5680.0,151.0,2.658450704225352
04400725,72.0,5.0,6.944444444444445
04400726,2859.0,68.0,2.378454004896817
04400727,4869.0,107.0,2.197576504415691
04400728,1782.0,72.0,4.040404040404041
04400729,1495.0,51.0,3.411371237458194
04400830,3983.0,71.0,1.782575947778057
04400831,861.0,39.0,4.529616724738676
04400832,4065.0,63.0,1.5498154981549817
04400833,2515.0,60.0,2.3856858846918487
04400834,2218.0,49.0,2.2091974752028856
04400835,5871.0,105.0,1.788451711803781
04500936,3133.0,63.0,2.010852218321098
04500937,4720.0,149.0,3.1567796610169494
04500938,4775.0,148.0,3.0994764397905756
04500939,3920.0,143.0,3.6479591836734695
04501040,3587.0,77.0,2.146640646780039
04501041,3218.0,122.0,3.791174642635177
04501042,2148.0,75.0,3.4916201117318435
04501043,6296.0,101.0,1.6041931385006352
04501044,3185.0,70.0,2.197802197802198
04501045,5448.0,146.0,2.679882525697504
04501146,2552.0,35.0,1.371473354231975
04501147,3158.0,37.0,1.1716276124129197
04501148,2464.0,79.0,3.206168831168831
04501149,5736.0,116.0,2.0223152022315203
04501150,1909.0,24.0,1.2572027239392352
04501151,4111.0,58.0,1.4108489418632937
04501152,4178.0,103.0,2.4652943992340837
04501153,4274.0,117.0,2.737482452035564
05100101,1888.0,58.0,3.0720338983050848
05100102,2526.0,45.0,1.7814726840855106
05100103,3189.0,170.0,5.33082470994042
05100104,2385.0,25.0,1.0482180293501049
05100105,4294.0,146.0,3.400093153237075
05100206,1476.0,57.0,3.861788617886179
05100207,1029.0,5.0,0.4859086491739553
05100208,5043.0,101.0,2.002776125322229
05100209,7023.0,146.0,2.0788836679481704
05100210,4589.0,72.0,1.5689692743517107
05100211,3029.0,104.0,3.4334763948497855
05100312,2321.0,40.0,1.7233950883239983
05100313,2658.0,44.0,1.655379984951091
05100314,3745.0,130.0,3.4712950600801067
05100315,3601.0,83.0,2.304915301305193
05100316,5828.0,114.0,1.956074124914207
05100317,1757.0,46.0,2.6180990324416618
05200418,1584.0,24.0,1.5151515151515151
05200419,996.0,17.0,1.706827309236948
05200420,2863.0,78.0,2.7244149493538248
05200421,1994.0,27.0,1.354062186559679
05200422,492.0,9.0,1.8292682926829267
05200423,3543.0,63.0,1.7781541066892466
05200524,1305.0,28.0,2.1455938697318007
05200525,1211.0,19.0,1.568951279933939
05200526,2750.0,73.0,2.6545454545454548
05200527,4964.0,318.0,6.406124093473006
05200528,3780.0,83.0,2.195767195767196
05200629,4566.0,63.0,1.3797634691195795
05200630,5637.0,142.0,2.5190704275323754
05200631,5011.0,85.0,1.696268209938136
05200632,1819.0,43.0,2.3639362286970864
05200633,971.0,39.0,4.016477857878476
05200634,2443.0,72.0,2.9471960704052393
05300735,1452.0,18.0,1.2396694214876034
05300736,1419.0,7.0,0.49330514446793516
05300737,6578.0,105.0,1.5962298570994224
05300838,8.0,,
05300839,3605.0,30.0,0.8321775312066574
05300840,234.0,15.0,6.41025641025641
05300841,2456.0,66.0,2.687296416938111
05400942,1705.0,49.0,2.873900293255132
05400943,4317.0,87.0,2.0152883947185547
05400944,1037.0,40.0,3.857280617164899
05400945,1669.0,36.0,2.156980227681246
06100101,3726.0,90.0,2.4154589371980677
06100102,4763.0,73.0,1.5326474910770522
06100103,3545.0,78.0,2.2002820874471087
06100204,3945.0,78.0,1.977186311787072
06100205,5608.0,164.0,2.9243937232524964
06100206,4541.0,90.0,1.9819423034573882
06100207,4649.0,75.0,1.6132501613250163
06100208,3990.0,64.0,1.6040100250626566
06100209,5289.0,127.0,2.401210058612214
06100210,2715.0,47.0,1.7311233885819521
06200311,2749.0,34.0,1.2368133866860678
06200312,2959.0,81.0,2.7374112875971615
06200313,4423.0,112.0,2.53221795161655
06200314,4351.0,112.0,2.5741208917490233
06200315,3501.0,171.0,4.884318766066838
06200316,3023.0,129.0,4.267284154813099
06200317,3324.0,108.0,3.2490974729241873
06200418,,,
06200419,2335.0,68.0,2.9122055674518204
06200420,3687.0,85.0,2.3053973420124763
06200421,4600.0,108.0,2.3478260869565215
06200422,3639.0,83.0,2.280846386369882
06200423,3971.0,72.0,1.8131453034500127
06300524,2734.0,50.0,1.8288222384784198
06300525,3413.0,49.0,1.4356870788162908
06300526,1748.0,62.0,3.5469107551487413
06300527,4414.0,153.0,3.466243769823289
06300528,5412.0,173.0,3.19660014781966
06300629,3783.0,75.0,1.9825535289452814
06300630,2732.0,69.0,2.5256222547584186
06300631,1650.0,41.0,2.484848484848485
06300632,5928.0,126.0,2.1255060728744937
06300633,6720.0,146.0,2.1726190476190474
06300634,4175.0,147.0,3.520958083832335
06400735,4769.0,127.0,2.663032082197526
06400736,2261.0,18.0,0.796107916850951
06400737,5664.0,176.0,3.1073446327683616
06400838,3750.0,84.0,2.2399999999999998
06400839,2738.0,63.0,2.3009495982468953
06400840,3859.0,44.0,1.1401917595231925
06400841,3314.0,84.0,2.5347012673506337
06400842,2064.0,11.0,0.5329457364341085
06400843,2203.0,49.0,2.224239673172946
06400844,3533.0,130.0,3.679592414378715
07100101,5901.0,89.0,1.508218945941366
07100102,5107.0,92.0,1.8014489915801841
07100103,3905.0,62.0,1.587708066581306
07100204,6107.0,72.0,1.1789749467823807
07100205,2548.0,116.0,4.552590266875981
07100206,4618.0,61.0,1.3209181463837159
07200307,6483.0,92.0,1.4190960974857318
07200308,5878.0,100.0,1.701258931609391
07200409,5271.0,87.0,1.6505406943653957
07200410,2885.0,178.0,6.169844020797227
07200411,1379.0,9.0,0.6526468455402465
07200412,882.0,5.0,0.5668934240362812
07200413,4626.0,53.0,1.1456982274102896
07200414,2103.0,27.0,1.2838801711840229
07300515,3860.0,60.0,1.5544041450777202
07300516,5021.0,100.0,1.9916351324437365
07300517,4642.0,67.0,1.4433433864713485
07300618,5010.0,106.0,2.1157684630738522
07300619,6220.0,55.0,0.8842443729903537
07400720,5808.0,84.0,1.4462809917355373
07400721,2254.0,24.0,1.064773735581189
07400822,1597.0,20.0,1.2523481527864746
07400823,5650.0,56.0,0.9911504424778761
07400824,3869.0,56.0,1.4474024295683638
07400825,4154.0,45.0,1.0832932113625422
07400826,2971.0,30.0,1.0097610232245036
07400927,5860.0,103.0,1.757679180887372
07400928,2281.0,30.0,1.31521262604121
07501029,4384.0,66.0,1.5054744525547445
07501030,4753.0,78.0,1.641068798653482
07501031,5350.0,105.0,1.9626168224299065
07501032,3032.0,27.0,0.8905013192612138
07501133,4506.0,275.0,6.102973812694185
07501134,5283.0,86.0,1.6278629566534166
07501135,1075.0,24.0,2.2325581395348837
07601236,4631.0,54.0,1.1660548477650614
07601237,2294.0,38.0,1.6564952048823016
07601238,1355.0,11.0,0.8118081180811807
07601339,2999.0,39.0,1.3004334778259419
07601340,3299.0,81.0,2.4552894816611093
07601341,1059.0,10.0,0.9442870632672332
07601442,5254.0,81.0,1.5416825275980206
07601443,5368.0,98.0,1.825633383010432
07601544,4586.0,70.0,1.526384648931531
07601545,4055.0,65.0,1.6029593094944512
07601546,3285.0,51.0,1.552511415525114
07601547,1780.0,38.0,2.134831460674157
07601548,1385.0,28.0,2.0216606498194944
08100101,2504.0,44.0,1.7571884984025559
08100102,4672.0,90.0,1.9263698630136987
08100103,4504.0,101.0,2.242451154529307
08100104,3518.0,49.0,1.3928368391131325
08100105,2736.0,164.0,5.994152046783626
08100206,5174.0,100.0,1.9327406262079627
08100207,3361.0,63.0,1.8744421303183576
08100208,6830.0,144.0,2.108345534407028
08100209,4282.0,146.0,3.409621672115834
08100310,4346.0,61.0,1.403589507593189
08100311,4277.0,62.0,1.4496142155716623
08100312,6731.0,104.0,1.5450898826325954
08100313,2303.0,26.0,1.1289622231871472
08100314,4246.0,65.0,1.5308525671219972
08100415,3354.0,83.0,2.4746571258199164
08100416,3355.0,121.0,3.606557377049181
08100417,5122.0,178.0,3.475204998047637
08100418,5271.0,87.0,1.6505406943653957
08100419,3634.0,114.0,3.137039075399009
08100520,2086.0,47.0,2.253116011505273
08100521,4190.0,73.0,1.7422434367541766
08200622,2608.0,54.0,2.0705521472392636
08200623,2868.0,62.0,2.161785216178522
08200624,4900.0,64.0,1.306122448979592
08200725,956.0,15.0,1.5690376569037656
08200726,3227.0,60.0,1.8593120545398203
08200727,4683.0,58.0,1.2385223147554987
08200728,438.0,3.0,0.684931506849315
08200729,812.0,6.0,0.7389162561576355
08200730,1739.0,92.0,5.290396779758482
08200831,4302.0,51.0,1.1854951185495117
08200832,5792.0,91.0,1.571132596685083
08200833,4414.0,277.0,6.275487086542817
08300934,6448.0,93.0,1.4423076923076923
08300935,4230.0,68.0,1.6075650118203308
08301036,3558.0,82.0,2.304665542439573
08301037,5249.0,117.0,2.22899599923795
08401138,1518.0,17.0,1.1198945981554678
08401139,2060.0,39.0,1.8932038834951457
08401140,1222.0,32.0,2.618657937806874
08401241,3533.0,96.0,2.717237475233513
08401242,3003.0,66.0,2.197802197802198
08401243,5011.0,85.0,1.696268209938136
08401244,3148.0,45.0,1.4294790343074968
08401245,1694.0,12.0,0.7083825265643447
08401246,3436.0,66.0,1.920838183934808
09100101,7066.0,102.0,1.4435324087178034
09100202,2248.0,12.0,0.5338078291814947
09100203,4761.0,89.0,1.8693551774837218
09100304,7053.0,82.0,1.1626258329788741
09100305,2581.0,36.0,1.3948082138705928
09100306,1132.0,13.0,1.1484098939929328
09100407,4684.0,63.0,1.345004269854825
09100408,4699.0,90.0,1.9153011278995533
09100409,1614.0,17.0,1.0532837670384139
09200510,4384.0,81.0,1.8476277372262775
09200511,7547.0,84.0,1.113025043063469
09200512,2521.0,32.0,1.2693375644585483
09200613,5178.0,82.0,1.5836230204712243
09200614,1849.0,34.0,1.8388318009734992
09200715,1735.0,19.0,1.095100864553314
09200716,4259.0,66.0,1.5496595444940127
09200717,5653.0,93.0,1.6451441712365116
09200818,2148.0,30.0,1.3966480446927374
09200819,4594.0,77.0,1.6760992599042228
09300920,5509.0,107.0,1.9422762751860592
09300921,1304.0,32.0,2.4539877300613497
09300922,3098.0,56.0,1.8076178179470628
09300923,3576.0,34.0,0.9507829977628635
09301024,1394.0,64.0,4.591104734576758
09301025,5098.0,115.0,2.255786582973715
09301126,4232.0,68.0,1.606805293005671
09301227,898.0,23.0,2.5612472160356345
09301228,1279.0,81.0,6.333072713057075
09401329,5899.0,60.0,1.0171215460247498
09401330,906.0,21.0,2.3178807947019866
09401431,3040.0,29.0,0.9539473684210527
09401432,736.0,22.0,2.989130434782609
09401433,2353.0,24.0,1.019974500637484
09401534,3935.0,68.0,1.7280813214739517
09401635,3200.0,69.0,2.15625
09501736,2445.0,38.0,1.5541922290388548
09501737,7546.0,115.0,1.5239862178637689
09501838,4802.0,97.0,2.0199916701374425
09501939,3639.0,133.0,3.654850233580654
09501940,1669.0,53.0,3.1755542240862793
09501941,1685.0,9.0,0.5341246290801187
09502042,2418.0,74.0,3.0603804797353185
09502043,5003.0,39.0,0.779532280631621
10100101,3008.0,34.0,1.1303191489361704
10100102,1981.0,21.0,1.0600706713780919
10100103,3920.0,22.0,0.5612244897959183
10100104,3832.0,51.0,1.3308977035490606
10100205,10.0,,
10100206,5826.0,113.0,1.9395811877789222
10100207,4804.0,42.0,0.8742714404662781
10100208,5880.0,70.0,1.1904761904761905
10100209,4024.0,81.0,2.0129224652087476
10100210,5819.0,64.0,1.099845334249871
10100311,1121.0,21.0,1.873327386262266
10100312,8556.0,150.0,1.753155680224404
10100313,2543.0,26.0,1.0224144710971292
10100314,3472.0,64.0,1.8433179723502304
10100315,3873.0,99.0,2.5561580170410534
10100316,1798.0,14.0,0.778642936596218
10200417,3332.0,25.0,0.7503001200480192
10200418,3668.0,117.0,3.189749182115594
10200419,2140.0,95.0,4.439252336448598
10200420,3832.0,67.0,1.7484342379958244
10200421,856.0,47.0,5.490654205607477
10200422,3243.0,43.0,1.3259327782917052
10200423,2523.0,29.0,1.1494252873563218
10200524,5907.0,77.0,1.303538175046555
10200525,2549.0,23.0,0.9023146331894861
10200526,2793.0,14.0,0.5012531328320802
10200627,1839.0,12.0,0.6525285481239804
10200628,3325.0,75.0,2.2556390977443606
10200629,3934.0,34.0,0.864260294865277
10200630,3627.0,33.0,0.9098428453267163
10300731,3974.0,78.0,1.9627579265223956
10300732,3855.0,42.0,1.0894941634241244
10300733,2257.0,44.0,1.9494904740806378
10300734,4354.0,42.0,0.964630225080386
10400835,3617.0,45.0,1.2441249654409732
10400836,1889.0,30.0,1.5881418740074114
10400837,3424.0,44.0,1.2850467289719625
10400938,4418.0,37.0,0.8374830239927569
10400939,2159.0,27.0,1.2505789717461788
10400940,2694.0,34.0,1.2620638455827766
10400941,4314.0,55.0,1.2749188687992583
11100101,1456.0,27.0,1.8543956043956045
11100102,1143.0,16.0,1.399825021872266
11100203,4365.0,43.0,0.9851088201603665
11100204,3658.0,32.0,0.8747949699289228
11100205,3212.0,13.0,0.4047322540473225
11100206,3726.0,32.0,0.8588298443370908
11100307,6233.0,72.0,1.1551419862024708
11100308,5091.0,79.0,1.5517580043213515
11100309,3454.0,122.0,3.532136653155762
11200410,4999.0,384.0,7.681536307261452
11200411,3345.0,36.0,1.0762331838565022
11200512,1592.0,49.0,3.077889447236181
11200513,5770.0,83.0,1.438474870017331
11200514,8551.0,107.0,1.2513156355981758
11200515,1834.0,20.0,1.0905125408942202
11300616,3553.0,28.0,0.7880664227413453
11300617,2648.0,26.0,0.9818731117824773
11300618,2300.0,25.0,1.0869565217391304
11300619,5421.0,47.0,0.8669987087253275
11300620,6426.0,92.0,1.431683784624961
11300721,2524.0,167.0,6.616481774960381
11300722,5703.0,99.0,1.7359284587059443
11300723,459.0,6.0,1.3071895424836601
11300724,2412.0,15.0,0.6218905472636816
11300725,5716.0,76.0,1.3296011196641007
11300826,5677.0,58.0,1.0216663730843756
11400927,2124.0,23.0,1.0828625235404896
11400928,1279.0,11.0,0.8600469116497262
11400929,10175.0,190.0,1.8673218673218674
11400930,3032.0,28.0,0.9234828496042217
11400931,3966.0,38.0,0.9581442259203228
11401032,3816.0,76.0,1.9916142557651992
11401033,3397.0,26.0,0.7653812187224022
11401034,1826.0,27.0,1.4786418400876233
11401135,6020.0,64.0,1.06312292358804
11401136,5170.0,55.0,1.0638297872340425
11401137,4728.0,55.0,1.1632825719120137
11501238,1938.0,7.0,0.3611971104231166
11501339,5731.0,74.0,1.2912231722212528
11501340,5152.0,94.0,1.8245341614906831
11501341,3611.0,115.0,3.1847133757961785
12100101,5562.0,108.0,1.9417475728155338
12100102,4928.0,94.0,1.9074675324675323
12100103,4330.0,42.0,0.9699769053117783
12100204,4990.0,180.0,3.6072144288577155
12100205,7009.0,182.0,2.5966614352974746
12100206,2661.0,31.0,1.1649755730928222
12200307,1534.0,22.0,1.4341590612777053
12200308,3025.0,38.0,1.256198347107438
12200309,5941.0,127.0,2.1376872580373676
12200310,3889.0,82.0,2.108511185394703
12200411,168.0,16.0,9.523809523809524
12200412,2706.0,45.0,1.662971175166297
12200413,4359.0,69.0,1.5829318651066757
12200414,554.0,8.0,1.444043321299639
12200515,6371.0,184.0,2.888086642599278
12400616,2850.0,61.0,2.1403508771929824
12400617,2955.0,80.0,2.707275803722504
12400618,1703.0,27.0,1.5854374633000587
12400619,3586.0,102.0,2.8443948689347462
12400720,4043.0,93.0,2.3002720751916894
12400721,3759.0,102.0,2.713487629688747
12400722,4451.0,126.0,2.8308245338126263
12400723,3990.0,103.0,2.581453634085213
12500824,5753.0,89.0,1.5470189466365374
12500825,4320.0,124.0,2.8703703703703702
12500926,2855.0,41.0,1.436077057793345
12500927,3282.0,55.0,1.6758074344911638
12500928,2601.0,64.0,2.460592079969243
12500929,2165.0,37.0,1.7090069284064664
12500930,4693.0,75.0,1.5981248668229278
12601031,1500.0,22.0,1.4666666666666666
12601032,2616.0,58.0,2.217125382262997
12601133,5138.0,47.0,0.9147528221097703
12601134,6932.0,117.0,1.6878245816503175
12601235,4273.0,46.0,1.0765270301895624
12601236,1188.0,22.0,1.8518518518518516
