plr_id,bestandsmiete,angebotsmiete_2025,rent_gap
01100101,10.12,22.7,12.58
01100102,11.87,20.3,8.430000000000001
01100103,8.62,23.0,14.38
01100104,8.42,26.21,17.79
01100205,10.05,26.08,16.029999999999998
01100206,9.85,22.34,12.49
01100207,9.14,20.13,10.989999999999998
01100308,10.94,20.0,9.06
01100309,9.06,25.0,15.94
01100310,8.36,19.31,10.95
01100311,6.95,20.05,13.100000000000001
01100312,8.34,23.52,15.18
01100313,8.53,22.0,13.47
01100414,12.46,20.62,8.16
01100415,9.56,24.18,14.62
01100416,9.58,22.81,13.229999999999999
01200517,7.96,15.15,7.19
01200518,8.86,15.71,6.850000000000001
01200519,7.97,18.01,10.040000000000003
01200520,7.84,17.0,9.16
01200521,8.1,13.93,5.83
01200522,8.09,18.0,9.91
01200623,8.01,18.0,9.99
01200624,13.58,23.01,9.430000000000001
01200625,7.29,13.33,6.04
01200626,8.43,19.48,11.05
01200627,6.93,7.11,0.1800000000000006
01200628,9.76,18.87,9.110000000000001
01200629,8.67,17.0,8.33
01300730,7.33,12.0,4.67
01300731,7.58,16.5,8.92
01300732,7.01,15.0,7.99
01300733,8.59,16.55,7.960000000000001
01300834,7.62,9.36,1.7399999999999993
01300835,8.24,7.76,-0.4800000000000004
01300836,8.01,19.0,10.99
01400937,7.25,16.86,9.61
01400938,7.54,15.0,7.46
01400939,7.37,17.5,10.129999999999999
01400940,6.66,9.78,3.119999999999999
01400941,7.34,17.5,10.16
01400942,7.57,14.26,6.6899999999999995
01401043,7.27,17.0,9.73
01401044,7.82,14.55,6.73
01401045,7.53,14.25,6.72
01401046,8.05,16.32,8.27
01401047,7.73,22.0,14.27
01401048,7.74,17.01,9.270000000000001
01401049,7.26,10.86,3.5999999999999996
02100101,9.28,16.5,7.220000000000001
02100102,7.62,8.4,0.7800000000000002
02100103,8.48,12.71,4.23
02100104,7.33,11.2,3.869999999999999
02100105,7.26,9.39,2.130000000000001
02100106,6.68,7.08,0.40000000000000036
02200207,10.97,24.67,13.700000000000001
02200208,7.97,14.29,6.319999999999999
02200209,7.95,22.43,14.48
02200210,7.95,17.99,10.04
02200211,7.72,15.47,7.750000000000001
02200212,7.82,17.89,10.07
02200213,8.09,21.27,13.18
02300314,6.68,14.04,7.359999999999999
02300315,7.07,15.0,7.93
02300316,7.29,18.89,11.600000000000001
02300417,7.78,20.0,12.219999999999999
02300418,7.93,21.31,13.379999999999999
02300419,7.43,18.39,10.96
02400520,6.82,12.09,5.27
02400521,7.76,25.93,18.17
02400522,8.41,16.82,8.41
02400623,7.41,20.0,12.59
02400624,8.35,21.69,13.340000000000002
02400625,11.52,26.0,14.48
02500726,8.34,18.7,10.36
02500727,8.6,18.0,9.4
02500728,8.75,17.96,9.21
02500729,8.95,21.73,12.780000000000001
02500830,11.07,18.5,7.43
02500831,9.01,15.98,6.970000000000001
02500832,9.55,21.06,11.509999999999998
02500833,9.07,20.15,11.079999999999998
02500834,9.05,20.97,11.919999999999998
02500835,8.59,21.83,13.239999999999998
02500836,10.24,19.32,9.08
03100101,7.37,15.5,8.129999999999999
03100102,6.91,9.78,2.869999999999999
03100103,5.68,7.77,2.09
03200204,7.84,,
03200205,8.41,13.7,5.289999999999999
03200206,8.57,14.3,5.73
03200207,8.87,15.45,6.58
03200308,8.53,13.89,5.360000000000001
03200309,7.75,14.3,6.550000000000001
03200310,8.09,14.79,6.699999999999999
03300411,7.92,10.98,3.0600000000000005
03300412,8.13,13.0,4.869999999999999
03300413,11.11,,
03300514,7.98,10.53,2.549999999999999
03300515,5.44,,
03300516,7.98,16.91,8.93
03300517,6.96,,
03400618,9.19,15.41,6.220000000000001
03400619,7.66,16.92,9.260000000000002
03400620,8.3,12.73,4.43
03400721,8.14,18.0,9.86
03400722,8.96,14.65,5.6899999999999995
03400723,7.77,17.72,9.95
03400724,7.36,11.85,4.489999999999999
03400725,6.74,19.79,13.049999999999999
03400826,6.89,19.42,12.530000000000001
03400827,7.56,18.01,10.450000000000003
03400828,7.62,21.22,13.599999999999998
03400829,7.81,13.41,5.6000000000000005
03400830,7.08,12.96,5.880000000000001
03500932,7.14,16.89,9.75
03500933,8.02,18.0,9.98
03500934,8.22,19.32,11.1
03500935,7.67,16.77,9.1
03500936,7.53,17.7,10.169999999999998
03501037,6.86,14.73,7.87
03501038,7.3,20.65,13.349999999999998
03601139,8.36,21.64,13.280000000000001
03601140,8.99,19.53,10.540000000000001
03601141,11.3,18.0,6.699999999999999
03601142,8.94,19.99,11.049999999999999
03601243,8.28,17.96,9.680000000000001
03601244,8.18,10.0,1.8200000000000003
03601245,7.67,17.04,9.37
03601346,9.1,20.02,10.92
03601347,8.64,21.82,13.18
03601348,9.01,18.09,9.08
03601449,5.66,9.75,4.09
03601450,5.78,9.99,4.21
03601451,8.22,16.83,8.609999999999998
03601452,8.15,24.2,16.049999999999997
03601453,10.87,20.31,9.44
03701554,9.3,20.0,10.7
03701555,8.8,20.5,11.7
03701556,9.75,18.49,8.739999999999998
03701657,7.58,19.25,11.67
03701658,9.0,20.0,11.0
03701659,8.83,20.7,11.87
03701660,8.53,18.18,9.65
04100101,7.33,10.29,2.959999999999999
04100102,6.3,7.61,1.3100000000000005
04200203,8.42,12.61,4.1899999999999995
04200204,7.28,11.03,3.749999999999999
04200205,9.03,17.47,8.44
04200206,9.32,15.57,6.25
04200207,9.02,16.67,7.650000000000002
04200308,8.33,17.46,9.13
04200309,8.38,18.0,9.62
04200310,8.44,18.59,10.15
04200311,7.3,13.68,6.38
04300412,10.44,20.39,9.950000000000001
04300413,7.29,11.84,4.55
04300414,8.04,,
04300415,8.42,18.5,10.08
04300416,8.58,20.18,11.6
04300517,7.8,21.41,13.61
04300518,7.82,16.49,8.669999999999998
04300619,7.98,19.71,11.73
04300620,8.47,23.08,14.609999999999998
04300621,8.14,15.0,6.859999999999999
04300622,8.72,18.43,9.709999999999999
04300623,9.14,19.0,9.86
04300624,9.01,19.76,10.750000000000002
04400725,8.76,,
04400726,9.24,20.0,10.76
04400727,8.38,18.75,10.37
04400728,10.29,18.04,7.75
04400729,10.22,20.02,9.799999999999999
04400830,8.91,21.15,12.239999999999998
04400831,9.4,17.99,8.589999999999998
04400832,7.75,17.05,9.3
04400833,7.3,9.45,2.1499999999999995
04400834,8.03,20.37,12.340000000000002
04400835,8.34,14.06,5.720000000000001
04500936,8.69,20.0,11.31
04500937,8.8,18.0,9.2
04500938,8.71,19.4,10.689999999999998
04500939,8.06,22.73,14.67
04501040,10.68,22.0,11.32
04501041,9.76,20.01,10.250000000000002
04501042,9.71,21.34,11.629999999999999
04501043,8.77,20.83,12.059999999999999
04501044,8.85,21.7,12.85
04501045,8.71,22.46,13.75
04501146,7.54,19.27,11.73
04501147,10.22,20.0,9.78
04501148,7.81,22.88,15.07
04501149,8.8,20.0,11.2
04501150,8.53,22.54,14.01
04501151,8.06,14.55,6.49
04501152,8.37,19.13,10.76
04501153,8.63,23.67,15.040000000000001
05100101,7.9,11.75,3.8499999999999996
05100102,7.03,12.61,5.579999999999999
05100103,8.24,13.5,5.26
05100104,7.23,18.75,11.52
05100105,6.85,15.0,8.15
05100206,5.81,6.74,0.9300000000000006
05100207,9.89,16.01,6.120000000000001
05100208,6.88,8.24,1.3600000000000003
05100209,6.25,7.79,1.54
05100210,6.94,10.14,3.2
05100211,7.13,11.6,4.47
05100312,7.28,10.67,3.3899999999999997
05100313,7.71,19.48,11.77
05100314,7.65,12.51,4.859999999999999
05100315,7.06,12.5,5.44
05100316,7.06,8.76,1.7000000000000002
05100317,7.04,14.01,6.97
05200418,7.51,,
05200419,5.06,,
05200420,8.47,17.34,8.87
05200421,7.24,10.91,3.67
05200422,7.59,13.44,5.85
05200423,6.54,10.43,3.8899999999999997
05200524,7.41,9.94,2.5299999999999994
05200525,8.43,11.31,2.880000000000001
05200526,6.3,7.7,1.4000000000000004
05200527,6.14,7.62,1.4800000000000004
05200528,6.69,7.33,0.6399999999999997
05200629,7.76,15.75,7.99
05200630,7.12,13.79,6.669999999999999
05200631,7.25,11.01,3.76
05200632,6.88,7.7,0.8200000000000003
05200633,5.92,7.33,1.4100000000000001
05200634,9.34,16.0,6.66
05300735,9.03,16.93,7.9
05300736,7.74,9.5,1.7599999999999998
05300737,7.15,10.28,3.129999999999999
05300838,6.33,,
05300839,7.3,17.05,9.75
05300840,6.9,8.88,1.9800000000000004
05300841,6.96,13.06,6.1000000000000005
05400942,7.88,11.97,4.090000000000001
05400943,9.52,13.37,3.8499999999999996
05400944,8.78,19.61,10.83
05400945,7.71,15.32,7.61
06100101,8.26,15.54,7.279999999999999
06100102,8.4,16.36,7.959999999999999
06100103,8.06,19.83,11.769999999999998
06100204,7.59,15.0,7.41
06100205,7.6,13.47,5.870000000000001
06100206,7.46,14.68,7.22
06100207,7.67,15.47,7.800000000000001
06100208,7.79,17.18,9.39
06100209,7.44,16.97,9.529999999999998
06100210,7.72,15.0,7.28
06200311,7.07,18.01,10.940000000000001
06200312,7.78,14.0,6.22
06200313,7.32,12.1,4.779999999999999
06200314,7.14,9.66,2.5200000000000005
06200315,7.42,13.69,6.27
06200316,7.54,12.0,4.46
06200317,7.42,13.0,5.58
06200418,,,
06200419,7.67,8.64,0.9700000000000006
06200420,7.54,11.81,4.2700000000000005
06200421,7.97,15.24,7.2700000000000005
06200422,8.15,14.86,6.709999999999999
06200423,7.87,10.63,2.7600000000000007
06300524,7.65,14.66,7.01
06300525,8.05,9.92,1.8699999999999992
06300526,8.15,17.64,9.49
06300527,8.09,15.88,7.790000000000001
06300528,8.87,18.14,9.270000000000001
06300629,7.86,16.77,8.91
06300630,8.01,17.07,9.06
06300631,8.82,12.63,3.8100000000000005
06300632,9.04,18.01,8.970000000000002
06300633,8.22,15.17,6.949999999999999
06300634,8.14,13.18,5.039999999999999
06400735,8.99,15.45,6.459999999999999
06400736,7.87,13.28,5.409999999999999
06400737,8.84,13.39,4.550000000000001
06400838,8.79,12.86,4.07
06400839,8.5,15.28,6.779999999999999
06400840,8.65,13.0,4.35
06400841,8.58,18.57,9.99
06400842,9.7,18.5,8.8
06400843,8.5,15.92,7.42
06400844,10.21,22.0,11.79
07100101,8.65,17.86,9.209999999999999
07100102,8.11,21.0,12.89
07100103,7.47,15.18,7.71
07100204,8.29,27.5,19.21
07100205,6.95,8.84,1.8899999999999997
07100206,7.92,12.5,4.58
07200307,8.08,17.02,8.94
07200308,7.99,16.0,8.01
07200409,7.78,19.25,11.469999999999999
07200410,7.29,9.44,2.1499999999999995
07200411,6.89,12.15,5.260000000000001
07200412,6.79,22.6,15.810000000000002
07200413,8.08,18.57,10.49
07200414,7.71,20.58,12.869999999999997
07300515,8.31,15.57,7.26
07300516,8.33,16.02,7.6899999999999995
07300517,8.13,24.49,16.36
07300618,7.92,16.98,9.06
07300619,7.47,14.91,7.44
07400720,6.84,9.56,2.7200000000000006
07400721,7.61,12.74,5.13
07400822,6.69,18.94,12.25
07400823,7.13,9.75,2.62
07400824,7.53,16.13,8.599999999999998
07400825,7.73,17.75,10.02
07400826,6.4,13.72,7.32
07400927,7.55,11.91,4.36
07400928,7.6,13.51,5.91
07501029,6.96,17.77,10.809999999999999
07501030,7.2,18.33,11.129999999999999
07501031,6.87,14.6,7.7299999999999995
07501032,7.72,12.16,4.44
07501133,7.08,12.45,5.369999999999999
07501134,10.39,12.04,1.6499999999999986
07501135,7.83,13.0,5.17
07601236,6.83,10.95,4.119999999999999
07601237,7.66,12.64,4.98
07601238,7.35,13.5,6.15
07601339,6.13,7.99,1.8600000000000003
07601340,6.29,9.44,3.1499999999999995
07601341,8.15,10.6,2.4499999999999993
07601442,7.37,11.83,4.46
07601443,7.57,10.54,2.969999999999999
07601544,7.04,9.75,2.71
07601545,6.63,8.49,1.8600000000000003
07601546,7.81,13.04,5.2299999999999995
07601547,7.46,9.53,2.0699999999999994
07601548,7.94,12.58,4.64
08100101,8.55,20.28,11.73
08100102,7.73,19.68,11.95
08100103,7.68,12.9,5.220000000000001
08100104,7.7,16.0,8.3
08100105,8.59,18.75,10.16
08100206,7.42,15.68,8.26
08100207,6.76,13.62,6.859999999999999
08100208,7.65,16.0,8.35
08100209,7.85,18.56,10.709999999999999
08100310,7.93,19.71,11.780000000000001
08100311,7.61,17.22,9.61
08100312,8.25,17.66,9.41
08100313,6.87,15.0,8.129999999999999
08100314,7.81,14.86,7.05
08100415,7.6,18.51,10.910000000000002
08100416,7.55,16.8,9.25
08100417,7.57,18.68,11.11
08100418,7.64,17.82,10.18
08100419,7.75,17.0,9.25
08100520,7.03,8.49,1.46
08100521,6.36,7.36,1.0
08200622,7.65,19.4,11.749999999999998
08200623,6.78,13.5,6.72
08200624,7.04,10.09,3.05
08200725,8.15,10.92,2.7699999999999996
08200726,7.43,10.06,2.630000000000001
08200727,7.12,9.76,2.6399999999999997
08200728,6.83,,
08200729,7.72,,
08200730,8.75,8.73,-0.019999999999999574
08200831,6.92,8.73,1.8100000000000005
08200832,6.95,12.27,5.319999999999999
08200833,8.02,13.5,5.48
08300934,6.83,8.06,1.2300000000000004
08300935,6.76,10.65,3.8900000000000006
08301036,6.49,8.54,2.049999999999999
08301037,6.09,8.74,2.6500000000000004
08401138,6.85,7.36,0.5100000000000007
08401139,7.04,9.03,1.9899999999999993
08401140,6.91,9.08,2.17
08401241,9.03,12.76,3.7300000000000004
08401242,7.52,7.55,0.03000000000000025
08401243,7.37,11.36,3.9899999999999993
08401244,7.19,17.05,9.86
08401245,7.77,11.2,3.4299999999999997
08401246,6.89,7.36,0.47000000000000064
09100101,7.49,18.13,10.639999999999999
09100202,6.97,12.21,5.240000000000001
09100203,6.83,12.13,5.300000000000001
09100304,6.97,13.95,6.9799999999999995
09100305,7.92,16.36,8.44
09100306,7.87,8.76,0.8899999999999997
09100407,6.77,17.01,10.240000000000002
09100408,7.47,13.66,6.19
09100409,7.38,11.0,3.62
09200510,8.38,14.0,5.619999999999999
09200511,7.92,9.66,1.7400000000000002
09200512,9.23,10.67,1.4399999999999995
09200613,8.2,19.66,11.46
09200614,5.9,17.26,11.360000000000001
09200715,10.32,15.42,5.1
09200716,7.63,14.24,6.61
09200717,7.57,13.2,5.629999999999999
09200818,7.37,20.0,12.629999999999999
09200819,7.0,11.05,4.050000000000001
09300920,8.22,17.67,9.450000000000001
09300921,8.88,12.08,3.1999999999999993
09300922,5.65,6.7,1.0499999999999998
09300923,7.18,9.95,2.7699999999999996
09301024,9.52,15.5,5.98
09301025,7.12,13.06,5.94
09301126,8.02,18.55,10.530000000000001
09301227,8.03,15.0,6.970000000000001
09301228,8.18,16.85,8.670000000000002
09401329,6.66,16.07,9.41
09401330,8.63,14.11,5.479999999999999
09401431,6.39,14.0,7.61
09401432,8.12,10.67,2.5500000000000007
09401433,5.89,7.02,1.13
09401534,7.12,9.14,2.0200000000000005
09401635,8.8,14.92,6.119999999999999
09501736,6.62,9.2,2.579999999999999
09501737,7.13,10.2,3.0699999999999994
09501838,9.41,14.84,5.43
09501939,7.95,17.38,9.43
09501940,7.06,13.77,6.71
09501941,8.47,17.13,8.659999999999998
09502042,9.49,15.81,6.32
09502043,6.79,13.79,6.999999999999999
10100101,5.74,6.88,1.1399999999999997
10100102,6.44,12.65,6.21
10100103,5.73,8.26,2.5299999999999994
10100104,5.95,7.77,1.8199999999999994
10100205,7.68,,
10100206,5.85,14.01,8.16
10100207,5.39,7.33,1.9400000000000004
10100208,6.36,8.26,1.8999999999999995
10100209,6.02,11.7,5.68
10100210,5.77,6.86,1.0900000000000007
10100311,7.41,22.5,15.09
10100312,6.04,7.34,1.2999999999999998
10100313,6.72,8.26,1.54
10100314,5.24,6.88,1.6399999999999997
10100315,5.5,15.0,9.5
10100316,7.13,10.52,3.3899999999999997
10200417,6.12,13.0,6.88
10200418,6.75,14.91,8.16
10200419,7.65,14.11,6.459999999999999
10200420,6.12,14.92,8.8
10200421,8.03,12.59,4.5600000000000005
10200422,6.56,11.59,5.03
10200423,6.51,15.83,9.32
10200524,6.5,13.46,6.960000000000001
10200525,5.66,6.77,1.1099999999999994
10200526,6.36,9.26,2.8999999999999995
10200627,5.59,6.9,1.3100000000000005
10200628,5.65,6.88,1.2299999999999995
10200629,5.89,16.5,10.61
10200630,5.67,6.8,1.13
10300731,8.35,13.84,5.49
10300732,7.15,10.53,3.379999999999999
10300733,8.96,14.0,5.039999999999999
10300734,9.54,17.65,8.11
10400835,7.1,14.0,6.9
10400836,7.66,15.96,8.3
10400837,8.1,13.79,5.6899999999999995
10400938,8.78,13.9,5.120000000000001
10400939,8.74,14.85,6.109999999999999
10400940,8.72,14.35,5.629999999999999
10400941,8.3,14.43,6.129999999999999
11100101,7.1,10.38,3.280000000000001
11100102,8.47,16.8,8.33
11100203,6.08,6.58,0.5
11100204,5.78,7.59,1.8099999999999996
11100205,5.97,7.56,1.5899999999999999
11100206,6.05,7.78,1.7300000000000004
11100307,5.88,10.47,4.590000000000001
11100308,5.99,7.56,1.5699999999999994
11100309,6.0,14.5,8.5
11200410,8.52,10.99,2.4700000000000006
11200411,6.55,14.55,8.0
11200512,8.43,17.67,9.240000000000002
11200513,7.65,15.0,7.35
11200514,7.18,13.61,6.43
11200515,7.84,16.0,8.16
11300616,6.35,,
11300617,6.28,7.56,1.2799999999999994
11300618,7.8,8.76,0.96
11300619,6.66,8.48,1.8200000000000003
11300620,6.64,7.56,0.9199999999999999
11300721,10.05,16.4,6.349999999999998
11300722,7.74,12.41,4.67
11300723,9.65,,
11300724,8.43,11.07,2.6400000000000006
11300725,7.46,15.0,7.54
11300826,6.66,7.78,1.12
11400927,8.31,13.5,5.1899999999999995
11400928,7.14,15.5,8.36
11400929,7.68,14.58,6.9
11400930,7.48,14.0,6.52
11400931,7.05,19.19,12.14
11401032,7.77,16.23,8.46
11401033,7.44,13.16,5.72
11401034,7.07,17.78,10.71
11401135,6.68,9.21,2.530000000000001
11401136,6.46,9.25,2.79
11401137,6.99,7.02,0.02999999999999936
11501238,8.99,18.0,9.01
11501339,7.94,12.28,4.339999999999999
11501340,7.83,13.5,5.67
11501341,10.18,18.72,8.54
12100101,7.56,13.18,5.62
12100102,7.09,16.15,9.059999999999999
12100103,7.06,12.34,5.28
12100204,7.57,14.84,7.27
12100205,7.8,11.73,3.9300000000000006
12100206,6.48,10.85,4.369999999999999
12200307,6.46,12.26,5.8
12200308,6.71,,
12200309,6.94,13.59,6.6499999999999995
12200310,6.76,9.44,2.6799999999999997
12200411,6.48,,
12200412,7.94,14.13,6.19
12200413,6.63,9.75,3.12
12200414,6.3,,
12200515,8.16,20.0,11.84
12400616,8.37,16.71,8.340000000000002
12400617,8.91,13.73,4.82
12400618,8.67,14.02,5.35
12400619,8.6,14.89,6.290000000000001
12400720,8.49,14.47,5.98
12400721,8.1,12.62,4.52
12400722,9.15,13.31,4.16
12400723,8.46,15.0,6.539999999999999
12500824,6.66,10.78,4.119999999999999
12500825,7.36,15.47,8.11
12500926,7.39,12.77,5.38
12500927,7.13,12.92,5.79
12500928,7.36,15.0,7.64
12500929,7.45,14.0,6.55
12500930,6.84,10.98,4.140000000000001
12601031,6.32,,
12601032,6.09,7.9,1.8100000000000005
12601133,5.99,7.89,1.8999999999999995
12601134,6.17,8.64,2.4700000000000006
12601235,6.07,7.45,1.38
12601236,7.41,10.42,3.01
03400831,,,
