plr_id,plr_name,bez,var5_brw_wohnen_niveau,var5_brw_wohnen_niveau_vs_bez,var5_brw_wohnen_niveau_vs_berlin,var5_brw_wohnen_trend,var5_brw_wohnen_trend_vs_bez,var5_brw_wohnen_trend_vs_berlin,var5_brw_wohnen_trend_outlier,cov_wohnen_2025
01100101,Stülerstraße,01 - Mitte,3890.58491287862,0.40271424945361417,1.5323919929285528,-0.32609793320940483,0.5008483438259999,-0.5079194335259009,0,0.468166714724585
01100102,Großer Tiergarten,01 - Mitte,3440.0193894530853,0.20773435051311967,1.2299085427536567,-0.42667810097973935,-0.39503238382069833,-0.993500061577574,0,0.03401017495222611
01100103,Lützowstraße,01 - Mitte,3541.826020402285,0.25179064328721124,1.2982555852572,-0.4400971819010815,-0.5145578951283828,-1.058284659636113,0,0.9982090524712945
01100104,Körnerstraße,01 - Mitte,3499.906289464846,0.23365009662564357,1.2701131194334574,-0.45197782140774784,-0.6203803072608035,-1.115641974911979,0,0.9999945620831148
01100205,Wilhelmstraße,01 - Mitte,9000.0,2.613787191204367,4.962555695153254,-0.2876820724517808,0.8430234470461524,-0.3224554578003147,0,0.15078947275708598
01100206,Unter den Linden,01 - Mitte,11999.860612473423,3.911961349335015,6.976487389717777,-1.1615694676665167e-05,3.4053418825302586,1.0663590983951876,0,0.0012198235221886928
01100207,Leipziger Straße,01 - Mitte,7300.66757601334,1.8784098774317461,3.8217228797758325,-0.27894278622071855,0.9208654141193673,-0.280263958314129,0,0.21949123367544784
01100308,Charitéviertel,01 - Mitte,4494.576641247721,0.6640885447236013,1.9378768611119461,-0.2878305309946965,0.8417011073602969,-0.32317218550227345,0,0.2983109699161757
01100309,Oranienburger Straße,01 - Mitte,6996.850059533147,1.74693441919143,3.617757494431196,-0.2514144664055417,1.1660637641879936,-0.1473628196365351,0,0.7783054841610879
01100310,Alexanderplatzviertel,01 - Mitte,6998.94786909984,1.7478422354269034,3.619165841591713,-0.2513151731617083,1.1669481821155814,-0.14688345201595207,0,0.12780149349427042
01100311,Karl-Marx-Allee,01 - Mitte,1501.6758642581233,-0.6310737806130908,-0.07138240526989716,-0.5108256233890953,-1.144545386999396,-1.399747214334649,0,0.7831075849377218
01100312,Heine-Viertel West,01 - Mitte,3999.912786059755,0.45002532088706787,1.6057883594074869,-0.34257222881033605,0.35410963521567146,-0.5874539877222653,0,0.5658881694952577
01100313,Heine-Viertel Ost,01 - Mitte,3999.4464841601807,0.44982353115277235,1.6054753114708982,-0.40550989361101136,-0.2064843883174974,-0.8913042544249568,0,0.5290886030190821
01100414,Nordbahnhof,01 - Mitte,4497.872168200685,0.6655146669607387,1.940089285967044,-0.28769755905762256,0.8428855058195879,-0.3225302239888958,0,0.26683119822274887
01100415,Invalidenstraße,01 - Mitte,4997.001057567186,0.8815101112349957,2.27517535156233,-0.33643796181545466,0.4087483547642618,-0.5578389921814675,0,0.9044986545570786
01100416,Arkonaplatz,01 - Mitte,4999.836700247332,0.8827372209326104,2.2770790369016627,-0.3364716982526519,0.4084478598995736,-0.5580018648503604,0,1.0
01200517,Huttenkiez,01 - Mitte,2134.240301765344,-0.35733479330486034,0.35328451567073627,-0.4076493238944354,-0.22554057406019645,-0.9016329894402928,0,0.07774829860660012
01200518,Beusselkiez,01 - Mitte,1731.692991561605,-0.5315350589300771,0.08303769713186676,-0.37665417593859896,0.05053726831920178,-0.7519947084094205,0,0.8918916853054013
01200519,Emdener Straße,01 - Mitte,2099.9922217177573,-0.37215547273859884,0.33029234943506947,-0.2876836929319373,0.8430090132171587,-0.3224632811494857,0,0.9997834562525535
01200520,Bremer Straße,01 - Mitte,2100.0,-0.3721521067272048,0.33029757132073734,-0.2876820724517809,0.8430234470461514,-0.32245545780031526,0,0.9704755270383063
01200521,Zwinglistraße,01 - Mitte,2044.2607902965926,-0.39627296131982115,0.29287751234035864,-0.2995011178584886,0.7377496616292448,-0.3795154092677364,0,0.8813971452634842
01200522,Elberfelder Straße,01 - Mitte,2657.261167557718,-0.13100021985447713,0.7044102626998147,-0.37702871224572937,0.04720122437733567,-0.7538028936538498,0,0.8205162207326334
01200623,Stephankiez,01 - Mitte,1708.703064741585,-0.5414838308066667,0.06760359926543888,-0.5387728531663588,-1.3934750229663475,-1.5346707652531095,0,0.9959685426216629
01200624,Heidestraße,01 - Mitte,5265.962177066454,0.9979016440362327,2.4557401821124136,-0.3796316556306952,0.024016466731364504,-0.7663693758110552,0,0.5314081084578247
01200625,Lübecker Straße,01 - Mitte,2100.0,-0.3721521067272048,0.33029757132073734,-0.2876820724517809,0.8430234470461514,-0.32245545780031526,0,0.9446505360370044
01200626,Thomasiusstraße,01 - Mitte,2731.1591626770037,-0.09902124483055973,0.7540210725876764,-0.3155185705163952,0.5950801129466637,-0.4568444184932334,0,0.48795536951472346
01200627,Zillesiedlung,01 - Mitte,1602.1888301342387,-0.5875773147056781,-0.0039038541495875286,-0.44609034310428336,-0.5679397669093926,-1.0872184250650072,0,0.9999515273352729
01200628,Lüneburger Straße,01 - Mitte,3338.8542002340478,0.16395563832879975,1.161992126868303,-0.36725077379979154,0.13429460276415392,-0.7065969921637005,0,0.3616702341624486
01200629,Hansaviertel,01 - Mitte,2057.1203835737165,-0.3907080388674181,0.3015106942863208,-0.31025807712702136,0.6419360165499871,-0.4314478245075627,0,0.9481733257327608
01300730,Drontheimer Straße,01 - Mitte,876.9540285555904,-0.9014189225696334,-0.49078426013491466,-0.6496666626821659,-2.381220708451648,-2.0700435615551087,0,1.0
01300731,Koloniestraße,01 - Mitte,1188.113405381274,-0.7667663122531541,-0.2818899773657209,-0.4956932776458753,-1.0097596015313002,-1.326691321579864,0,0.7358472744624157
01300732,Soldiner Straße,01 - Mitte,1275.899324414735,-0.7287774100144512,-0.22295562423516255,-0.4870742586532096,-0.9329888705022802,-1.2850804479014217,0,0.723626927535017
01300733,Gesundbrunnen,01 - Mitte,1700.0,-0.5452500370420785,0.0617608684898668,-0.3856624808119846,-0.029700883035446782,-0.7954849752788075,0,0.9456296456596184
01300834,Brunnenstraße,01 - Mitte,2413.493123918108,-0.23648957943178306,0.5407585959635328,-0.3186563390692571,0.5671315974824257,-0.47199292796936154,0,0.8430631642927654
01300835,Humboldthain Süd,01 - Mitte,2400.020303551836,-0.24231987273404731,0.5317137290660549,-0.3184540269136551,0.5689336183498631,-0.47101620595986926,0,0.4435540199549748
01300836,Humboldthain Nordwest,01 - Mitte,1699.7613318193085,-0.5453533194623528,0.061600640574082925,-0.385844295895535,-0.03132033379755106,-0.7963627415861897,0,0.6244002049461177
01400937,Afrikanische Straße,01 - Mitte,1035.7708954461143,-0.8326917451750272,-0.3841638656631383,-0.36047856986175864,0.19461551021810036,-0.6739021665890117,0,0.20551390838354727
01400938,Kameruner Straße,01 - Mitte,1358.259526742328,-0.6931364586063997,-0.1676637812913245,-0.3712064484672923,0.09906089041296615,-0.7256941862924583,0,0.3959259938817097
01400939,Glasgower Straße,01 - Mitte,1416.519631691536,-0.6679246996398116,-0.12855134006722252,-0.43874805669210093,-0.5025410601926144,-1.051771357055499,0,0.6290766503542101
01400940,Schillerpark,01 - Mitte,535.0156456390855,-1.0493909885147878,-0.7203417749342094,-0.6254931487022438,-2.1659040533476217,-1.9533387442854702,0,1.0
01400941,Londoner Straße,01 - Mitte,580.9412311087476,-1.0295169290315445,-0.6895100116902084,-0.5431019800632095,-1.432035123236626,-1.5555709109188853,0,1.0
01400942,Westliche Müllerstraße,01 - Mitte,1471.6698644765772,-0.6440587217611263,-0.09152668588609765,-0.3942269827896448,-0.10598602387153934,-0.8368326518780169,0,0.7162910287825525
01401043,Antonstraße,01 - Mitte,1700.0,-0.5452500370420785,0.0617608684898668,-0.3856624808119846,-0.029700883035446782,-0.7954849752788075,0,0.9831174199215145
01401044,Uferstraße,01 - Mitte,1699.9731107429636,-0.5452616732289303,0.0617428166088015,-0.38567143279371574,-0.029780619509196443,-0.7955281936289819,0,0.9858311101158359
01401045,Schwedenstraße,01 - Mitte,1695.830577131698,-0.547054333214855,0.05896176081546315,-0.3870567689354416,-0.04211998996559266,-0.8022163152405699,0,0.947797061308456
01401046,Nordufer,01 - Mitte,1400.0,-0.6750734847782338,-0.13964165863328612,-0.40546510810816444,-0.20608547797793483,-0.8910880391105255,0,0.8526482122806851
01401047,Sparrplatz,01 - Mitte,1510.1200217556102,-0.6274196151479213,-0.06571348973849787,-0.4006353216365512,-0.16306593730221075,-0.8677708106724441,0,0.9499792916987119
01401048,Leopoldplatz,01 - Mitte,1595.3530259868166,-0.5905354735805696,-0.008493014916953328,-0.4215654411404303,-0.34949325301004996,-0.9688171779552773,0,0.8880298373669522
01401049,Schulstraße,01 - Mitte,754.9291715148645,-0.9542245480714283,-0.5727046420677269,-0.6707415881387269,-2.5689378297457375,-2.1717890225758785,0,1.0
02100101,Askanischer Platz,02 - Friedrichshain-Kreuzberg,2700.0,-0.7334967945047343,0.7331026255670432,-0.3930425881096072,-0.2311457362467093,-0.8311146348440132,0,0.6386520889645622
02100102,Mehringplatz,02 - Friedrichshain-Kreuzberg,2699.9947535762813,-0.7335044109315921,0.7330991034237254,-0.39304453123139094,-0.2311628362661226,-0.8311240158414509,0,0.7233711185361142
02100103,Am Berlin Museum,02 - Friedrichshain-Kreuzberg,2569.037587096133,-0.923619760639713,0.6451820891770944,-0.44276301207693713,-0.6686994820731009,-1.0711547464511093,0,0.7921577573496625
02100104,Moritzplatz,02 - Friedrichshain-Kreuzberg,2458.055275858986,-1.084736876101005,0.5706750293466621,-0.5107719196414406,-1.2671970386096718,-1.3994879435450591,0,0.7122953318273982
02100105,Prinzenstraße,02 - Friedrichshain-Kreuzberg,2428.379341290139,-1.1278185250867967,0.5507523352903051,-0.5108107473007503,-1.2675387329561192,-1.3996753956005816,0,0.9878366249762426
02100106,Wassertorplatz,02 - Friedrichshain-Kreuzberg,2413.0765473287547,-1.1500341556145155,0.5404789307040793,-0.5100326537603088,-1.260691290475597,-1.3959189179725742,0,0.6662829527396057
02200207,Gleisdreieck,02 - Friedrichshain-Kreuzberg,3274.0904146701755,0.0999314391891086,1.1185134932728835,-0.43296228750040633,-0.5824503432264251,-1.0238388381489862,0,0.12218479832775245
02200208,Rathaus Yorckstraße,02 - Friedrichshain-Kreuzberg,2984.9431840046327,-0.3198342624721855,0.9243968833838785,-0.40007277450300843,-0.29301335813810075,-0.8650549473320877,0,0.8292819925338165
02200209,Viktoriapark,02 - Friedrichshain-Kreuzberg,3006.2967301701487,-0.288834531751981,0.9387324105864646,-0.3634878382338722,0.028944393386679954,-0.6884303032833504,0,0.7411724255745791
02200210,Urbanstraße,02 - Friedrichshain-Kreuzberg,3474.837017691258,0.3913626885194446,1.2532830704723317,-0.2565309265685606,0.9701953644550342,-0.17206405045007966,0,0.7124200521566821
02200211,Chamissokiez,02 - Friedrichshain-Kreuzberg,3999.5879833160557,1.1531630238569959,1.605570305762828,-0.11788604513266346,2.1903094015315063,0.4972852864641232,0,0.5557551654543893
02200212,Graefekiez Süd,02 - Friedrichshain-Kreuzberg,3505.0104301389074,0.43516654449430486,1.2735397422019508,-0.2498708678731135,1.028805758274912,-0.139910639336462,0,0.9997686214150727
02200213,Graefekiez Nord,02 - Friedrichshain-Kreuzberg,3476.0685718751356,0.3931505811613327,1.2541098642220716,-0.25578419133667424,0.9767668449811676,-0.16845896436873958,0,0.7924198569636307
02300314,Oranienplatz,02 - Friedrichshain-Kreuzberg,3001.3195223100724,-0.29606012801617515,0.9353910031163426,-0.4846606410648344,-1.0374104270349676,-1.273427992249171,0,0.9770568048725062
02300315,Lausitzer Platz,02 - Friedrichshain-Kreuzberg,3000.0000000000005,-0.29797572723208393,0.9345051526901964,-0.4454150088926003,-0.6920378015809059,-1.0839580486118414,0,0.9999778528929367
02300316,Köpenicker Straße,02 - Friedrichshain-Kreuzberg,3000.280845102675,-0.29756801403590033,0.9346936957348924,-0.4054662636262966,-0.34047758270946216,-0.8910936177174495,0,0.6626594685666853
02300417,Reichenberger Straße West,02 - Friedrichshain-Kreuzberg,2950.128268113959,-0.3703763602245644,0.9010241765773396,-0.41293385265509136,-0.40619447108491485,-0.9271456213183367,0,0.9573646866965044
02300418,Reichenberger Straße Ost,02 - Friedrichshain-Kreuzberg,2999.479375647288,-0.2987315368112219,0.9341556358224694,-0.4054537457466371,-0.3403674218399889,-0.891033183936102,0,0.6699839691374865
02300419,Wrangelkiez,02 - Friedrichshain-Kreuzberg,3000.0,-0.2979757272320846,0.9345051526901961,-0.40546510810816444,-0.340467413824188,-0.8910880391105255,0,0.7156149986197246
02400520,Barnimkiez,02 - Friedrichshain-Kreuzberg,2400.6929692199633,-1.1680118527964989,0.5321653176176209,-0.5083500062664597,-1.245883518234498,-1.3877954375194639,0,0.31399376310795385
02400521,Friedenstraße,02 - Friedrichshain-Kreuzberg,2405.7401144035466,-1.1606847259397182,0.5355536769333913,-0.4864985339859671,-1.0535844027958705,-1.2823009661039484,0,0.7262136405495555
02400522,Richard-Sorge-Viertel,02 - Friedrichshain-Kreuzberg,3290.9196224248512,0.12436302093134036,1.1298116431771243,-0.4091191033175743,-0.3726236016346442,-0.9087287860690562,0,0.9938894503150916
02400623,Andreasviertel,02 - Friedrichshain-Kreuzberg,2399.947620007791,-1.1690939037444192,0.531664933567885,-0.5108174357529507,-1.2675975932207861,-1.3997076860897721,0,0.6596042678735689
02400624,Weberwiese,02 - Friedrichshain-Kreuzberg,3431.812924204675,0.32890302480706124,1.224399199954396,-0.3223173018871017,0.39125671815784024,-0.489667313126702,0,0.9873093342791642
02400625,Wriezener Bahnhof,02 - Friedrichshain-Kreuzberg,2436.5733350176088,-1.1159230021087534,0.556253305436784,-0.5023357251163215,-1.1929561488414868,-1.3587597092749861,0,0.01641386645093379
02500726,Hausburgviertel,02 - Friedrichshain-Kreuzberg,3798.9269736729584,0.8618560335910985,1.470858190972151,-0.3696821069149101,-0.025566917012123578,-0.7183349747820823,0,1.0
02500727,Forckenbeckplatz,02 - Friedrichshain-Kreuzberg,3660.5013126635595,0.6608983948553138,1.3779272644855316,-0.3476402066719078,0.1684080181733542,-0.6119211558283402,0,0.9999935211179652
02500728,Samariterviertel,02 - Friedrichshain-Kreuzberg,4000.0258809830348,1.1537987360545923,1.605864284751998,-0.3184409168407236,0.42536999921961544,-0.47095291318964433,0,0.9999936938085169
02500729,Pettenkofer Straße,02 - Friedrichshain-Kreuzberg,3826.358465182188,0.9016793417876995,1.4892740966812048,-0.3194600003412432,0.4164017771615088,-0.47587284141395736,0,0.6619492220562256
02500830,Niederbarnimstraße,02 - Friedrichshain-Kreuzberg,3880.5868320745503,0.9804046625390811,1.525679863794149,-0.26490508825563897,0.8965003811470755,-0.2124928027733296,0,0.9999999999998622
02500831,Wismarplatz,02 - Friedrichshain-Kreuzberg,4499.771915481331,1.8792984904211671,1.9413646656444354,-0.20072138219529503,1.4613350862207237,0.09737309813301295,0,1.0
02500832,Traveplatz,02 - Friedrichshain-Kreuzberg,4494.302399643318,1.8713581925037126,1.937692751271382,-0.20067692511615587,1.4617263210484603,0.09758772788446686,0,0.9970145292368968
02500833,Boxhagener Platz,02 - Friedrichshain-Kreuzberg,4486.470760527584,1.859988713083118,1.9324350449066312,-0.20192313221606722,1.4507593472953815,0.09157129303779632,0,1.0
02500834,Revaler Straße,02 - Friedrichshain-Kreuzberg,4500.0,1.879629609131164,1.9415177883059607,-0.2006706954621511,1.461781143759682,0.09761780338912385,0,0.9523489448091478
02500835,Stralauer Kiez,02 - Friedrichshain-Kreuzberg,2859.8016661940846,-0.5015068204620827,0.8403841569336403,-0.4702109890093418,-0.9102494159598572,-1.2036680060036147,0,0.2888927242579712
02500836,Stralauer Halbinsel,02 - Friedrichshain-Kreuzberg,2076.1482591044405,-1.6391653812205162,0.3142849016785629,-0.17374271308891695,1.698754978952592,0.22762063479040553,0,0.4122972705289114
03100101,Bucher Forst,03 - Pankow,429.1309668056902,-0.8548266963185015,-0.7914265812697736,-0.14954802441188902,0.5867752312589538,0.3444276791983297,0,0.058486008612848424
03100102,Klinikum Buch,03 - Pankow,420.8691779576269,-0.8598327559705761,-0.7969730651116329,-0.07930538500788058,1.0411610161698766,0.683544880073249,0,0.2010727630482546
03100103,Karower Chaussee,03 - Pankow,491.43170025593105,-0.8170768586313505,-0.749601497408092,-0.171595452559037,0.4441547655573573,0.237987172645766,0,0.4507334179918965
03200204,Blankenfelde,03 - Pankow,256.4936973344149,-0.9594326702834579,-0.9073251890936255,-0.013671977736025047,1.4657305871973922,1.000409644079328,0,0.14822151907215306
03200205,Uhlandstraße,03 - Pankow,699.3794262073058,-0.6910752456913314,-0.609997505687693,-0.367095163214683,-0.8204943169635185,-0.705845735854196,0,1.0
03200206,Pastor-Niemöller-Platz,03 - Pankow,866.7962766869513,-0.5896324763738828,-0.49760358312236086,-0.1465763280844965,0.605998548886197,0.3587744256894378,0,1.0
03200207,Herthaplatz,03 - Pankow,663.2975751016829,-0.712938295245589,-0.6342207590075388,-0.29659265562500475,-0.364427495996422,-0.36547394414287704,0,1.0
03200308,Nisbléstraße,03 - Pankow,539.4140134899834,-0.7880029707952434,-0.7173889669329158,-0.1460240161476177,0.6095713459092544,0.36144087557846993,0,1.0
03200309,Eddastraße,03 - Pankow,518.5057974559646,-0.8006718707888925,-0.7314255254225432,-0.13402810940291682,0.6871705014671546,0.419354677675539,0,0.8708260208899242
03200310,Krugpfuhl,03 - Pankow,505.78979650180224,-0.8083768679127656,-0.7399623078461056,-0.22679813384336772,0.0870595043685141,-0.028520164162313243,0,1.0
03300411,Karow Nord,03 - Pankow,454.87306035579354,-0.8392288084698777,-0.7741448389550021,-0.06459466117376997,1.1363217882121173,0.7545652678575793,0,0.8960928038347725
03300412,Karow Bahnhof,03 - Pankow,500.0,-0.811885075057056,-0.7438492400027449,0.02020270731751947,1.6848592459047524,1.1639497455525356,0,0.6820761156708296
03300413,Karow Ost,03 - Pankow,500.0223669437384,-0.8118715222712551,-0.743834224139435,0.020201794422294413,1.6848533405655324,1.1639453382797447,0,0.9590131410190355
03300514,Blankenburg,03 - Pankow,489.17651562856275,-0.8184433409971753,-0.7511154970183629,0.025197141167922023,1.7171672537551999,1.1880618581051685,0,0.619679379583205
03300515,Blankenburger Süden,03 - Pankow,500.0,-0.811885075057056,-0.7438492400027449,0.02020270731751947,1.6848592459047524,1.1639497455525356,0,0.1942862209984885
03300516,Heinersdorf,03 - Pankow,532.9934408128441,-0.7918933836844295,-0.7216993654754281,-0.004272128677759615,1.5265363574335886,1.0457902067736138,0,0.4580911168891977
03300517,Märchenland,03 - Pankow,285.5710154844348,-0.9418138722412551,-0.887804371235699,0.03782819093769696,1.7988750243142968,1.249042001766932,0,0.11582777805829736
03400618,Rosenthal,03 - Pankow,483.51328521071565,-0.8218748580471218,-0.7549174600778134,-0.28306251181023667,-0.27690366333018784,-0.30015315698524897,0,0.9994588954637674
03400619,Wilhelmsruh,03 - Pankow,650.1936431763057,-0.7208783510980864,-0.6430179756909413,-0.08438824303011505,1.0082810097860049,0.6590058735727841,0,1.0
03400620,Schönholz,03 - Pankow,723.2457904554093,-0.6766139171217744,-0.5939750187783273,-0.074971867471566,1.0691936866940877,0.7044662228548746,0,0.5484185412810862
03400721,Florakiez,03 - Pankow,1259.9976796934036,-0.3513802388828292,-0.23363106234279818,-0.6851646035184302,-2.878022814110916,-2.2414204123590733,0,1.0
03400722,Parkstraße,03 - Pankow,1191.0571585368125,-0.39315331826089955,-0.2799137129498803,-0.4587317778235813,-1.413273509330653,-1.1482487051544925,0,1.0
03400723,Garbátyplatz,03 - Pankow,1232.7139854174857,-0.3679122277276214,-0.25194774559754946,-0.6470849487833764,-2.6316930356069355,-2.0575795710466966,0,1.0
03400724,Wolfshagener Straße,03 - Pankow,929.3149820248467,-0.5517505631408492,-0.45563216563062786,-0.41451027349912256,-1.127213316790902,-0.9347562610745391,0,1.0
03400725,Schlosspark,03 - Pankow,652.1647955857212,-0.7196839721655895,-0.6416946587689374,-0.4033200675789405,-1.0548260810107697,-0.8807322189675801,0,1.0
03400826,Tiroler Viertel,03 - Pankow,1057.8350338250425,-0.4738765024947323,-0.3693512882354347,-0.3373462127972519,-0.6280542221664946,-0.5622238435089847,0,0.8605582886816614
03400827,Trelleborger Viertel,03 - Pankow,1374.8163238923269,-0.28180826208692306,-0.1565485120010739,-0.3852859088050923,-0.9381666636085869,-0.793666962089259,0,0.9999999999999812
03400828,Spiekermann Straße,03 - Pankow,1061.157766091366,-0.47186316177167714,-0.367120599317464,-0.42409405473489586,-1.1892089080183996,-0.9810248109759763,0,0.9999692850876633
03400829,Arnold-Zweig-Straße,03 - Pankow,735.6540699283245,-0.669095377449148,-0.5856448226346757,-0.4349842084151094,-1.2596551650179908,-1.0336002617914102,0,0.9878382544466885
03400830,Kissingenviertel,03 - Pankow,997.3721671314693,-0.5105127229271165,-0.4099425353994212,-0.3541152878343514,-0.7365300623059499,-0.6431815329707243,0,0.9179872759956219
03400831,Pankower Tor,03 - Pankow,1089.885968341188,-0.4544559032706101,-0.3478341575414001,-0.32890223627379084,-0.5734318028932901,-0.521458039330985,0,0.04317652236597035
03500932,Bühringstraße,03 - Pankow,712.5196928155175,-0.6831131735911358,-0.6011758960144735,-0.2532942734313744,-0.08433879851357753,-0.15643814627850364,0,0.6973918504562457
03500933,Weißer See,03 - Pankow,1700.8749549191375,-0.08423979513480308,0.062348262262643894,-0.234580315090543,0.03671810825470275,-0.06609095511828021,0,0.9538188931267527
03500934,Weißenseer Spitze,03 - Pankow,1868.076296221015,0.01707239086475679,0.17459750451790693,-0.27373114813164573,-0.21654091151218224,-0.25510322779866046,0,0.9306002257543675
03500935,Behaimstraße,03 - Pankow,1900.0,0.03641589726170622,0.1960292199053021,-0.27234850174039205,-0.20759684461670896,-0.24842809175622124,0,0.8914003424192511
03500936,Komponistenviertel Weißensee,03 - Pankow,1554.2066690661886,-0.17311040191864785,-0.03611628246937238,-0.2602559037685182,-0.12937221257435766,-0.19004748404668848,0,0.5508468751994432
03501037,Rathaus Weißensee,03 - Pankow,764.5142168795446,-0.6516081697920176,-0.566269800870938,-0.053742718918868976,1.2065208630353195,0.8069562416701077,0,0.41335970291754925
03501038,Hansastraße,03 - Pankow,679.3240920936512,-0.7032273595690391,-0.6234614889303237,-0.21226775513026497,0.18105365938071014,0.0416295539953266,0,0.5361960160415951
03601139,Norweger Viertel,03 - Pankow,2844.989544517862,0.6090127182942539,0.8304401611414842,-0.23504094119837768,0.03373840878249045,-0.06831476444071138,0,0.47879087176254714
03601140,Malmöer Straße,03 - Pankow,3799.9825262460304,1.1876709146925388,1.4715668274912446,-0.233615462473559,0.04295954959875649,-0.06143284258855962,0,0.7924661452931764
03601141,Arnimplatz,03 - Pankow,3800.0,1.1876815025514549,1.4715785583519372,-0.2336148511815052,0.04296350392652697,-0.06142989139464159,0,0.8736429802813152
03601142,Falkplatz,03 - Pankow,4467.711577202618,1.5922674883867947,1.9198412218119156,-0.21143070376811013,0.18646837960521495,0.04567066801568457,0,0.4004905957329438
03601243,Rodenbergstraße,03 - Pankow,3172.6907055742663,0.807576442261493,1.0504396344013214,-0.30065466842166755,-0.3907038558910718,-0.3850845171681808,0,0.9566391757894337
03601244,Humannplatz,03 - Pankow,3575.605574980633,1.0517143533179987,1.3209332107811125,-0.20343362394421452,0.23819991224134118,0.08427894566673783,0,0.9999843942732941
03601245,Ostseestraße,03 - Pankow,1719.8804939943866,-0.0727237827941059,0.07510747425962055,-0.36065704563769735,-0.7788474037297812,-0.6747638113972627,0,0.9116387708428685
03601346,Gethsemanekirche,03 - Pankow,5000.0,1.9147966216818226,2.2771886668445487,-0.1823215567939546,0.374769712074568,0.18620371924338283,0,0.863282635118069
03601347,Helmholtzplatz,03 - Pankow,5000.035013902214,1.914817837629889,2.2772121731391834,-0.182332064749085,0.3747017381846309,0.18615298896956367,0,0.9999543240228693
03601348,Senefelderstraße,03 - Pankow,5000.023529385938,1.914810878825372,2.277204463103847,-0.1823414354350058,0.374641121064981,0.18610774920057574,0,0.9998825585992376
03601449,Michelangelostraße,03 - Pankow,788.4764194267018,-0.6370887699922658,-0.5501829737094903,-0.4003426735856708,-1.0355659063063478,-0.8663579653024794,0,0.997032262676152
03601450,Volkspark Prenzlauer Berg,03 - Pankow,884.023040181894,-0.5791942762148362,-0.48603853744891307,-0.2079560968367217,0.2089449267733125,0.06244536479118468,0,0.3350010829699589
03601451,Anton-Saefkow-Park,03 - Pankow,2387.332345285947,0.3317048275106004,0.5231957728701111,-0.2953033750205678,-0.35608739396739597,-0.3592495591620639,0,1.0
03601452,Velodrom,03 - Pankow,1900.0112647144656,0.036422722881873405,0.1960367823785044,-0.27443571837556513,-0.2210986375034685,-0.2585047498793366,0,0.9965254615877261
03601453,Alter Schlachthof,03 - Pankow,1821.7196925024932,-0.011016431997969992,0.1434763807253842,-0.058197544190292376,1.177703476690335,0.7854492497738756,0,0.8503438536275635
03701554,Teutoburger Platz,03 - Pankow,5000.198659740846,1.9149169954327656,2.277322035424029,-0.3364608850226113,-0.6223272113480406,-0.5579496607712584,0,0.9999999999999849
03701555,Sredzkistraße,03 - Pankow,5467.849834549589,2.1982805285015288,2.5912757968193363,-0.3117216617306643,-0.46229405358266723,-0.4385137138056049,0,1.0
03701556,Kollwitzplatz,03 - Pankow,5453.353591081713,2.1894968303381224,2.5815438632585934,-0.3124339907029197,-0.46690196925780914,-0.44195269345134386,0,0.999999034699041
03701657,Thälmannpark,03 - Pankow,3002.4342393707143,0.7044130666729005,0.9361393592264778,-0.31907311565750196,-0.5098491595855889,-0.47400504071448324,0,0.6281804478221485
03701658,Christburger Straße,03 - Pankow,5000.0,1.9147966216818226,2.2771886668445487,-0.3364722366212129,-0.6224006426012559,-0.5580044639844618,0,0.9999999999999998
03701659,Immanuelkirchstraße,03 - Pankow,4415.562433249568,1.5606687958718206,1.8848313238804044,-0.35142433741123635,-0.719122834580197,-0.6301901707024112,0,0.7343875491221206
03701660,Bötzowstraße,03 - Pankow,4619.980835974522,1.6845318885799827,2.0220659335446847,-0.3334735794013635,-0.6030029202764551,-0.5435275557787508,0,0.9127078016919273
04100101,Jungfernheide/Plötzensee,04 - Charlottenburg-Wilmersdorf,649.9866670137179,-1.7786716194081469,-0.6431569274316061,-0.4307889217012705,-1.0391550359922674,-1.0133462693541102,0,0.17338754098920936
04100102,Paul-Hertz-Siedlung,04 - Charlottenburg-Wilmersdorf,650.0,-1.778662331015325,-0.6431479764411684,-0.4307829160924542,-1.0391153292679078,-1.0133172754941329,0,0.833171518698899
04200203,Olympiagelände,04 - Charlottenburg-Wilmersdorf,727.6527550484244,-1.7245657259968836,-0.5910164394250755,0.010200492253132541,1.876493592007882,1.115661082085965,0,0.08289167691064663
04200204,Angerburger Allee,04 - Charlottenburg-Wilmersdorf,1195.8445725058345,-1.3984010225544194,-0.27669972204406124,-0.4189944396141703,-0.9611745574885779,-0.9564049046063821,0,0.7439384270611792
04200205,Flatowallee,04 - Charlottenburg-Wilmersdorf,1399.8290976253256,-1.2562956937945828,-0.13975639253378866,-0.0001606034991221817,1.807990100407598,1.0656398155260252,0,0.6280343981935446
04200206,Kranzallee,04 - Charlottenburg-Wilmersdorf,1597.8481912132354,-1.1183461685619651,-0.006817906309651494,-0.030465261838578776,1.607627613886355,0.9193350781650191,0,0.5836990893308508
04200207,Eichkamp,04 - Charlottenburg-Wilmersdorf,996.0361210403385,-1.5375970996483337,-0.41083947892977707,-0.004197387492375381,1.7813004717248593,1.0461510420410898,0,0.03425199842602996
04200308,Branitzer Platz,04 - Charlottenburg-Wilmersdorf,1843.0866493885867,-0.9475013865710308,0.15782091110468646,-0.17092464189887588,0.6789654151948894,0.2412257103106521,0,0.2911811996464451
04200309,Neu Westend,04 - Charlottenburg-Wilmersdorf,1438.6108911825302,-1.2292784505987358,-0.11372055510449065,-0.39513012697024885,-0.8033931046539514,-0.8411928486062658,0,0.9630638809239238
04200310,Fürstenplatz,04 - Charlottenburg-Wilmersdorf,1936.1463127662898,-0.882671595924796,0.22029574902968427,-0.21386047419822665,0.39509057245639584,0.033940229723202875,0,0.8285481851322224
04200311,Königin-Elisabeth-Straße,04 - Charlottenburg-Wilmersdorf,3508.2745579027746,0.21254776445009624,1.2757310874702699,-0.44417377248282075,-1.1276504070427138,-1.0779656112478713,0,0.3644375139971607
04300412,Schlossgarten,04 - Charlottenburg-Wilmersdorf,3999.4622125119245,0.5547324625301016,1.6054858705701938,-0.3184119741296355,-0.29616284017515776,-0.4708131836570811,0,0.18684106988865187
04300413,Klausenerplatz,04 - Charlottenburg-Wilmersdorf,3788.0179926542073,0.40743035537443967,1.463534536487101,-0.3729051670171605,-0.656450407291877,-0.7338952545409377,0,0.949177220808107
04300414,Schloßstraße,04 - Charlottenburg-Wilmersdorf,4159.688830820571,0.6663539507654922,1.7130526900360543,-0.31106009087427067,-0.24755507851823474,-0.43531978403724503,0,0.9944905472536647
04300415,Lietzensee,04 - Charlottenburg-Wilmersdorf,6000.0,1.9484023000873278,2.9485304239217247,-0.2231435513142097,0.3337145162510327,-0.010876581743288634,0,0.45706836076360435
04300416,Amtsgerichtsplatz,04 - Charlottenburg-Wilmersdorf,5095.159443754679,1.3180473030837419,2.3410731750173017,-0.3243634941824004,-0.33551195089588254,-0.4995459140665453,0,0.9030456737351927
04300517,Tegeler Weg,04 - Charlottenburg-Wilmersdorf,2500.0,-0.48986428100786544,0.598834274151608,-0.41871033485818493,-0.9592961685391262,-0.9550333045295273,0,0.8282155309666404
04300518,Kaiserin-Augusta-Allee,04 - Charlottenburg-Wilmersdorf,2501.0560280898917,-0.4891286015792138,0.5995432299049986,-0.41860611537941705,-0.9586071103198923,-0.9545301540469104,0,0.23884181327307322
04300619,Alt-Lietzow,04 - Charlottenburg-Wilmersdorf,4000.0,0.5551071108900746,1.6058469097673724,-0.3184537311185346,-0.2964389209688015,-0.4710147779210861,0,0.9999949746796377
04300620,Spreestadt,04 - Charlottenburg-Wilmersdorf,2701.151961103455,-0.349732251156347,0.7338759851583212,-0.287723441332112,-0.09326232665922847,-0.32265517835495605,0,0.16921514364660162
04300621,Richard-Wagner-Straße,04 - Charlottenburg-Wilmersdorf,4081.6188092585535,0.6119666580340499,1.6606410245855567,-0.3202699604198149,-0.30844711504975786,-0.47978316421782957,0,1.0
04300622,Ernst-Reuter-Platz,04 - Charlottenburg-Wilmersdorf,4037.0689146687255,0.580931081128424,1.6307328200740185,-0.31928812252771605,-0.3019555889213945,-0.4750430502285693,0,0.23323642992403867
04300623,Karl-August-Platz,04 - Charlottenburg-Wilmersdorf,5000.0,1.2517547054887013,2.2771886668445487,-0.3364722366212129,-0.4155701952921556,-0.5580044639844618,0,0.8626642840750449
04300624,Savignyplatz,04 - Charlottenburg-Wilmersdorf,5000.0,1.2517547054887013,2.2771886668445487,-0.3364722366212129,-0.4155701952921556,-0.5580044639844618,0,0.7555406915556886
04400725,Güterbahnhof Grunewald,04 - Charlottenburg-Wilmersdorf,2757.458075912361,-0.31050673171352855,0.7716766312083214,-0.03427300459970539,1.5824523157817973,0.9009520692439262,0,0.009168714439469944
04400726,Bismarckallee,04 - Charlottenburg-Wilmersdorf,2531.8774922375896,-0.46765690271871224,0.6202349658016054,-0.05712138346453905,1.4313878176753463,0.7906447352525744,0,0.929528959050322
04400727,Flinsberger Platz,04 - Charlottenburg-Wilmersdorf,1918.4877681678097,-0.8949733785434397,0.20844083067151492,-0.3652488586198173,-0.6058299062823727,-0.6969321521465538,0,1.0
04400728,Hagenplatz,04 - Charlottenburg-Wilmersdorf,2774.53252215727,-0.2986118598079093,0.7831394199514983,-0.038459715800970455,1.5547714273442723,0.880739477640148,0,1.0
04400729,Hundekehle,04 - Charlottenburg-Wilmersdorf,2647.0284829996567,-0.3874372419886695,0.6975406342689892,-0.03695058017572773,1.564749238774594,0.8880252780217285,0,0.24657454114093585
04400830,Forckenbeckstraße,04 - Charlottenburg-Wilmersdorf,1679.3491794222734,-1.0615687011687278,0.04789711031813034,-0.31154391169030715,-0.25075391153743404,-0.4376555727013872,0,0.7870876918068581
04400831,Messelpark,04 - Charlottenburg-Wilmersdorf,2242.2725274601266,-0.6694095048147518,0.4258110598896296,-0.043859485733352147,1.5190702714963613,0.8546704847837474,0,1.0
04400832,Breite Straße,04 - Charlottenburg-Wilmersdorf,1601.8590952051643,-1.115551981943822,-0.004125218976242086,-0.2715715039814585,0.013527932893002945,-0.24467690433884484,0,1.0
04400833,Schlangenbader Straße,04 - Charlottenburg-Wilmersdorf,1625.0419098640887,-1.0994017298756564,0.011438372550874723,-0.2839116834528107,-0.06806048217186253,-0.30425278525855143,0,1.0
04400834,Binger Straße,04 - Charlottenburg-Wilmersdorf,2800.230242400326,-0.2807096048139157,0.8003913726123494,-0.2597988385705954,0.09136416811074224,-0.18784086607429942,0,0.9873741979361172
04400835,Rüdesheimer Platz,04 - Charlottenburg-Wilmersdorf,3126.251049341325,-0.053587993869365406,1.0192627539878385,-0.2719768688987889,0.010847819430741984,-0.24663392385383381,0,1.0
04500936,Droysenstraße,04 - Charlottenburg-Wilmersdorf,4500.0,0.9034309081893879,1.9415177883059607,-0.2876820724517808,-0.09298881188684895,-0.3224554578003147,0,0.9051926874210611
04500937,Halensee,04 - Charlottenburg-Wilmersdorf,3752.1736038480412,0.38245944813276617,1.439470701524612,-0.33010173146555066,-0.37345091979704137,-0.5272489585695538,0,0.42924217017920724
04500938,Hochmeisterplatz,04 - Charlottenburg-Wilmersdorf,4499.064204838951,0.902778988741406,1.9408895499382777,-0.2878573846927922,-0.09414790749958267,-0.3233018297042655,0,0.8892786641717919
04500939,Eisenzahnstraße,04 - Charlottenburg-Wilmersdorf,3086.735824545681,-0.08111618017327475,0.9927345335422314,-0.2371527536575242,0.24109117814096032,-0.07851016620799861,0,0.8737371079959424
04501040,Hindemithplatz,04 - Charlottenburg-Wilmersdorf,4503.400581257801,0.9057999149428719,1.9438007405026563,-0.2869266731137607,-0.08799440845266977,-0.3188085431737336,0,0.0003303076172721325
04501041,George-Grosz-Platz,04 - Charlottenburg-Wilmersdorf,6500.0,2.2967260973866415,3.284201302460313,0.08004270767353636,2.338262861571452,1.4528451172707089,0,0.00028229003860822044
04501042,Breitscheidplatz,04 - Charlottenburg-Wilmersdorf,4006.874912250522,0.5598965019724773,1.6104623254373893,-0.4037478553683999,-0.8603701367219934,-0.8827974915564354,0,0.05341244002261142
04501043,Preußenpark,04 - Charlottenburg-Wilmersdorf,5074.123084383009,1.3033923739283555,2.326950588554218,-0.16759900165092337,0.7009532410232151,0.2572812261849356,0,0.7617983255280951
04501044,Ludwigkirchplatz,04 - Charlottenburg-Wilmersdorf,5448.0518062909605,1.5638889185968687,2.577984553741525,-0.09650139119496945,1.1710226889973672,0.6005260537040823,0,0.9998283683941308
04501045,Schaperstraße,04 - Charlottenburg-Wilmersdorf,5078.329710638091,1.3063229099903335,2.329774672415671,-0.1667770588217744,0.7063876038588511,0.2612493992755997,0,0.9999785022933722
04501146,Barstraße,04 - Charlottenburg-Wilmersdorf,2627.9137700140272,-0.4007534608115514,0.6847081292671908,-0.46270827859835445,-1.250193274550195,-1.1674464435005982,0,0.5641879240441167
04501147,Leon-Jessel-Platz,04 - Charlottenburg-Wilmersdorf,3817.967485064908,0.4282945972218042,1.4836408813456705,-0.4520412601826303,-1.179667142573988,-1.1159482444364104,0,0.8992962876465875
04501148,Brabanter Platz,04 - Charlottenburg-Wilmersdorf,2849.515564300453,-0.24637510386317307,0.8334786672148949,-0.44169894966602435,-1.1112878515663096,-1.0660176691800014,0,0.6814381761736665
04501149,Nikolsburger Platz,04 - Charlottenburg-Wilmersdorf,3877.84714955644,0.4700096214552027,1.5238406005186074,-0.43647932794548094,-1.0767777648689547,-1.040818395312801,0,0.9999999999999998
04501150,Wilhelmsaue,04 - Charlottenburg-Wilmersdorf,3901.862374099993,0.48673976986721473,1.539963023560279,-0.4303054982539778,-1.0359588302189746,-1.0110123991055806,0,1.0
04501151,Hildegardstraße,04 - Charlottenburg-Wilmersdorf,4000.0000000000005,0.5551071108900749,1.6058469097673727,-0.4054651081081643,-0.8717239366913078,-0.8910880391105247,0,0.9999999999999998
04501152,Prager Platz,04 - Charlottenburg-Wilmersdorf,3919.203701820234,0.4988205641106672,1.551604980982037,-0.4258709733516144,-1.006639495018912,-0.9896034132693539,0,1.0
04501153,Babelsberger Straße,04 - Charlottenburg-Wilmersdorf,3814.215062656306,0.4256804811769337,1.481121723492584,-0.45298544703346344,-1.1859097348201866,-1.1205065868431618,0,0.9999883887422251
05100101,Hakenfelde Nord,05 - Spandau,475.72408404632404,-0.7624275098745944,-0.7601466760737434,-0.041429096246877704,0.13060142513243833,0.8664039117546309,0,0.03437764421940481
05100102,Am Forstacker,05 - Spandau,498.24049128383945,-0.6811854523692716,-0.7450304716758447,-0.410894306919597,-0.9221644188998589,-0.9172991086197014,0,0.9761929651286052
05100103,Mertensstraße,05 - Spandau,756.0072242244726,0.24886966342338873,-0.5719809002674368,-0.24769393440279325,-0.4571361213608167,-0.1294008465494928,0,0.3756437944722042
05100104,Maselake,05 - Spandau,1223.0691905460899,1.934088567406804,-0.25842269913316124,-0.22890754740282226,-0.40360559671322993,-0.038703984528963696,0,0.9347690395718224
05100105,Amorbacher Weg,05 - Spandau,416.1106980779539,-0.9775201789599198,-0.8001676313550691,0.0496696503076206,0.3901810717035093,1.306210163297796,0,0.5843910180355827
05100206,Griesingerstraße,05 - Spandau,346.1883200739352,-1.2298090008305194,-0.8471094434633014,0.07468562334572675,0.4614623756232984,1.426982201846235,0,0.2508339534416563
05100207,An der Tränke,05 - Spandau,460.0,-0.819162002497448,-0.7707029102858319,0.044451762570833796,0.3753130575343751,1.2810192607521018,0,0.8141386030703865
05100208,Im Spektefeld,05 - Spandau,493.7463609805795,-0.6974008453794643,-0.748047569010169,-0.09441130609422851,-0.020367757506118314,0.6106165601965418,0,0.6618164283340046
05100209,Westerwaldstraße,05 - Spandau,499.2537834904685,-0.6775293653722532,-0.7443502063054137,-0.2839816684320069,-0.5605355371643395,-0.3045906585282587,0,0.9754045733325742
05100210,Germersheimer Platz,05 - Spandau,495.71366891598444,-0.6903025484472365,-0.7467268330441024,-0.2654523003454951,-0.5077373703289197,-0.21513463163641672,0,0.957873558329189
05100211,An der Kappe,05 - Spandau,425.889278650235,-0.9422378181110691,-0.7936028618919532,-0.024092000409656734,0.18000229375253884,0.9501038903075879,0,0.8530668578054446
05100312,Eckschanze,05 - Spandau,999.9933531361393,1.1292026093703187,-0.40818282378141996,-0.18232030368755503,-0.2708584326115272,0.18620976898664737,0,0.6396733509155638
05100313,Eiswerder,05 - Spandau,803.2774598298114,0.4194266780851495,-0.5402464172386965,-0.2781737133230662,-0.5439861663826288,-0.27655103051794266,0,0.24627027088611467
05100314,Kurstraße,05 - Spandau,1017.0701557391565,1.1908178823775437,-0.3967184531166503,-0.1891870726739501,-0.2904248211074138,0.15305840255909084,0,0.6895251431286307
05100315,Ackerstraße,05 - Spandau,974.8592854865138,1.038515700584472,-0.42505637291981613,-0.186610524369652,-0.2830831229666728,0.16549745462612822,0,0.9153748279957838
05100316,Carl-Schurz-Straße,05 - Spandau,787.5074146109353,0.36252635171341663,-0.5508335071051234,-0.25795937582153206,-0.4863867944617703,-0.17896031340901272,0,0.6021158639512397
05100317,Freiheit,05 - Spandau,1175.8860348575913,1.7638457481465062,-0.2900987217775238,-0.01934626408812019,0.1935249447620891,0.9730153416867636,0,0.09225141723878214
05200418,Isenburger Weg,05 - Spandau,446.26941621624127,-0.8687036929445457,-0.7799208245289159,0.029196931047902525,0.33184545863766773,1.2073720315225616,0,0.9886052345355507
05200419,Am Heideberg,05 - Spandau,469.4350547380456,-0.7851191264955858,-0.764368764059873,0.043449174851521305,0.37245625241159613,1.2761789708101292,0,0.9283443909281893
05200420,Staakener Straße,05 - Spandau,441.06685788091676,-0.8874751842839371,-0.7834135191830491,0.026659620511739604,0.3246155658331141,1.1951224114331875,0,0.4909968688532163
05200421,Spandauer Straße,05 - Spandau,509.3901057193876,-0.640956227183392,-0.7375452699299508,-0.159507498824741,-0.20585490569646156,0.2963453589192457,0,0.867523586387624
05200422,Werkstraße,05 - Spandau,401.50603178906977,-1.0302156701176157,-0.8099723536829743,0.02598027199798963,0.3226798087149598,1.1918426547447127,0,0.34071694331526015
05200423,Magistratsweg,05 - Spandau,533.336524650015,-0.5545545058391809,-0.7214690389693572,-0.5116627471700231,-1.209297196188682,-1.4037886779781388,0,1.0
05200524,Döberitzer Weg,05 - Spandau,370.61978185371646,-1.141657183273008,-0.8307075829840993,-0.016391658028645895,0.2019438926146401,0.9872795798343953,0,0.5355808256825357
05200525,Pillnitzer Weg,05 - Spandau,434.83519837955754,-0.9099598033540477,-0.7875970924221983,-0.14959676214034423,-0.17761493947194681,0.3441923833411272,0,0.22232105794812845
05200526,Rudolf-Wissell-Großsiedlung,05 - Spandau,634.2981543253497,-0.19027212111447928,-0.6536892811057428,-0.07057687669088641,0.04754681865153995,0.7256843459786775,0,0.7027066007081222
05200527,Maulbeerallee,05 - Spandau,593.841148771588,-0.33624613628576283,-0.6808497583002863,-0.05391458685571163,0.09502487372984934,0.8061264981673472,0,0.5318354943945518
05200528,Weinmeisterhornweg,05 - Spandau,541.9174241430114,-0.5235935304622612,-0.7157083228264263,-0.0023745675423128662,0.24188463309695118,1.0549512466519788,0,0.5417973246962697
05200629,Borkumer Straße,05 - Spandau,933.0085740408624,0.8875130175169285,-0.45315250307666965,-0.11319707775714906,-0.07389652879287281,0.5199226688983533,0,0.3995149594722044
05200630,Wilhelmstadt West,05 - Spandau,956.296836497313,0.9715400266986466,-0.43751812003988166,-0.15655256714175458,-0.19743503000198748,0.31061116911107883,0,0.7387168830878657
05200631,Wilhelmstadt Ost,05 - Spandau,1199.9813917961612,1.8507848567425267,-0.27392250251298256,-0.08003572088572473,0.02059448916369018,0.680018966743476,0,0.8366690912179952
05200632,Tiefwerder,05 - Spandau,646.9780636848272,-0.1445213974542412,-0.6451767284767718,-0.32394800603414964,-0.6744168822089496,-0.49754002164810834,0,0.2549049563269512
05200633,Graetschelsteig,05 - Spandau,635.3475998796997,-0.18648558824643127,-0.6529847444833287,-0.2021866021473887,-0.3274660910911531,0.09029931370469413,0,0.3872092673352272
05200634,Börnicker Straße,05 - Spandau,785.1018050697355,0.35384660691132946,-0.5524484932413539,0.1027944496107107,0.5415565532421658,1.5626859077966242,0,0.24355893378598256
05300735,Haveleck,05 - Spandau,871.3819477187673,0.6651563214994177,-0.49452503067448356,-0.3786147811010987,-0.8301861182057337,-0.7614601120498464,0,0.3465835748981886
05300736,Zitadellenweg,05 - Spandau,726.6607965929892,0.1429840247394151,-0.5916823825574951,-0.1638939277098077,-0.21835373474471403,0.275168570889042,0,0.15048154842919273
05300737,Gartenfelder Straße,05 - Spandau,549.8148238060306,-0.4950987092948537,-0.7104064686603142,-0.508401934463623,-1.2000057334422058,-1.388046136311792,0,1.0
05300838,Gartenfeld,05 - Spandau,1599.4998953801016,3.2922983673228474,-0.00570904833209582,1.8968073706397028,5.653473649774878,10.223816031532719,1,0.31593297589890357
05300839,Rohrdamm,05 - Spandau,574.27496797257,-0.40684340204248065,-0.6939853524971886,-0.3555149523765877,-0.7643647364310275,-0.6499388291907174,0,0.8037608611460784
05300840,Nonnendammallee,05 - Spandau,902.8490579913786,0.7786936525366012,-0.47339984557392745,-0.5073638403933699,-1.1970477554012826,-1.3830344289167393,0,0.010851505321620186
05300841,Siemensdamm,05 - Spandau,1039.1477935432645,1.2704768040315542,-0.38189681296112693,-0.2536786894611748,-0.47418927150421347,-0.15829402881799026,0,0.9478944872916253
05400942,Alt-Gatow,05 - Spandau,577.5823564764606,-0.3949099241927003,-0.69176496448765,0.11153075800261669,0.5664500663856225,1.6048630308799883,0,0.12221961732649109
05400943,Jägerallee,05 - Spandau,548.4366048215288,-0.5000714984620024,-0.7113317246150068,0.12935262437420744,0.6172322554820097,1.690903383144368,0,0.4195507301743009
05400944,Kladower Damm,05 - Spandau,565.0466890242811,-0.4401402047287859,-0.7001806815011313,0.12782814846766305,0.6128883656701979,1.6835435229993765,0,0.20621477148002768
05400945,Kafkastraße,05 - Spandau,579.9995864236287,-0.38618825148977387,-0.6901421770876586,0.12861737432668563,0.6151372107673944,1.6873537452011715,0,0.6606468858831561
06100101,Fichtenberg,06 - Steglitz-Zehlendorf,1448.8488721129356,0.2950739625069664,-0.10684737099774963,-0.13909276521548558,0.02025435142457429,0.39490354774753694,0,1.0
06100102,Schloßstraße,06 - Steglitz-Zehlendorf,2544.3302709597974,2.4823081705661343,0.6285950361494657,-0.34861623947450276,-1.386722149684892,-0.6166332440241493,0,0.905559024288832
06100103,Markelstraße,06 - Steglitz-Zehlendorf,2679.0048311050664,2.7511989113994537,0.7190076919909864,-0.3413418095964074,-1.337873437464723,-0.5815137735835241,0,0.9063661960277348
06100204,Munsterdamm,06 - Steglitz-Zehlendorf,1388.3635472499489,0.17430918113764798,-0.14745369526865099,-0.16817646148125348,-0.17504632959007108,0.2544933673723853,0,0.5588425127934715
06100205,Südende,06 - Steglitz-Zehlendorf,1338.90927109348,0.07556895181189689,-0.18065441591851478,-0.22523510293306068,-0.558202288567151,-0.020974168287419416,0,1.0
06100206,Stadtpark,06 - Steglitz-Zehlendorf,1768.8409208250157,0.9339689323227308,0.10797665323534363,-0.34377017322066294,-1.3541802048451301,-0.5932374201029488,0,0.996945477123265
06100207,Mittelstraße,06 - Steglitz-Zehlendorf,1763.451586998417,0.9232086078511376,0.10435856839471942,-0.3412059794595975,-1.3369613209999216,-0.5808580132621542,0,0.9999835943721535
06100208,Bergstraße,06 - Steglitz-Zehlendorf,1795.3743151208141,0.9869454116319929,0.12578962878310646,-0.3806920725268681,-1.6021154058238094,-0.7714888532771897,0,0.8277544845990277
06100209,Feuerbachstraße,06 - Steglitz-Zehlendorf,2140.4922665500585,1.6760066681498385,0.357481720694491,-0.3637374222479233,-1.4882627952207867,-0.6896352442272882,0,0.9386090436318547
06100210,Bismarckstraße,06 - Steglitz-Zehlendorf,1999.9656774800785,1.3954317874815994,0.2631403534721883,-0.37157480033158025,-1.5408917754962084,-0.7274725143025426,0,0.9994209293313521
06200311,Alt-Lankwitz,06 - Steglitz-Zehlendorf,873.7560513007709,-0.853154288391382,-0.49293119580425804,-0.1574828106736791,-0.10323711847166635,0.30612014221694644,0,0.8129672211037702
06200312,Komponistenviertel Lankwitz,06 - Steglitz-Zehlendorf,1000.0515156358416,-0.6009932200180076,-0.4081437768666738,-5.163032403582335e-05,0.95393307249247,1.06616591588927,0,0.6821615786603971
06200313,Lankwitz Kirche,06 - Steglitz-Zehlendorf,997.6595460255026,-0.605769017910951,-0.40974960594775406,-0.3874939779990725,-1.6477910571846144,-0.8043270718282158,0,0.9703290572411245
06200314,Kaiser-Wilhelm-Straße,06 - Steglitz-Zehlendorf,955.8221660243278,-0.6893013798574563,-0.43783678614924826,-0.20846291244170734,-0.4455749184029213,0.05999856195489133,0,0.9077889036691509
06200315,Gallwitzallee,06 - Steglitz-Zehlendorf,946.1836400766421,-0.7085456259854466,-0.4443075310946015,-0.3075863827374746,-1.111201497514329,-0.4185494264595441,0,0.637060633833683
06200316,Belßstraße,06 - Steglitz-Zehlendorf,996.6852442937956,-0.6077143052328572,-0.41040369538424154,-0.3023641744988595,-1.0761337119040708,-0.3933376654082641,0,0.7527336439371127
06200317,Lankwitz Süd,06 - Steglitz-Zehlendorf,840.8242463623831,-0.9189058113019437,-0.5150396915953181,0.062150453049970945,1.3716278913512352,1.3664649448175283,0,0.8651836945061485
06200418,Landweg,06 - Steglitz-Zehlendorf,560.8667836373709,-1.4778678711946598,-0.7029868265279959,-0.35512831266584927,-1.4304515408002896,-0.6480722111711612,0,1.110331535834515e-05
06200419,Thermometersiedlung,06 - Steglitz-Zehlendorf,609.0405522062058,-1.3816842986978615,-0.6706457640919651,-0.27641515757907187,-0.9018827972409283,-0.26806108044565324,0,0.998863569393998
06200420,Lichterfelde Süd,06 - Steglitz-Zehlendorf,697.3594792846151,-1.2053470475785624,-0.6113535804039748,-0.08052296706609254,0.4135579178261525,0.6776666411158332,0,0.981209322219799
06200421,Königsberger Straße,06 - Steglitz-Zehlendorf,994.2896144288048,-0.6124974111770306,-0.41201198174711096,-0.04877482418081779,0.6267506932486651,0.8309402287768481,0,0.7383560840119011
06200422,Oberhofer Platz,06 - Steglitz-Zehlendorf,880.768171600639,-0.8391539143028378,-0.48822366664130806,0.03834356242848288,1.2117616243977343,1.2515301106826695,0,0.9486705392295789
06200423,Schütte-Lanz-Straße,06 - Steglitz-Zehlendorf,791.1644122693174,-1.0180564568621793,-0.5483784118715179,0.009329863521116068,1.0169309844548988,1.1114578633415129,0,0.9055125132095244
06300524,Berlepschstraße,06 - Steglitz-Zehlendorf,973.5402603006722,-0.6539254967583629,-0.42594188960570806,0.02273283108595572,1.1069335986037534,1.1761646693865373,0,0.6891576169320249
06300525,Zehlendorf Süd,06 - Steglitz-Zehlendorf,930.0607682903616,-0.7407364936169967,-0.4551314881687331,-0.014661080117997828,0.8558287783223935,0.9956344586079491,0,0.5129856810799176
06300526,Zehlendorf Mitte,06 - Steglitz-Zehlendorf,1142.9456862693987,-0.3156912345429895,-0.31221295327745574,-0.09132273995013301,0.34103608360733,0.6255275304332744,0,0.8031798511551997
06300527,Sundgauer Straße,06 - Steglitz-Zehlendorf,1109.510817674181,-0.3824471725355489,-0.3346591767078137,-0.2307473177454431,-0.595217504821641,-0.04758602219349182,0,0.9582736297367808
06300528,Teltower Damm,06 - Steglitz-Zehlendorf,999.1826636251578,-0.6027279668074181,-0.4087270735021663,1.2608226054492276e-05,0.9543644424416466,1.0664760465660177,0,0.8770333855683561
06300629,Botanischer Garten,06 - Steglitz-Zehlendorf,1339.8916688141471,0.07753040355614789,-0.17999489130657342,-0.1936023115819653,-0.34578411321525704,0.13174252558772082,0,0.9536994089762681
06300630,Hindenburgdamm,06 - Steglitz-Zehlendorf,1310.2483380855197,0.01834463638683324,-0.19989569704355004,-0.24563366765917405,-0.6951812181477195,-0.11945429703085443,0,0.6293065248163622
06300631,Goerzwerke,06 - Steglitz-Zehlendorf,714.5940413101093,-1.1709365832267637,-0.5997832992513239,-0.2239225612622106,-0.549388406045663,-0.014637483600924487,0,0.16131004163451315
06300632,Schweizer Viertel,06 - Steglitz-Zehlendorf,984.1166689540961,-0.6328086774043032,-0.41884150483675225,-0.006379505001421596,0.9114405975822786,1.0356162217677265,0,0.7615120376417966
06300633,Augustaplatz,06 - Steglitz-Zehlendorf,1255.0109798899612,-0.09194207367078963,-0.23697884215085765,-0.06479314434992987,0.519185657183411,0.7536070313833918,0,1.0
06300634,Lichterfelde West,06 - Steglitz-Zehlendorf,1199.1068935019885,-0.20355997083159916,-0.2745095897343535,-0.015279326260579375,0.8516771776600329,0.992649691761161,0,1.0
06400735,Wannsee,06 - Steglitz-Zehlendorf,1254.198696454153,-0.09356387584772279,-0.23752416193989784,-0.038298612056151295,0.6970997762436436,0.8815172538093965,0,0.1371409706764175
06400736,Düppel,06 - Steglitz-Zehlendorf,943.5970857485194,-0.7137099310237873,-0.44604399302201897,0.03616142773127968,1.1971083152538382,1.240995207428374,0,0.2876253307822788
06400737,Nikolassee,06 - Steglitz-Zehlendorf,1429.8019685192469,0.25704498351967026,-0.11963435272321621,0.07303456670619334,1.4447160844707252,1.4190112356235083,0,0.17876324691755638
06400838,Krumme Lanke,06 - Steglitz-Zehlendorf,1566.7363566644433,0.5304476887833985,-0.027704579981531984,0.003722144580966435,0.9792744459619215,1.0843849348978774,0,0.3543185857198968
06400839,Fischerhüttenstraße,06 - Steglitz-Zehlendorf,1514.2522446220678,0.42565810006054966,-0.06293935597869575,-0.0057498926041701474,0.9156685240753496,1.03865586258424,0,1.0
06400840,Fischtal,06 - Steglitz-Zehlendorf,1470.9691825768487,0.3392392945614298,-0.0919970829038136,-0.0760091744295924,0.4438686035041956,0.6994583154778361,0,0.9228196692887447
06400841,Zehlendorf Eiche,06 - Steglitz-Zehlendorf,1378.6532362078394,0.15492160914915695,-0.15397263254542665,-0.02572146499805263,0.7815569017486695,0.9422371661236716,0,0.970985621497622
06400842,Hüttenweg,06 - Steglitz-Zehlendorf,1553.8189736923375,0.5046568885517094,-0.03637655856286427,-0.020277400125360313,0.8181144825805173,0.9685200059581831,0,0.34342725346056974
06400843,Thielallee,06 - Steglitz-Zehlendorf,1793.6266547170267,0.9834560391759584,0.12461635137685359,-0.05358068516496695,0.5944787318552717,0.8077385077343777,0,0.6607034887950582
06400844,Dahlem,06 - Steglitz-Zehlendorf,2370.740718338092,2.1357198961732093,0.5120571208821689,-0.044578303896135735,0.6549308551510862,0.8512001766437131,0,0.8384949145983284
07100101,Wittenbergplatz,07 - Tempelhof-Schöneberg,3998.465548490896,1.7759395812317373,1.6048167683951007,-0.4039015537222438,-1.0536923871460886,-0.8835395160016564,0,0.5402642175138112
07100102,Kalckreuthstraße,07 - Tempelhof-Schöneberg,3789.1660152099475,1.6105777476140206,1.464305251966836,-0.17235545377320596,0.19615961291180073,0.23431804109550972,0,0.6487497134928631
07100103,Frobenstraße,07 - Tempelhof-Schöneberg,3509.2541932941185,1.3894270771003632,1.2763887576151896,-0.2494778065884617,-0.22013557382005466,-0.13801301926189782,0,0.8937251051482685
07100204,Barbarossaplatz,07 - Tempelhof-Schöneberg,3800.0,1.6191373825170985,1.4715785583519372,-0.169076330043934,0.2138598434592809,0.25014898466238517,0,0.9999999999999998
07100205,Alvenslebenstraße,07 - Tempelhof-Schöneberg,3027.414477940823,1.0087387038792635,0.9529096364803417,-0.39642184538639896,-1.0133180149348404,-0.8474290028470531,0,0.9994579115748404
07100206,Großgörschenstraße,07 - Tempelhof-Schöneberg,2956.3811006616456,0.9526171763688481,0.9052219641666128,-0.3444284633946134,-0.7326653393488137,-0.5964155114025875,0,0.7926638074172085
07200307,Bayerischer Platz,07 - Tempelhof-Schöneberg,3965.919971091916,1.7502262111612055,1.5829675632789784,-0.39754445478404293,-1.019377696359999,-0.852848733082634,0,0.9999999999999887
07200308,Volkspark (Rudolph-Wilde-Park),07 - Tempelhof-Schöneberg,3491.1861636728618,1.375152021340828,1.2642589348623325,-0.4149584948240436,-1.1133761389071781,-0.9369201826237485,0,0.9429928946232983
07200409,Belziger Straße,07 - Tempelhof-Schöneberg,3007.3044732290937,0.9928503394808169,0.939408950582339,-0.4030332430806755,-1.0490053732327704,-0.8793474885272199,0,0.9999999999999842
07200410,Feurigstraße,07 - Tempelhof-Schöneberg,2999.8855234059697,0.9869888302502978,0.9344282997724156,-0.4053760633950218,-1.0616515748155502,-0.8906581493152408,0,0.999700047527154
07200411,Julius-Leber-Brücke,07 - Tempelhof-Schöneberg,2959.625069438025,0.9551801473255996,0.9073997758648509,-0.37123083282932184,-0.8773406115802775,-0.7258119090413008,0,1.0
07200412,Schöneberger Linse,07 - Tempelhof-Schöneberg,,,,,,,0,
07200413,Cheruskerstraße,07 - Tempelhof-Schöneberg,2800.9869755124814,0.8298445305570011,0.8008993991495023,-0.22441187380490268,-0.0848333327987499,-0.016999785206311735,0,0.42335263962734754
07200414,Hohenfriedbergstraße,07 - Tempelhof-Schöneberg,2836.3669452335735,0.857797276436113,0.8246514501873975,-0.22824794045341554,-0.10553985981023661,-0.035519536104782055,0,0.7463866451089194
07300515,Taunusstraße,07 - Tempelhof-Schöneberg,3402.581498233762,1.3051478999058015,1.204774923081212,-0.2812570681416682,-0.3916753821838317,-0.29143684153330773,0,0.9999997435537753
07300516,Odenwaldstraße,07 - Tempelhof-Schöneberg,3399.997019113217,1.3031059736787307,1.203039854327296,-0.2802228346873181,-0.38609274118175607,-0.28644377240797,0,0.9584359386070315
07300517,Perelsplatz,07 - Tempelhof-Schöneberg,3400.425207615511,1.3034442736967167,1.2033273151487864,-0.2804976191962805,-0.3875759877930666,-0.2877703762245942,0,0.9774948973136609
07300618,Ceciliengärten,07 - Tempelhof-Schöneberg,3307.033776534737,1.2296582597213803,1.1406297477110676,-0.2858418235901536,-0.41642322189405356,-0.31357110994318305,0,0.9652765237033365
07300619,Grazer Platz,07 - Tempelhof-Schöneberg,1828.9627755140712,0.06187481025776123,0.14833896480103279,-0.43306799933040035,-1.2111285969805767,-1.0243491934003137,0,0.3223129804686251
07400720,Gontermannstraße,07 - Tempelhof-Schöneberg,1760.807517638158,0.008027206126122177,0.10258349422456922,-0.41407719083102534,-1.1086189887821043,-0.9326654258867004,0,0.6209137209272045
07400721,Paradestraße,07 - Tempelhof-Schöneberg,1837.9892530233988,0.06900638312203461,0.1543988160723624,0.006287900199273434,1.160450323524915,1.0967718820683126,0,0.1677224413062773
07400822,Lindenhofsiedlung,07 - Tempelhof-Schöneberg,867.9327577408378,-0.6974087075288233,-0.4968406159347597,-0.23835277689900436,-0.16008428981599676,-0.08430363476340112,0,0.1749401421359749
07400823,Wittekindstraße,07 - Tempelhof-Schöneberg,838.8640992882474,-0.7203750590881224,-0.5163556201761981,-0.5055177601853869,-1.6022018153515647,-1.3741219285034068,0,1.0
07400824,Bosepark,07 - Tempelhof-Schöneberg,1400.0,-0.2770369398106688,-0.13964165863328612,-0.35667494393873245,-0.798770051132368,-0.6555390329263789,0,0.8832844149690269
07400825,Friedrich-Karl-Straße,07 - Tempelhof-Schöneberg,1287.6107230355335,-0.36583263192942084,-0.21509327330724448,-0.3914631159015013,-0.9865515180436836,-0.8234892637216116,0,0.9109140663202102
07400826,Marienhöhe,07 - Tempelhof-Schöneberg,997.4221340898275,-0.5951026948424938,-0.4099089904938012,0.03451995126399181,1.312842808203953,1.2330704923320768,0,1.0
07400927,Rathaus Tempelhof,07 - Tempelhof-Schöneberg,1399.9376414611495,-0.2770862075857297,-0.13968352252432678,-0.35667241477559203,-0.7987563990794497,-0.655526822640262,0,0.2640597231409215
07400928,Germaniagarten,07 - Tempelhof-Schöneberg,632.227017445773,-0.8836333626841396,-0.6550797217776252,-0.2932686953874093,-0.45651239019365614,-0.34942653901748566,0,0.3965254678786684
07501029,Ringstraße,07 - Tempelhof-Schöneberg,600.0291628678399,-0.9090720064694398,-0.6766954860440901,-0.3968522191796809,-1.015641109758827,-0.8495067601372975,0,0.4168600394726352
07501030,Machonstraße,07 - Tempelhof-Schöneberg,600.0001773213196,-0.9090949071565357,-0.676714945251821,-0.40546500021442416,-1.0621316427658776,-0.8910875182214544,0,0.9999814983446982
07501031,Eisenacher Straße,07 - Tempelhof-Schöneberg,607.5435461318511,-0.9031350978888782,-0.6716507667802776,-0.34023016308919724,-0.7100035280087698,-0.5761469699570364,0,0.492302863096076
07501032,Imbrosweg,07 - Tempelhof-Schöneberg,628.4710765777454,-0.8866008287800294,-0.6576012417194448,-0.1485991678091108,0.32439257184614045,0.3490085662193187,0,0.6014068356975951
07501133,Fritz-Werner-Straße,07 - Tempelhof-Schöneberg,620.8671759797785,-0.8926084625564451,-0.6627060577075241,-0.2680718667180271,-0.3205035923150711,-0.22778136620243608,0,0.45968865848600465
07501134,Hundsteinweg,07 - Tempelhof-Schöneberg,676.9569394952374,-0.848293475338341,-0.6250506573150125,0.01053880126744998,1.1833960660931466,1.1172943693163353,0,0.7246749841759146
07501135,Birnhornweg,07 - Tempelhof-Schöneberg,669.9944241888222,-0.8537943681478569,-0.629724884574498,0.11028969188955182,1.72183679206102,1.598871415673979,0,0.9996562832732101
07601236,Marienfelder Allee Nordwest,07 - Tempelhof-Schöneberg,661.2553909513562,-0.8606988391590452,-0.6355917625032944,-0.01319247532889308,1.055298104070057,1.002724584342095,0,0.8344148613668201
07601237,Kirchstraße,07 - Tempelhof-Schöneberg,661.6626397311113,-0.8603770830428074,-0.635318359391926,0.07584776075305037,1.535924282516325,1.4325927652867247,0,0.8168888752585819
07601238,Marienfelde Nordost,07 - Tempelhof-Schöneberg,654.0392775865278,-0.866400092854626,-0.6404362407289064,-0.019322546409729566,1.022208876471031,0.9731298458223615,0,0.19600307715365936
07601339,Tirschenreuther Ring West,07 - Tempelhof-Schöneberg,776.7254681923638,-0.7694690910500442,-0.558071877958479,-0.15960851790074626,0.26496570940105246,0.29585765933135233,0,0.8314573436014052
07601340,Tirschenreuther Ring Ost,07 - Tempelhof-Schöneberg,687.8896501967171,-0.8396558397943478,-0.6177110721030648,-0.2625512930977428,-0.2907043429116141,-0.20112915766899794,0,0.9996265676710158
07601341,Diedersdorfer Weg,07 - Tempelhof-Schöneberg,449.4247234539244,-1.0280604526549542,-0.7778025350238514,-0.008576969749502231,1.0802119284918446,1.0250073081404305,0,0.15286076695368234
07601442,Kettinger Straße,07 - Tempelhof-Schöneberg,667.6455578688386,-0.8556501431489124,-0.6313017766168952,0.08929462077866787,1.608508467269234,1.497511475220395,0,0.9991932250852789
07601443,Töpchiner Weg,07 - Tempelhof-Schöneberg,669.9995251125032,-0.8537903380476468,-0.6297214601114314,0.11034790198549287,1.7221510016497437,1.59915244219812,0,0.9634253262181525
07601544,John-Locke-Straße,07 - Tempelhof-Schöneberg,615.7728768161527,-0.8966333289165795,-0.6661260734591095,-0.04695667375359893,0.8730438966324966,0.8397178898795545,0,0.9999930915228891
07601545,Nahariyastraße,07 - Tempelhof-Schöneberg,608.4037837946947,-0.9024554476524684,-0.6710732533162002,-0.07263700258334888,0.7344252355664215,0.7157384764608252,0,0.9997112358862551
07601546,Franziusweg,07 - Tempelhof-Schöneberg,640.0,-0.8774921418811285,-0.6498613940119402,0.06453852113757116,1.4748786602594541,1.3779940526676453,0,0.9066370019704709
07601547,Horstwalder Straße,07 - Tempelhof-Schöneberg,640.0,-0.8774921418811285,-0.6498613940119402,0.06453852113757096,1.4748786602594532,1.3779940526676446,0,0.9931087179438448
07601548,Wittelsbacherstraße,07 - Tempelhof-Schöneberg,640.0,-0.8774921418811285,-0.6498613940119402,0.06453852113757116,1.4748786602594541,1.3779940526676453,0,0.778359370344554
08100101,Hasenheide,08 - Neukölln,2387.564215321633,1.2605676805688082,0.523351436907282,-0.4472195306184689,-0.7834203899870752,-1.0926699131116204,0,0.21586844290909415
08100102,Schillerpromenade Nord,08 - Neukölln,2784.214857297216,1.7251873686652601,0.7896395758369599,-0.25696793021447595,0.1543138984430036,-0.1741738153227034,0,0.45845284209440335
08100103,Schillerpromenade Süd,08 - Neukölln,2792.7468301635854,1.7351813587222937,0.795367445492403,-0.2539082070172212,0.16939501917511834,-0.15940209297700422,0,0.42181487326809736
08100104,Wartheplatz,08 - Neukölln,2200.0239359524726,1.0408909754662239,0.39744781623284525,-0.4924509469810397,-1.0063622729850263,-1.31103800745757,0,0.31276156061780774
08100105,Silbersteinstraße,08 - Neukölln,1493.4496250034513,0.21323988599613866,-0.0769050231852659,-0.4077227599640609,-0.5887440979282988,-0.9019875238738781,0,0.7622521972388597
08100206,Flughafenstraße,08 - Neukölln,2202.4507028037115,1.043733586918684,0.3990770061547726,-0.49136314926632585,-1.0010006086742032,-1.3057863409589612,0,0.8727494729681002
08100207,Rollberg,08 - Neukölln,2200.0,1.0408629379097567,0.39743174702845496,-0.49247648509779407,-1.0064881482349146,-1.3111613002999638,0,0.7672028934045139
08100208,Körnerpark,08 - Neukölln,2200.0698554826913,1.0409447636504594,0.39747864393094645,-0.4924447331097616,-1.0063316453311775,-1.311008008148713,0,0.6642975590279614
08100209,Glasower Straße,08 - Neukölln,1465.5419187580521,0.18054998612192402,-0.09564063173204584,-0.3792843436333996,-0.4485735130539374,-0.764692624006845,0,0.7141132930445925
08100310,Maybachufer,08 - Neukölln,2800.1982196360805,1.7439095993608378,0.8003698743935342,-0.3566358083822283,-0.3369407696623348,-0.6553500944057172,0,1.0
08100311,Reuterplatz,08 - Neukölln,2777.242602688405,1.717020366223161,0.7849588101770912,-0.3610372098249975,-0.35863491069066783,-0.6765991669044584,0,1.0
08100312,Weichselplatz,08 - Neukölln,2439.827938378184,1.3217871824063694,0.558438256575462,-0.4324660751935986,-0.7107018373160444,-1.0214432258833865,0,1.0
08100313,Bouchéstraße,08 - Neukölln,2199.8824532968233,1.0407252487022094,0.39735283301820573,-0.49244266362801187,-1.0063214450280427,-1.3109980171110156,0,0.9999999988469148
08100314,Donaustraße,08 - Neukölln,2200.0324523414006,1.0409009512019183,0.39745353364035213,-0.4924678393351934,-1.006445533991339,-1.311119560313576,0,0.9136544070898951
08100415,Ganghoferstraße,08 - Neukölln,2200.0,1.0408629379097567,0.39743174702845496,-0.49247648509779407,-1.0064881482349146,-1.3111613002999638,0,0.9398230382936182
08100416,Alt-Rixdorf,08 - Neukölln,2200.0,1.0408629379097567,0.39743174702845496,-0.49247648509779407,-1.0064881482349146,-1.3111613002999638,0,0.9648784237401296
08100417,Braunschweiger Straße,08 - Neukölln,2200.0,1.0408629379097567,0.39743174702845496,-0.49247648509779407,-1.0064881482349146,-1.3111613002999638,0,0.996456430796851
08100418,Hertzbergplatz,08 - Neukölln,2200.0,1.0408629379097567,0.39743174702845496,-0.49247648509779407,-1.0064881482349146,-1.3111613002999638,0,0.6477491284139132
08100419,Treptower Straße Nord,08 - Neukölln,2199.9831039549317,1.0408431466013384,0.3974204040078712,-0.4924689131237601,-1.0064508266057264,-1.3111247443467524,0,0.7925659904549213
08100520,Weiße Siedlung,08 - Neukölln,568.3368081891819,-0.8703979123985893,-0.6979718871199736,-0.3336875751113494,-0.2238308396995935,-0.5445606836165625,0,0.2560601106041585
08100521,Schulenburgpark,08 - Neukölln,527.7758188938832,-0.9179093297541808,-0.7252021729422679,-0.5048403255780837,-1.0674284879241887,-1.3708514117666546,0,0.6484036372801452
08200622,Jahnstraße,08 - Neukölln,1186.6943978003444,-0.14608013747639964,-0.28284261640840813,-0.3720181624045545,-0.4127591111263516,-0.7296129763699822,0,0.5000191606475818
08200623,Park am Buschkrug,08 - Neukölln,600.0,-0.8333089964951428,-0.6767150642950273,-0.5108256237659907,-1.0969295240540329,-1.3997472161542235,0,0.3829377342509256
08200624,Tempelhofer Weg,08 - Neukölln,966.6008648032615,-0.4038883390308693,-0.43060059557199326,-0.4092481346152896,-0.5962625425044382,-0.9093517229757233,0,0.44242912874894064
08200725,Mohriner Allee Nord,08 - Neukölln,637.1313847649594,-0.7898148719875949,-0.6517872152042107,0.05406627636082948,1.687375590228839,1.3274361811853423,0,0.30224826821714096
08200726,Hufeisensiedlung,08 - Neukölln,907.33959885901,-0.4733044649246324,-0.47038515797762487,-0.06022936461529567,1.124021897887668,0.7756400333057332,0,0.6945243068369797
08200727,Parchimer Allee Süd,08 - Neukölln,661.52807195469,-0.7612376304729396,-0.6354087003593947,-0.2645615667039411,0.11688549681629208,-0.21083435047084761,0,0.6369275353980381
08200728,Ortolanweg,08 - Neukölln,600.0,-0.8333089964951428,-0.6767150642950273,-0.5076219457625263,-1.0811388620750613,-1.3842805092329369,0,0.08440204517943481
08200729,Britzer Garten,08 - Neukölln,625.3331788002344,-0.80363478854723,-0.6597078435269276,-0.04795063764273364,1.1845427201882042,0.8349192340386855,0,0.10953636651142579
08200730,Handwerker-Siedlung,08 - Neukölln,437.27452917674736,-1.023918690513745,-0.7859594677987204,0.05942524181632223,1.7137894845007235,1.3533081783123235,0,0.7532486219351103
08200831,Buckow West,08 - Neukölln,565.9880865294568,-0.8731491050338303,-0.6995486820458986,-0.16935271179939212,0.5861620107408816,0.24881466966398677,0,0.999937825086924
08200832,Buckow Mitte,08 - Neukölln,588.5855272488279,-0.8466794242928154,-0.6843780764879086,-0.14158315134552096,0.7230358607212806,0.38288046916334684,0,0.8411610914787826
08200833,Buckow Ost,08 - Neukölln,586.6624459306644,-0.8489320399391157,-0.6856691212790468,-0.07968701901573694,1.0281167403753464,0.6817024285708424,0,0.9965552250601997
08300934,Gropiusstadt Nord-West,08 - Neukölln,578.1447541360108,-0.8589093017562724,-0.6913874034547114,-0.2482630110568451,0.19721971975955857,-0.13214823308910384,0,1.0
08300935,Gropiusstadt Süd-West,08 - Neukölln,575.0675229059036,-0.8625138395107356,-0.6934532772756643,-0.25845813893749353,0.14696878379732486,-0.1813682404632865,0,1.0
08301036,Gropiusstadt Mitte,08 - Neukölln,575.0344224463256,-0.8625526119809588,-0.6934754989963575,-0.2650199764145333,0.11462603354313802,-0.21304745947741255,0,1.0
08301037,Gropiusstadt Süd-Ost,08 - Neukölln,575.0058845637907,-0.8625860400425301,-0.6934946576685618,-0.2655862444247589,0.11183494569682255,-0.2157812864549018,0,1.0
08401138,Goldhähnchenweg,08 - Neukölln,599.9999999999999,-0.8333089964951429,-0.6767150642950273,-0.5107598133293698,-1.0966051498946305,-1.3994294967284644,0,1.0
08401139,Vogelviertel Süd,08 - Neukölln,660.0664719190072,-0.7629496865768157,-0.636389933495494,-0.02130261374090013,1.3158886099394111,0.9635704827832199,0,0.7936913424079529
08401140,Vogelviertel Nord,08 - Neukölln,600.0,-0.8333089964951428,-0.6767150642950273,-0.056141918589103064,1.1441685788234863,0.7953733927992069,0,0.9862062651287761
08401241,Blumenviertel,08 - Neukölln,600.1394880057285,-0.8331456061791913,-0.6766214201721703,0.03315266380349834,1.5842941362578495,1.2264695060888482,0,0.9136795050715949
08401242,Zittauer Straße,08 - Neukölln,555.5230376155242,-0.8854074181379972,-0.7065743063716767,0.03005632390481235,1.5690325348549368,1.2115210057433472,0,0.9682509232123512
08401243,Alt-Rudow,08 - Neukölln,600.0,-0.8333089964951428,-0.6767150642950273,0.04496083738648621,1.6424956401032258,1.283476970598781,0,0.7421331145345559
08401244,Waßmannsdorfer Chaussee,08 - Neukölln,583.6328913648683,-0.8524807312772177,-0.6877029877644095,0.041014649664323014,1.6230452095796644,1.2644255775158697,0,0.673674533667479
08401245,Frauenviertel,08 - Neukölln,619.5142372917325,-0.8104508490867163,-0.6636143419435746,-0.23128595545180156,0.2808982124693589,-0.05018645567400738,0,0.6699831240047194
08401246,Waltersdorfer Chaussee Ost,08 - Neukölln,600.0000066050085,-0.8333089887583168,-0.6767150598608093,0.04632347873843508,1.6492119858046117,1.2900555263733087,0,0.6832245807275389
09100101,Alt-Treptow,09 - Treptow-Köpenick,2013.921717464422,5.487266668400443,0.2725096258771168,-0.2884677360360835,-0.49338005258424045,-0.32624848206305174,0,0.3664850554468131
09100202,Plänterwald West,09 - Treptow-Köpenick,872.0739547548375,1.0213302857979947,-0.49406045745497845,-0.46224969134998506,-1.2473229051576973,-1.1652324773776925,0,0.4204729624875669
09100203,Plänterwald Ost,09 - Treptow-Köpenick,509.9651476875061,-0.3949311010135764,-0.737159220244681,-0.3165724206389957,-0.6153105835298888,-0.4619321929098875,0,0.6657253645126665
09100304,Baumschulenweg West,09 - Treptow-Köpenick,558.5861515147708,-0.2047671255326691,-0.704517910104429,-0.3674300063204985,-0.8359532455050698,-0.7074622903820421,0,1.0
09100305,Baumschulenweg Ost,09 - Treptow-Köpenick,542.4866151007402,-0.26773480630636165,-0.7153262011687522,-0.3852680701882642,-0.9133426426525362,-0.7935808408691917,0,1.0
09100306,Späthsfelde,09 - Treptow-Köpenick,466.8342254451146,-0.5636225510895564,-0.7661148093672472,0.14146675432611375,1.3718655967576996,1.749387942881613,0,0.2416120533309267
09100407,Johannisthal West,09 - Treptow-Köpenick,507.4712017738446,-0.4046852943095669,-0.738833510276414,-0.017735333084180845,0.6811766486390186,0.9807925894880094,0,0.4862948619215153
09100408,Johannisthal Ost,09 - Treptow-Köpenick,509.33650405467154,-0.39738981973533066,-0.7375812549657236,-0.26012229289429684,-0.37040500479417904,-0.18940243787449387,0,1.0
09100409,Landschaftspark Adlershof,09 - Treptow-Köpenick,672.8050010184222,0.24195977820702577,-0.6278380269873141,0.23089418277414114,1.7598412665021697,2.181125409953595,0,0.22812995482501328
09200510,Helmholtz-Kiez,09 - Treptow-Köpenick,739.1819536686093,0.5015699096866503,-0.5832764069657089,-0.4844722792378087,-1.3437343034150504,-1.27251861959355,0,0.27615292169274774
09200511,Griechischer Park,09 - Treptow-Köpenick,701.0681863591865,0.35250129855999623,-0.6088637704800475,-0.5374629652140679,-1.5736312963024885,-1.5283468921810033,0,0.9275435159286128
09200512,Wuhlheide,09 - Treptow-Köpenick,688.8224759080825,0.3046065041570846,-0.6170848272509499,-0.5550159401941682,-1.6497838519791868,-1.6130890914033666,0,0.13994866254158292
09200613,Bahnhof Schöneweide,09 - Treptow-Köpenick,666.9131225464071,0.2189157654328492,-0.6317934910332018,-0.194830829594773,-0.08714180868258382,0.12581149006196884,0,0.3488931116177809
09200614,Oberspree,09 - Treptow-Köpenick,444.84490391179213,-0.6496260572236618,-0.7808771591223628,-0.0914459369326205,0.3613875035000869,0.6249327604159193,0,0.44630266564710225
09200715,Wista,09 - Treptow-Köpenick,792.2374641500463,0.7090779000638744,-0.5476580273364744,-0.34128169913866213,-0.7225103436167188,-0.5812235724984445,0,0.11479125822973332
09200716,Dörpfeldstraße West,09 - Treptow-Köpenick,484.045610237374,-0.4963062659866085,-0.7545600880590804,-0.34122307100965255,-0.7222559889068373,-0.5809405277955267,0,1.0
09200717,Dörpfeldstraße Ost,09 - Treptow-Köpenick,456.3120716560797,-0.6047762591095115,-0.773178770580214,-0.2820171644762496,-0.4653946250191879,-0.29510643230560185,0,0.6292564554449024
09200818,Spindlersfeld,09 - Treptow-Köpenick,653.7468938935202,0.1674206874698641,-0.6406325301111108,-0.15633729415270806,0.07986014422101727,0.3116504633928548,0,0.8015723946622298
09200819,Köllnische Vorstadt,09 - Treptow-Köpenick,586.7113898417654,-0.0947651364620506,-0.68563626318777,-0.2682367392309043,-0.4056090557960535,-0.2285773372186526,0,0.44534719145005125
09300920,Dorf Altglienicke,09 - Treptow-Köpenick,489.6335701952379,-0.4744509237112677,-0.750808657202491,0.0522699775045677,0.9848905956091492,1.3187640150304416,0,0.7933120055650573
09300921,Preußen Siedlung,09 - Treptow-Köpenick,489.68964913315796,-0.4742315906466211,-0.7507710090697728,0.06456785279974896,1.0382442085541401,1.3781356599770966,0,0.7876739010388444
09300922,Kosmos Viertel,09 - Treptow-Köpenick,499.98569699101546,-0.43396221654344946,-0.743858842209928,-0.18219338938292992,-0.0323150132000882,0.18682248548051245,0,0.9971061723548955
09300923,Kölner Viertel,09 - Treptow-Köpenick,495.096691262508,-0.45308384489947623,-0.7471410359060645,-0.038421235150229514,0.5914320719736167,0.880925254408758,0,0.929705688154817
09301024,Falkenberg,09 - Treptow-Köpenick,442.62951735523336,-0.6582907634547153,-0.7823644406258481,0.06342845387116595,1.0333009929200236,1.372634873295113,0,0.8415047114782717
09301025,Alt-Bohnsdorf,09 - Treptow-Köpenick,414.81102896693204,-0.7670930079041064,-0.8010401534996814,0.1340752907905199,1.3397981643671946,1.713703457705269,0,0.6801385070151256
09301126,Grünau,09 - Treptow-Köpenick,698.9495662269522,0.34421506020278597,-0.6102860886422007,-0.2928388317869962,-0.5123437959335548,-0.3473512448348217,0,0.15552847764345076
09301227,Karolinenhof,09 - Treptow-Köpenick,430.0,-0.7076866837283631,-0.7908431629981472,0.12361395596717663,1.2944122748817717,1.6631982572628006,0,0.3578947945828624
09301228,Schmöckwitz/Rauchfangswerder,09 - Treptow-Köpenick,341.4861590413159,-1.0538774769416728,-0.850266200513,0.10221228745802957,1.2015623873518948,1.5598753471265294,0,0.09927364997304321
09401329,Kietzer Feld/Nachtheide,09 - Treptow-Köpenick,592.8102180393996,-0.07091171253938719,-0.6815418651494585,-0.039650157162935816,0.5861004656732013,0.8749922684535243,0,0.1348571220574247
09401330,Wendenschloß,09 - Treptow-Köpenick,750.0,0.5438808974363584,-0.5760138007334508,0.0,0.7581203542882903,1.066415176610619,0,0.5521142010357631
09401431,Allende I,09 - Treptow-Köpenick,548.5826726665151,-0.24389221873686848,-0.7112336631713013,-0.2282508422540181,-0.23213257962793002,-0.03553354540890538,0,0.9367294038011069
09401432,Siedlung Kämmereiheide,09 - Treptow-Köpenick,492.325805278107,-0.4639211919906637,-0.7490012473714929,-0.07239248855026569,0.4440497753038878,0.716918940566066,0,0.4062127917304072
09401433,Allende II,09 - Treptow-Köpenick,499.99999999999994,-0.43390627534858045,-0.7438492400027449,-0.18239816340952664,-0.033203413341900447,0.18583387805771961,0,0.16080603581219602
09401534,Altstadt Köpenick,09 - Treptow-Köpenick,955.5928721662013,1.3479851903168596,-0.4379907206908498,-0.2998981599243985,-0.5429702783180547,-0.3814322477459511,0,0.7444831020182349
09401635,Müggelheim,09 - Treptow-Köpenick,380.0,-0.9032441182853508,-0.824410250852006,0.1410785982599056,1.37018160435888,1.7475140042057322,0,0.12708152741426487
09501736,Hirschgarten,09 - Treptow-Köpenick,602.4155060252788,-0.03334400300539551,-0.675093434235786,-0.0638892277557638,0.48094067509841865,0.7579709571674862,0,0.36124629909062794
09501737,Alt-Friedrichshagen,09 - Treptow-Köpenick,659.3492445498841,0.18933231390680777,-0.636871438177705,-0.0534324324352265,0.5263068702163304,0.8084542418121149,0,0.2621245761941094
09501838,Rahnsdorf,09 - Treptow-Köpenick,469.8085802092669,-0.5519894073467569,-0.7641180008137103,0.13673907319446715,1.351354828582644,1.7265636582932742,0,0.1916477818100965
09501939,Bahnhofstraße,09 - Treptow-Köpenick,712.0994329730936,0.3956461443156189,-0.6014580339955153,-0.5955845389813536,-1.825788345882311,-1.8089460492406153,0,0.9051335350920402
09501940,Güterbahnhof Köpenick,09 - Treptow-Köpenick,685.6604819677376,0.29223947569591274,-0.6192076058187285,-0.6309598535235397,-1.9792620797256404,-1.9797308851949915,0,0.7656354427089255
09501941,Friedrichshagener Straße,09 - Treptow-Köpenick,672.4947612353069,0.2407463842853548,-0.6280463039084259,-0.5173096368141316,-1.4861972593493884,-1.4310507146272107,0,0.9468220810345411
09502042,Mittelheide,09 - Treptow-Köpenick,535.5367424869681,-0.2949167914833043,-0.7199919408607445,-0.0649876728596764,0.47617513523817656,0.7526678872356872,0,0.2612378055329172
09502043,Dammheide,09 - Treptow-Köpenick,544.1350274253226,-0.2612876206006125,-0.7142195531423793,-0.09199926793846633,0.3589869092829762,0.6222613906688275,0,0.38552658905018855
10100101,Marzahn West,10 - Marzahn-Hellersdorf,473.8984086940738,-1.155999019415457,-0.7613723281725756,-0.1448633874071389,-0.4096870657205097,0.3670441554817547,0,0.5962830454250868
10100102,Rosenbecker Straße,10 - Marzahn-Hellersdorf,499.99356846655024,-0.08867298099462739,-0.7438535577597117,-0.18210825426756755,-0.7307276365964739,0.18723350053152438,0,0.9482487770561304
10100103,Wittenberger Straße,10 - Marzahn-Hellersdorf,500.0,-0.08840992289581706,-0.7438492400027449,-0.18232155679395484,-0.7325662460643847,0.1862037192433816,0,0.6785493426036175
10100104,Golliner Straße,10 - Marzahn-Hellersdorf,500.0,-0.08840992289581706,-0.7438492400027449,-0.18232155679395445,-0.7325662460643814,0.1862037192433835,0,0.548622974494144
10100205,Gewerbegebiet Bitterfelder Straße,10 - Marzahn-Hellersdorf,,,,,,,0,
10100206,Wuhletalstraße,10 - Marzahn-Hellersdorf,499.99999999999994,-0.08840992289581938,-0.7438492400027449,-0.1823215567939547,-0.7325662460643835,0.18620371924338228,0,0.8782065103062789
10100207,Ahrensfelder Berge,10 - Marzahn-Hellersdorf,500.0,-0.08840992289581706,-0.7438492400027449,-0.1823215567939546,-0.7325662460643826,0.18620371924338283,0,0.49826503334226735
10100208,Bürgerpark,10 - Marzahn-Hellersdorf,500.0,-0.08840992289581706,-0.7438492400027449,-0.1823215567939546,-0.7325662460643826,0.18620371924338283,0,0.955695580197595
10100209,Lea-Grundig-Straße,10 - Marzahn-Hellersdorf,463.4034572328648,-1.585256209797781,-0.7684180273269834,-0.12824396213859474,-0.26643216308283574,0.44727936624601566,0,0.9108128086152811
10100210,Marzahner Promenade,10 - Marzahn-Hellersdorf,499.99985435315864,-0.08841588004141622,-0.7438493377815512,-0.18232136276672367,-0.7325645736026923,0.18620465596745814,0,0.5362193906707173
10100311,Marzahner Chaussee,10 - Marzahn-Hellersdorf,557.8254239067975,2.2767252652605787,-0.7050286183134229,0.04644201553202606,1.2393132113216674,1.290627797944883,0,0.16786062170835073
10100312,Springpfuhl,10 - Marzahn-Hellersdorf,500.0300897355239,-0.08717921350396482,-0.7438290395068282,-0.18217296351447085,-0.731285412615506,0.18692109742613483,0,0.8190556773971579
10100313,Alt-Marzahn,10 - Marzahn-Hellersdorf,456.0022747609073,-1.8879742171332239,-0.7733867501721562,-0.010192554448292925,0.7511387000277616,1.0172075932453353,0,0.8788890189878178
10100314,Auersbergstraße,10 - Marzahn-Hellersdorf,506.04801463498075,0.1589617566397015,-0.7397889552308684,-0.13511167450640935,-0.3256299662979053,0.4141234453645111,0,1.0
10100315,Bärenstein,10 - Marzahn-Hellersdorf,500.86058449236606,-0.05321089575928777,-0.7432714936975264,-0.13256862542568446,-0.303709578403891,0.4264007699818681,0,0.9133599828244822
10100316,Landsberger Tor,10 - Marzahn-Hellersdorf,591.0770739949639,3.6367610829753776,-0.6827053971175178,-0.21792775720184174,-1.0394819600742813,0.014304213208803892,0,0.18321807187626382
10200417,Zossener Straße,10 - Marzahn-Hellersdorf,492.8549860415722,-0.38065030422330615,-0.7486459862279368,-0.17747744527012896,-0.6908113289418806,0.20959010612496612,0,0.9952335474153641
10200418,Kyritzer Straße,10 - Marzahn-Hellersdorf,499.99999999999994,-0.08840992289581938,-0.7438492400027449,-0.1823215567939547,-0.7325662460643835,0.18620371924338228,0,0.9272372476845187
10200419,Havelländer Ring,10 - Marzahn-Hellersdorf,500.0,-0.08840992289581706,-0.7438492400027449,-0.1823215567939546,-0.7325662460643826,0.18620371924338283,0,0.9999999999999997
10200420,Gut Hellersdorf,10 - Marzahn-Hellersdorf,500.0,-0.08840992289581706,-0.7438492400027449,-0.1823215567939546,-0.7325662460643826,0.18620371924338283,0,0.9375537597974504
10200421,Helle Mitte,10 - Marzahn-Hellersdorf,500.0,-0.08840992289581706,-0.7438492400027449,-0.1823215567939546,-0.7325662460643826,0.18620371924338283,0,0.1549690586174974
10200422,Hellersdorfer Promenade,10 - Marzahn-Hellersdorf,500.0,-0.08840992289581706,-0.7438492400027449,-0.1823215567939546,-0.7325662460643826,0.18620371924338283,0,0.9664201238546949
10200423,Böhlener Straße,10 - Marzahn-Hellersdorf,500.0,-0.08840992289581706,-0.7438492400027449,-0.1823215567939546,-0.7325662460643826,0.18620371924338283,0,0.998770030707515
10200524,Adele-Sandrock-Straße,10 - Marzahn-Hellersdorf,499.9992845572339,-0.08843918543721915,-0.7438497203093485,-0.1823191122907721,-0.7325451751151923,0.1862155208084124,0,0.9999655876840583
10200525,Schleipfuhl,10 - Marzahn-Hellersdorf,499.9913883627779,-0.0887621500797358,-0.743855021354409,-0.1742754317699434,-0.6632108478902405,0.22504877716238542,0,1.0
10200526,Boulevard Kastanienallee,10 - Marzahn-Hellersdorf,499.99999999999994,-0.08840992289581938,-0.7438492400027449,-0.1721054775600571,-0.6445064357915962,0.23552487549705872,0,0.999999999999994
10200627,Am Kienberg,10 - Marzahn-Hellersdorf,497.95546711141884,-0.17203398220094748,-0.7452218203045671,-0.17442087322417524,-0.664464513467046,0.2243466153519984,0,0.8134369084090486
10200628,Neue Grottkauer Straße,10 - Marzahn-Hellersdorf,500.0,-0.08840992289581706,-0.7438492400027449,-0.18143944603648937,-0.7249626924736635,0.19046237087537418,0,0.9999999999999891
10200629,Teterower Ring,10 - Marzahn-Hellersdorf,495.1642849411444,-0.2861969700609435,-0.7470956574470815,-0.15919894192454934,-0.5332556268148368,0.2978350089835293,0,0.8740110446825899
10200630,Cecilienplatz,10 - Marzahn-Hellersdorf,500.00000000000006,-0.08840992289581473,-0.7438492400027449,-0.17683731280889234,-0.6852935621161389,0.21268053567439088,0,1.0
10300731,Oberfeldstraße,10 - Marzahn-Hellersdorf,556.0642856139315,2.2046924142021807,-0.7062109439894113,0.08027138374928079,1.5309131175729005,1.4539491189336802,0,0.8759401839732674
10300732,Buckower Ring,10 - Marzahn-Hellersdorf,460.22027880851243,-1.7154523552467213,-0.7705550279234783,0.013171726120304412,0.952532411541283,1.1300055959130262,0,0.4512515868901554
10300733,Alt-Biesdorf,10 - Marzahn-Hellersdorf,508.6160808799352,0.26399901241923956,-0.7380649051256901,0.12257555560705595,1.895563514486649,1.6581850711624568,0,0.4827002085153104
10300734,Biesdorf Süd,10 - Marzahn-Hellersdorf,545.0024129565139,1.75224740815895,-0.7136372410158061,0.1127764688840291,1.8110980656662097,1.6108770700844988,0,0.7080126731215927
10400835,Kaulsdorf Nord,10 - Marzahn-Hellersdorf,499.9736670521122,-0.08948697477800813,-0.7438669184102489,0.08322786698731532,1.5563971948842967,1.4682224197182556,0,1.0
10400836,Alt-Kaulsdorf,10 - Marzahn-Hellersdorf,505.2913833927118,0.1280145528901338,-0.7402969133785127,0.09389618686362063,1.6483551958676579,1.519726901969879,0,0.8521984348511042
10400837,Kaulsdorf Süd,10 - Marzahn-Hellersdorf,510.4777718570736,0.3401445992912045,-0.7368150742339633,0.10313340753743393,1.727977512938659,1.5643223278443337,0,0.6646071815354071
10400938,Mahlsdorf Nord,10 - Marzahn-Hellersdorf,480.0003849634572,-0.9064202387172766,-0.7572758167022445,0.020566703208064127,1.0162750925063058,1.1657070438058306,0,1.0
10400939,Alt-Mahlsdorf,10 - Marzahn-Hellersdorf,480.00089165076656,-0.9063995145460756,-0.7572754765418961,0.010927606141370004,0.9331887107878051,1.1191714403041144,0,1.0
10400940,Elsensee,10 - Marzahn-Hellersdorf,500.71039915408994,-0.05935367179625272,-0.743372319386412,0.07056697972219157,1.4472638077084627,1.4070982266871968,0,1.0
10400941,Pilgramer Straße,10 - Marzahn-Hellersdorf,505.0,0.11609659243630573,-0.7404925312173589,0.06819067497684286,1.4267807104032457,1.3956259098650239,0,1.0
11100101,Dörfer Malchow-Wartenberg,11 - Lichtenberg,399.08849139593815,-1.2015396005211667,-0.8115953494983044,0.06853584444583592,2.223551285877071,1.3972923179776113,0,0.1488940085975922
11100102,Dorf Falkenberg,11 - Lichtenberg,401.8869273481106,-1.190716479562215,-0.809716642589105,0.08614451835863635,2.3698121154258294,1.4823034203378584,0,0.2239698122305969
11100203,Falkenberg Ost,11 - Lichtenberg,499.9914691392348,-0.8112912075263776,-0.7438549671258003,-0.18230759686799355,0.14000030440562578,0.18627111493147905,0,0.5227978132881075
11100204,Falkenberg West,11 - Lichtenberg,500.0,-0.8112582139043961,-0.7438492400027449,-0.1823215567939546,0.1398843507363369,0.18620371924338283,0,0.5643960358991649
11100205,Wartenberg Süd,11 - Lichtenberg,498.05929046554496,-0.8187640258638559,-0.7451521193515823,-0.17999470913285492,0.15921156815380685,0.1974372673046398,0,0.8435085041630148
11100206,Wartenberg Nord,11 - Lichtenberg,494.41022829078713,-0.8328769953865212,-0.7476018871636682,-0.16628014168872388,0.27312724523513615,0.26364841429919045,0,0.941058258641141
11100307,Zingster Straße Ost,11 - Lichtenberg,500.00000000000006,-0.8112582139043959,-0.7438492400027449,-0.18232155679395445,0.13988435073633804,0.1862037192433835,0,0.999058180189245
11100308,Zingster Straße West,11 - Lichtenberg,491.1479693959298,-0.8454939797384582,-0.7497919777821823,-0.1699569271764145,0.2425872001320497,0.24589764050449137,0,0.6757450418796804
11100309,Mühlengrund,11 - Lichtenberg,500.0,-0.8112582139043961,-0.7438492400027449,-0.1823215567939546,0.1398843507363369,0.18620371924338283,0,0.8801330480394649
11200410,Malchower Weg,11 - Lichtenberg,594.6361851514772,-0.4452470217622018,-0.6803160171800712,0.02225189281119788,1.8391084144604033,1.173842797046413,0,0.8019154500324268
11200411,Hauptstraße,11 - Lichtenberg,673.8314058929822,-0.13895469701172555,-0.6271489585353544,-0.29884588879918256,-0.8279878210181976,-0.3763520964080677,0,0.26716440929626367
11200512,Orankesee,11 - Lichtenberg,895.3797762959431,0.717897077376207,-0.4784142862714455,0.013265271228148296,1.764463910616072,1.130457212700162,0,0.41589340390455437
11200513,Große-Leege-Straße,11 - Lichtenberg,909.0918940298141,0.770929525276923,-0.4692087690587394,-0.3804074304281459,-1.5054527338788941,-0.7701146590187046,0,0.8621964265810752
11200514,Landsberger Allee,11 - Lichtenberg,603.6373253475816,-0.41043456552739155,-0.6742731759051204,-0.2879627989447761,-0.7375909087895008,-0.32381074830938084,0,0.8478201323960158
11200515,Weiße Taube,11 - Lichtenberg,608.2355627527644,-0.3926506031695481,-0.671186187126067,-0.06380371985574676,1.1243149349330044,0.7583837719471201,0,0.7845732728929015
11300616,Hohenschönhauser Straße,11 - Lichtenberg,600.016326871269,-0.4244389969923633,-0.6767041033845819,-0.28768437737902375,-0.7352782889197217,-0.32246658552104795,0,0.6451122990560533
11300617,Fennpfuhlpark,11 - Lichtenberg,799.6524762720483,0.34766593221521314,-0.542680020069741,-0.22323452927397724,-0.19994619663291477,-0.011315804860749066,0,0.999999999999868
11300618,Storkower Bogen,11 - Lichtenberg,733.8665427106743,0.09323483981176114,-0.5868448642977963,-0.2758503749682405,-0.6369829250522052,-0.26533442467484186,0,0.9401726601722418
11300619,Rudolf-Seiffert-Park,11 - Lichtenberg,799.9999999999999,0.34901000133382437,-0.542446712879592,-0.22314355131420985,-0.1991905172483042,-0.010876581743289303,0,1.0
11300620,Fennpfuhl Ost,11 - Lichtenberg,799.99999401273,0.34900997817769447,-0.5424467168990963,-0.22314355281102724,-0.19919052968114012,-0.010876588969619757,0,0.9572965447003409
11300721,Herzbergstraße,11 - Lichtenberg,513.0194499289682,-0.7609047007961716,-0.735108739611253,-0.17141561466388394,0.23047107809888612,0.23885539348901721,0,0.13236375585191149
11300722,Rathaus Lichtenberg,11 - Lichtenberg,840.2045744632601,0.5045036341901545,-0.5154557032168867,-0.2507462065158729,-0.4284631625102965,-0.1441365965736738,0,0.8590886677286886
11300723,Bornitzstraße,11 - Lichtenberg,711.6632124286639,0.0073621118162514225,-0.601750887062286,-0.05799715307507617,1.1725453285660976,0.7864166973904362,0,0.2893300817541252
11300724,Roedeliusplatz,11 - Lichtenberg,939.2606793948972,0.8876091344484232,-0.4489552036828603,-0.2877092725052808,-0.7354850723399898,-0.3225867741358742,0,0.7774227126200873
11300725,Nibelungenviertel,11 - Lichtenberg,925.8301303399992,0.83566567050977,-0.45797169208388677,-0.27785515319056886,-0.6536349754741213,-0.2750130868791581,0,0.974551377366977
11300826,Frankfurter Allee Süd,11 - Lichtenberg,831.8831072896244,0.47231985463776205,-0.5210422516106954,-0.22671849434635602,-0.22888464050032006,-0.02813568084086001,0,0.4390360980203544
11400927,Victoriastadt,11 - Lichtenberg,1300.089190242588,2.2831353087428075,-0.20671595720683053,-0.14296344392281676,0.4667999530419495,0.37621669685677445,0,0.7499581727079416
11400928,Nöldnerplatz,11 - Lichtenberg,694.7374524304274,-0.0580992926660962,-0.6131138565193687,-0.25397399413021055,-0.45527375008878757,-0.15971969980100562,0,0.37676026119868294
11400929,Weitlingkiez,11 - Lichtenberg,1465.9986276172353,2.9248001313890053,-0.09533402400404908,-0.2756626682949288,-0.6354237994822525,-0.26442821496832886,0,0.9999656442758363
11400930,Zachertstraße,11 - Lichtenberg,600.0,-0.4245021421583225,-0.6767150642950273,-0.3436804614088855,-1.2003918881746831,-0.5928043096909038,0,0.9920662785846261
11400931,Massower Straße,11 - Lichtenberg,785.968846400178,0.2947436628504954,-0.5518664121911162,-0.22123209480443334,-0.1833136138454276,-0.0016484578189972334,0,1.0
11401032,Rosenfelder Ring,11 - Lichtenberg,703.7503734189439,-0.02324127350133241,-0.6070631063065403,-0.45960495232692106,-2.1632816713947576,-1.152464214365996,0,1.0
11401033,Gensinger Straße,11 - Lichtenberg,495.6211599437967,-0.8281936436938114,-0.7467889381800362,-0.22667892107852713,-0.22855593778203073,-0.02794462913879599,0,0.9706609263448247
11401034,Tierpark,11 - Lichtenberg,618.2567018813908,-0.35389323913146403,-0.6644585779755401,-0.19239050632783247,0.0562498352241265,0.13759287530797346,0,0.1519974913011726
11401135,Dolgenseestraße,11 - Lichtenberg,600.0813971559729,-0.42418733371536854,-0.6766604189853153,-0.2231730970612971,-0.19943592956612088,-0.011019222611215077,0,0.9344767262464132
11401136,Volkradstraße,11 - Lichtenberg,600.0,-0.4245021421583225,-0.6767150642950273,-0.2231435513142097,-0.19919051724830306,-0.010876581743288634,0,0.8961067839820797
11401137,Erieseering,11 - Lichtenberg,641.4364748876933,-0.2642440596126316,-0.6488970284368389,-0.20753416828442875,-0.06953615928893157,0.06448235017266832,0,0.8738620655119883
11501238,Rummelsburg,11 - Lichtenberg,1607.1517921109132,3.4707185655300274,-0.0005720105358596678,-0.05209170023079045,1.221597087724317,0.8149270246709159,0,0.21850956861506873
11501339,Karlshorst West,11 - Lichtenberg,714.99306045782,0.020240501248929593,-0.5995154210355924,-0.43077363394549567,-1.923803527592786,-1.0132724631732775,0,1.0
11501340,Karlshorst Nord,11 - Lichtenberg,628.4499965524487,-0.31447005308017834,-0.6576153936206667,-0.048617973587625485,1.2504504893473427,0.8316974715936082,0,0.6091703714475724
11501341,Karlshorst Süd,11 - Lichtenberg,578.8178911481974,-0.5064252342665315,-0.6909354984701964,-0.2723188255424447,-0.6076492369410379,-0.24828482109802977,0,0.9393853013363633
12100101,Letteplatz,12 - Reinickendorf,683.1441992024166,0.5949902447751042,-0.620896891511702,-0.3810541367427132,-0.9552165823217544,-0.7732368257972452,0,0.9239233477013196
12100102,Hausotterplatz,12 - Reinickendorf,820.4155046520725,1.5475294823143912,-0.5287409321148523,-0.19796101612419517,-0.17927797618528296,0.1106995850555426,0,0.8226404981580663
12100103,Breitkopfbecken,12 - Reinickendorf,650.0,0.3649993509484341,-0.6431479764411684,-0.4307829160924544,-1.165964422563676,-1.0133172754941335,0,0.9887779749928712
12100204,Schäfersee,12 - Reinickendorf,607.9628568248219,0.0732994346603982,-0.6713692660028973,-0.35917035095862415,-0.8624742980626167,-0.6675863513473466,0,0.83925983679933
12100205,Teichstraße,12 - Reinickendorf,680.7203948786961,0.5781712255715027,-0.6225240925651999,-0.33318244574967043,-0.752338980710869,-0.5421220216205765,0,0.3765977719282156
12100206,Humboldtstraße,12 - Reinickendorf,630.8359325425643,0.23201798135876306,-0.6560136151607888,-0.4112136430360359,-1.083030916339054,-0.9188407985513991,0,0.5214141532131901
12200307,Reinickes Hof,12 - Reinickendorf,716.9668130618902,0.8296887253625447,-0.5981903584943402,-0.1831716593410308,-0.11660149304262313,0.18209959675215603,0,0.5795447341325879
12200308,Meller Bogen,12 - Reinickendorf,531.9850504107227,-0.45391811859683295,-0.7223763400598083,-0.48598118963105824,-1.3998916792841674,-1.2798033326007985,0,1.0
12200309,Scharnweberstraße,12 - Reinickendorf,637.5511286556392,0.2786153948861016,-0.6515054236031192,-0.45012080335278165,-1.2479173284714087,-1.106676668794248,0,1.0
12200310,Klixstraße,12 - Reinickendorf,525.5865045828012,-0.49831826431063453,-0.7266719510586638,-0.6432082148178768,-2.066211191226032,-2.0388634865989657,0,1.0
12200411,Schumacher-Quartier,12 - Reinickendorf,370.6564871427858,-1.5733930601745412,-0.8306829411908413,-0.568809707323645,-1.750914395755556,-1.679682598397947,0,0.8445857803972978
12200412,Waldidyll/Flughafensee,12 - Reinickendorf,554.040938666497,-0.3008701169508366,-0.7075693012842789,0.038554428554724275,0.823061510158843,1.2525481295255982,0,0.19661125695385417
12200413,Tegel Süd,12 - Reinickendorf,594.5516847207971,-0.019762022055776346,-0.6803727458476777,-0.38623593931350686,-0.977176777497156,-0.7982535164883089,0,0.7448440284968673
12200414,TXL,12 - Reinickendorf,319.6180109414446,-1.9275541213427292,-0.8649472014823915,0.1601228570332789,1.3382618444214864,1.839455818789588,0,0.9819631843612594
12200515,Alt-Tegel,12 - Reinickendorf,1184.7456716175016,4.075652736602864,-0.28415087766806013,-0.34256787413327255,-0.7921139115950245,-0.5874329642255827,0,0.3611997252681319
12400616,Konradshöhe/Tegelort,12 - Reinickendorf,650.0000579644359,0.3649997531694182,-0.6431479375272222,0.1313360912371382,1.2162651093635155,1.7004791584326024,0,0.7105949259257484
12400617,Alt-Heiligensee,12 - Reinickendorf,670.0,0.503781339568573,-0.6297211412996249,0.061557892999433365,0.9205489311894078,1.3636041852077871,0,0.4287335018482113
12400618,Heiligensee Nord,12 - Reinickendorf,502.91489726530676,-0.6556388017474732,-0.7418923477509544,0.07507884798155988,0.9778499970460796,1.4288806105471357,0,0.34891701389055535
12400619,Heiligensee,12 - Reinickendorf,669.6176985568551,0.5011285118419729,-0.629977796222199,0.06099716729485922,0.918172606398163,1.3608971153566654,0,0.11656468437813472
12400720,Frohnau West,12 - Reinickendorf,749.9956521450831,1.0588791238515485,-0.5760167196300102,3.2206571285183463e-06,0.6596836048618794,1.0664307252893086,0,0.9877828711762161
12400721,Frohnau Ost,12 - Reinickendorf,685.1513980815771,0.6089183973754042,-0.6195493750893631,0.007029611000496442,0.6894610618782095,1.1003527112185776,0,0.5309333360111659
12400722,Hermsdorf West,12 - Reinickendorf,658.3786015460572,0.42313930016931356,-0.6375230713573888,0.07868329613826335,0.9931254507013317,1.4462821543953055,0,0.7145164372217248
12400723,Hermsdorf Ost/Waldsee,12 - Reinickendorf,660.0019743729029,0.4344040456283903,-0.6364332333914229,0.0787789107156509,0.9935306600377273,1.4467437621612098,0,0.7769091733132679
12500824,Ziekowstraße/Freie Scholle,12 - Reinickendorf,579.5277419845311,-0.12401465454848068,-0.6904589459624694,-0.13760683718372357,0.07649972492865069,0.4020773065798959,0,0.6931379463086984
12500825,Borsigwalde,12 - Reinickendorf,570.5023700123995,-0.18664260806492472,-0.6965180550405153,-0.27130645775573486,-0.4901119362695528,-0.24339731497642209,0,0.4035024011718409
12500926,Wittenau Mitte,12 - Reinickendorf,504.32168526665976,-0.6458769599277373,-0.7409479122222911,0.1959047174310163,1.4899034068581152,2.012203375588904,0,1.0
12500927,Wittenau Nord,12 - Reinickendorf,464.50108021118103,-0.9221960978105619,-0.7676811471881123,0.05211042878119668,0.8805110958395125,1.3179937461890114,0,0.6012610871597391
12500928,Waidmannslust,12 - Reinickendorf,519.880217275813,-0.5379147593157185,-0.7305028200057245,0.08004325851058143,0.9988888966681148,1.4528477766001198,0,0.7136564131711871
12500929,Lübars,12 - Reinickendorf,476.4979000459719,-0.8389489721210718,-0.7596271810808856,0.07500232105463862,0.977525680125779,1.4285111540820983,0,0.31055235387764246
12500930,Wittenau Süd,12 - Reinickendorf,502.92955025825006,-0.6555371231724779,-0.7418825105849254,0.05506377415314993,0.8930272115931333,1.3322518979932634,0,0.9176763233333192
12601031,Lübarser Straße,12 - Reinickendorf,474.10849579716586,-0.8555292857844073,-0.7612312879276466,-0.08998368493878663,0.2783240329525096,0.6319922161443784,0,0.5621345746770406
12601032,Rollbergesiedlung,12 - Reinickendorf,537.2600130121052,-0.41731462861099655,-0.7188350373984796,-0.24647694032637618,-0.38488580281301693,-0.12352544624879791,0,0.8133789853063249
12601133,Treuenbrietzener Straße,12 - Reinickendorf,549.9985269642417,-0.3289208136938523,-0.7102831410593003,-0.31015760655425934,-0.6547609746588124,-0.4309627729819588,0,0.47815500229344926
12601134,Märkisches Zentrum,12 - Reinickendorf,549.669954940799,-0.3312008076347682,-0.7105037251788446,-0.3088852797734527,-0.6493689235237718,-0.4248202376193039,0,0.9999967733025097
12601235,Dannenwalder Weg,12 - Reinickendorf,543.8284009430797,-0.37173593165653857,-0.7144254043037347,-0.28599670175392855,-0.5523683848638874,-0.314318830271201,0,0.9919383450034487
12601236,Schorfheidestraße,12 - Reinickendorf,478.5184895613884,-0.8249279005643467,-0.7582706749652741,0.06991954411882058,0.955985150161802,1.4039725390503879,0,0.9999999999999829
