plr_id,wohnungen_gesamt,vor_1919,y1919_1948,y1949_1978,y1979_1990,y1991_2000,y2001_2010,y2011_plus,anteil_vor_1919,anteil_y1919_1948,anteil_y1949_1978,anteil_y1979_1990,anteil_y1991_2000,anteil_y2001_2010,anteil_y2011_plus,baualter_unsicher
01100101,2065.0,244,17,1160,307,130,0,212,0.11815980629539952,0.008232445520581114,0.5617433414043583,0.1486682808716707,0.06295399515738499,0.0,0.10266343825665859,0
01100102,1163.0,266,18,24,97,412,264,82,0.22871883061049011,0.015477214101461736,0.02063628546861565,0.08340498710232158,0.354256233877902,0.22699914015477213,0.0705073086844368,0
01100103,2897.0,938,147,741,545,144,108,269,0.3237832240248533,0.05074214704867104,0.2557818432861581,0.18812564722126338,0.04970659302726959,0.03727994477045219,0.09285467725233,0
01100104,2498.0,694,77,810,432,11,188,286,0.277822257806245,0.030824659727782224,0.32425940752602084,0.17293835068054444,0.004403522818254604,0.07526020816653323,0.11449159327461969,0
01100205,1362.0,230,6,57,417,307,238,108,0.16886930983847284,0.004405286343612335,0.04185022026431718,0.30616740088105726,0.22540381791483113,0.17474302496328928,0.07929515418502203,0
01100206,1254.0,407,5,25,312,170,201,138,0.32456140350877194,0.003987240829346092,0.019936204146730464,0.24880382775119617,0.13556618819776714,0.16028708133971292,0.11004784688995216,0
01100207,4589.0,62,14,2229,814,253,223,992,0.013510568751361952,0.003050773589017215,0.48572673785138376,0.1773806929614295,0.05513183700152539,0.04859446502505992,0.21616910002179124,0
01100308,4844.0,1682,154,484,395,802,421,903,0.347233691164327,0.031791907514450865,0.09991742361684558,0.08154417836498762,0.16556564822460776,0.08691164327002478,0.18641618497109827,0
01100309,7478.0,4015,155,101,1600,857,330,421,0.5369082642417758,0.020727467237229204,0.013506285102968708,0.21396095212623698,0.11460283498261567,0.04412944637603637,0.0562984755282161,0
01100310,6106.0,649,579,2273,1975,254,87,298,0.1062888961677039,0.09482476252866033,0.37225679659351457,0.32345234195872913,0.041598427775958076,0.014248280379954143,0.04880445463478546,0
01100311,4861.0,33,0,4439,164,0,3,223,0.0067887265994651304,0.0,0.9131865871219914,0.03373791400946307,0.0,0.0006171569635877391,0.045875334293355274,0
01100312,5942.0,602,87,2910,492,330,286,1240,0.10131268933019186,0.014641534836755302,0.4897340962638842,0.08280040390440929,0.055536856277347696,0.04813194210703467,0.20868394479973074,0
01100313,5980.0,646,48,2113,904,865,414,991,0.10802675585284281,0.008026755852842809,0.35334448160535115,0.15117056856187291,0.14464882943143811,0.06923076923076923,0.1657190635451505,0
01100414,2942.0,714,26,423,52,116,212,1403,0.24269204622705642,0.008837525492861998,0.14377974167233173,0.017675050985723997,0.03942895989123046,0.07205982324949015,0.4768864717878994,0
01100415,7877.0,4532,161,841,719,510,461,644,0.5753459438872667,0.020439253522914817,0.10676653548305193,0.09127840548432144,0.06474546147010284,0.05852481909356354,0.08175701409165927,0
01100416,7871.0,4893,277,838,456,216,475,721,0.6216490916020836,0.03519247871934951,0.10646677677550502,0.05793418879430822,0.02744251048151442,0.0603481133274044,0.09160208359801804,0
01200517,2079.0,1252,216,419,23,103,3,64,0.6022126022126022,0.1038961038961039,0.20153920153920155,0.011063011063011063,0.04954304954304954,0.001443001443001443,0.030784030784030785,0
01200518,3790.0,2325,84,1067,121,59,0,140,0.6134564643799473,0.02216358839050132,0.2815303430079156,0.031926121372031664,0.015567282321899736,0.0,0.036939313984168866,0
01200519,5310.0,3262,35,1653,153,63,3,143,0.6143126177024482,0.006591337099811676,0.3112994350282486,0.0288135593220339,0.011864406779661017,0.0005649717514124294,0.026930320150659135,0
01200520,5659.0,3073,97,1574,332,257,10,318,0.5430288036755611,0.01714083760381693,0.2781410143134829,0.058667609118218764,0.045414384166813926,0.0017670966601873123,0.05619367379395653,0
01200521,2826.0,1513,165,778,137,52,0,180,0.5353857041755131,0.058386411889596604,0.27530077848549184,0.04847841472045294,0.01840056617126681,0.0,0.06369426751592357,0
01200522,6862.0,3404,668,2059,278,111,150,195,0.49606528708831243,0.09734771203730691,0.3000582920431361,0.04051296997959779,0.016176041970271057,0.02185951617604197,0.02841737102885456,0
01200623,6020.0,3717,185,1362,221,322,11,201,0.6174418604651163,0.030730897009966777,0.22624584717607973,0.0367109634551495,0.053488372093023255,0.0018272425249169434,0.033388704318936875,0
01200624,3236.0,250,41,363,65,298,4,2209,0.07725587144622992,0.012669962917181705,0.11217552533992584,0.020086526576019777,0.09208899876390605,0.0012360939431396785,0.6826328800988876,0
01200625,3347.0,1458,12,1370,354,69,0,81,0.4356139826710487,0.00358530026889752,0.40932178069913355,0.10576635793247685,0.020615476546160742,0.0,0.02420077681505826,0
01200626,3472.0,1347,12,1574,104,285,40,118,0.3879608294930876,0.0034562211981566822,0.4533410138248848,0.029953917050691243,0.0820852534562212,0.01152073732718894,0.03398617511520737,0
01200627,1358.0,76,0,409,856,10,0,11,0.055964653902798235,0.0,0.3011782032400589,0.6303387334315169,0.007363770250368188,0.0,0.008100147275405008,0
01200628,2151.0,444,0,721,78,734,0,173,0.20641562064156208,0.0,0.33519293351929336,0.03626220362622036,0.3412366341236634,0.0,0.0804277080427708,0
01200629,3893.0,608,6,2850,186,51,20,172,0.15617775494477268,0.0015412278448497304,0.7320832263036219,0.04777806319034164,0.013100436681222707,0.005137426149499101,0.04418186488569227,0
01300730,3289.0,1395,442,666,671,84,0,24,0.4241410763149894,0.13438735177865613,0.20249315901489814,0.2040133779264214,0.025539677713590756,0.0,0.007297050775311645,0
01300731,4363.0,2119,525,1394,76,165,0,87,0.4856749942699977,0.12033004813201925,0.3195049278019711,0.017419206967682788,0.03781801512720605,0.0,0.01994040797616319,0
01300732,4584.0,2319,557,1348,151,94,0,108,0.5058900523560209,0.12150959860383945,0.2940663176265271,0.03294066317626527,0.02050610820244328,0.0,0.02356020942408377,0
01300733,5789.0,2527,735,1477,298,222,0,527,0.4365175332527207,0.12696493349455865,0.2551390568319226,0.05147693902228364,0.03834859215754016,0.0,0.09103472102262912,0
01300834,6397.0,230,0,2717,2664,0,190,598,0.035954353603251527,0.0,0.42473034234797563,0.4164452086915742,0.0,0.029701422541816475,0.09348131936845397,0
01300835,5284.0,469,3,2979,1051,241,0,550,0.08875851627554883,0.0005677517032551098,0.563777441332324,0.19890234670704013,0.045609386828160486,0.0,0.10408781226343679,0
01300836,7591.0,3068,172,2442,980,202,19,709,0.4041628243973126,0.022658411276511657,0.32169674614675275,0.12910025029640362,0.026610459754972993,0.002502964036358846,0.09340007904096957,0
01400937,6225.0,1144,3678,1205,89,59,0,49,0.18377510040160644,0.5908433734939759,0.19357429718875502,0.01429718875502008,0.009477911646586346,0.0,0.0078714859437751,0
01400938,5135.0,2990,256,1339,370,76,4,99,0.5822784810126582,0.0498539435248296,0.2607594936708861,0.07205452775073028,0.014800389483933788,0.0007789678675754625,0.019279454722492696,0
01400939,3126.0,1747,830,357,32,31,0,128,0.5588611644273832,0.2655150351887396,0.11420345489443379,0.010236724248240563,0.009916826615483045,0.0,0.04094689699296225,0
01400940,3855.0,36,679,2974,86,6,0,75,0.00933852140077821,0.1761348897535668,0.7714656290531777,0.02230869001297017,0.0015564202334630351,0.0,0.019455252918287938,0
01400941,2129.0,72,378,1628,25,23,0,0,0.033818694222639736,0.17754814466885863,0.7646782527007985,0.011742602160638797,0.010803193987787695,0.0,0.0,0
01400942,4731.0,2754,983,335,323,113,0,228,0.5821179454660749,0.20777848235045446,0.07080955400549567,0.06827309236947791,0.023885013739167196,0.0,0.04819277108433735,0
01401043,3524.0,1741,102,610,776,191,0,101,0.49404086265607267,0.02894438138479001,0.17309875141884223,0.22020431328036322,0.05419977298524404,0.0,0.02866061293984109,0
01401044,4898.0,2174,65,1876,551,18,0,211,0.44385463454471213,0.013270722743977134,0.38301347488770926,0.1124948958758677,0.0036749693752552064,0.0,0.043078807676602694,0
01401045,2637.0,1168,90,615,240,320,0,206,0.4429275692074327,0.034129692832764506,0.23321956769055746,0.09101251422070535,0.12135001896094046,0.0,0.07811907470610542,0
01401046,5217.0,3579,100,544,405,441,34,108,0.6860264519838988,0.019168104274487254,0.10427448725321066,0.07763082231167337,0.08453133985048879,0.006517155453325666,0.020701552616446232,0
01401047,4563.0,2083,77,1057,293,439,0,612,0.45649791803637957,0.01687486302870918,0.23164584703046243,0.06421214113521806,0.09620863467017313,0.0,0.1341222879684418,0
01401048,4992.0,3181,235,1079,308,126,0,69,0.6372195512820513,0.04707532051282051,0.21614583333333334,0.06169871794871795,0.025240384615384616,0.0,0.013822115384615384,0
01401049,3626.0,2070,26,1100,144,284,0,0,0.5708769994484281,0.007170435741864313,0.3033645890788748,0.039713182570325425,0.07832322118036404,0.0,0.0,0
02100101,3132.0,313,15,1901,429,228,3,242,0.09993614303959132,0.004789272030651341,0.6069604086845466,0.13697318007662834,0.07279693486590039,0.0009578544061302681,0.0772669220945083,0
02100102,4078.0,332,87,2563,369,365,126,234,0.08141245708680726,0.0213339872486513,0.6284943599803825,0.09048553212358999,0.0895046591466405,0.03089749877390878,0.057381069151544874,0
02100103,2540.0,126,0,1394,795,199,0,23,0.049606299212598425,0.0,0.5488188976377952,0.31299212598425197,0.07834645669291339,0.0,0.00905511811023622,0
02100104,2491.0,340,0,1859,144,150,3,0,0.13649136892814132,0.0,0.7462866318747491,0.05780810919309514,0.060216780409474105,0.0012043356081894822,0.0,0
02100105,4526.0,451,9,3735,112,0,209,7,0.0996464869642068,0.001988510826336721,0.8252319929297393,0.024745912505523642,0.0,0.04617764030048608,0.0015466195315952276,0
02100106,2148.0,480,0,1287,319,10,50,0,0.22346368715083798,0.0,0.5991620111731844,0.14851024208566108,0.004655493482309125,0.023277467411545624,0.0,0
02200207,1089.0,293,0,77,0,11,0,706,0.26905417814508725,0.0,0.0707070707070707,0.0,0.010101010101010102,0.0,0.6483011937557392,0
02200208,3074.0,1878,26,938,219,7,0,7,0.6109303838646715,0.008458035133376708,0.30513988288874433,0.0712426805465192,0.002277163305139883,0.0,0.002277163305139883,0
02200209,6058.0,4026,3,1619,140,109,59,97,0.6645757675800594,0.0004952129415648729,0.2672499174645097,0.023109937273027403,0.017992736876857048,0.009739187850775833,0.016011885110597555,0
02200210,6819.0,4698,83,1630,233,15,55,100,0.6889573251209855,0.0121718727086083,0.2390379821088136,0.03416923302537029,0.002199736031676199,0.00806569878281273,0.014664906877841326,0
02200211,8487.0,6886,182,1069,110,184,0,56,0.8113585483680924,0.021444562271709672,0.12595734652998705,0.012960999175209143,0.02168021680216802,0.0,0.006598326852833745,0
02200212,4583.0,2800,23,824,855,41,38,0,0.6109535238926468,0.005018546803403884,0.17979489417412176,0.18655902247436176,0.008946105171285185,0.008291512109971635,0.0,0
02200213,5810.0,4462,137,941,218,25,0,21,0.767986230636833,0.023580034423407916,0.16196213425129088,0.03752151462994836,0.004302925989672977,0.0,0.0036144578313253013,0
02300314,3597.0,2582,22,664,300,12,6,11,0.7178204058938004,0.0061162079510703364,0.1845982763413956,0.08340283569641367,0.003336113427856547,0.0016680567139282735,0.0030581039755351682,0
02300315,4185.0,2445,97,1208,372,25,30,5,0.5842293906810035,0.02317801672640382,0.28864994026284346,0.08888888888888889,0.005973715651135006,0.007168458781362007,0.0011947431302270011,0
02300316,2408.0,1146,0,1097,115,0,6,38,0.47591362126245845,0.0,0.45556478405315615,0.04775747508305648,0.0,0.0024916943521594683,0.015780730897009966,0
02300417,4257.0,2744,87,1010,337,30,3,43,0.6445853887714352,0.0204369274136716,0.23725628376791166,0.07916373032652102,0.007047216349541931,0.0007047216349541931,0.010101010101010102,0
02300418,4388.0,2945,77,1073,187,36,0,72,0.6711485870556062,0.01754785779398359,0.24453053783044668,0.042616226071103006,0.008204193254329991,0.0,0.016408386508659983,0
02300419,5672.0,4349,69,1086,86,39,31,8,0.7667489421720733,0.012165021156558533,0.19146685472496475,0.015162200282087448,0.006875881523272214,0.005465444287729196,0.0014104372355430183,0
02400520,2899.0,219,0,2322,228,20,0,117,0.07554329078992757,0.0,0.8009658502932046,0.07864780958951363,0.006898930665746809,0.0,0.04035874439461883,0
02400521,4572.0,912,79,2348,420,310,113,392,0.1994750656167979,0.01727909011373578,0.5135608048993876,0.09186351706036745,0.06780402449693788,0.024715660542432197,0.0857392825896763,0
02400522,6565.0,2697,25,2404,343,544,296,255,0.4108149276466108,0.003808073115003808,0.36618431073876617,0.052246763137852245,0.08286367098248286,0.04508758568164509,0.03884234577303884,0
02400623,7249.0,389,0,5506,527,30,201,593,0.053662574148158365,0.0,0.7595530417988688,0.07269968271485722,0.004138501862325838,0.027727962477583114,0.08180438681197406,0
02400624,6980.0,2770,75,3280,303,301,84,168,0.3968481375358166,0.010744985673352435,0.4699140401146132,0.04340974212034384,0.04312320916905444,0.012034383954154728,0.024068767908309457,0
02400625,527.0,91,0,7,220,0,0,209,0.17267552182163187,0.0,0.013282732447817837,0.4174573055028463,0.0,0.0,0.396584440227704,0
02500726,5608.0,4062,147,871,166,144,15,203,0.7243223965763196,0.026212553495007132,0.15531383737517832,0.029600570613409417,0.025677603423680456,0.002674750356633381,0.03619828815977175,0
02500727,3515.0,1557,108,748,615,37,26,429,0.4429587482219061,0.030725462304409673,0.2128022759601707,0.17496443812233287,0.010526315789473684,0.007396870554765292,0.12204836415362731,0
02500728,5642.0,4512,167,187,34,323,15,402,0.7997164126196384,0.029599432825239278,0.03314427507975895,0.006026231832683446,0.057249202410492736,0.0026586316908897554,0.07125132931584545,0
02500729,3021.0,1904,27,15,395,239,25,420,0.630254882489242,0.00893743793445879,0.004965243296921549,0.13075140681893413,0.07911287653095002,0.00827540549486925,0.13902681231380337,0
02500830,2319.0,1253,69,369,178,207,39,195,0.5403191030616645,0.029754204398447608,0.1591203104786546,0.07675722294092281,0.08926261319534282,0.016817593790426907,0.08408796895213454,0
02500831,4642.0,2774,236,477,735,173,110,142,0.5975872468763465,0.05084015510555795,0.1027574321413184,0.15833692373976735,0.03726841878500646,0.023696682464454975,0.03059026281775097,0
02500832,5477.0,2988,119,620,336,336,113,964,0.5455541354756254,0.02172722293226219,0.11320065729413913,0.06134745298521088,0.06134745298521088,0.02063173270038342,0.17600876392185502,0
02500833,6019.0,5008,181,544,18,56,0,216,0.8320318989865426,0.030071440438611065,0.09038046187074265,0.0029905299883701613,0.00930387107492939,0.0,0.03588635986044193,0
02500834,6461.0,5121,154,491,69,103,104,420,0.7926017644327503,0.023835319609967497,0.07599442810710416,0.010679461383686736,0.01594180467419904,0.01609657947686117,0.06500541711809317,0
02500835,4560.0,2278,117,829,553,45,55,683,0.49956140350877193,0.025657894736842105,0.1817982456140351,0.1212719298245614,0.009868421052631578,0.01206140350877193,0.14978070175438596,0
02500836,2170.0,380,97,66,38,669,319,599,0.17511520737327188,0.04470046082949309,0.030414746543778803,0.017511520737327188,0.308294930875576,0.14700460829493087,0.276036866359447,0
03100101,2412.0,680,264,637,407,195,66,166,0.28192371475953565,0.10945273631840796,0.2640961857379768,0.16873963515754561,0.08084577114427861,0.02736318407960199,0.06882255389718077,0
03100102,1443.0,269,115,378,520,84,43,36,0.1864171864171864,0.07969507969507969,0.26195426195426197,0.36036036036036034,0.058212058212058215,0.0297990297990298,0.02494802494802495,0
03100103,4662.0,17,46,2719,1880,0,0,0,0.0036465036465036463,0.009867009867009866,0.5832260832260833,0.40326040326040324,0.0,0.0,0.0,0
03200204,1031.0,144,380,206,96,98,57,49,0.1396702230843841,0.3685741998060136,0.19980601357904948,0.09311348205625607,0.0950533462657614,0.055286129970902036,0.0475266731328807,0
03200205,4272.0,1150,868,237,168,1198,209,442,0.26919475655430714,0.20318352059925093,0.05547752808988764,0.03932584269662921,0.2804307116104869,0.04892322097378277,0.10346441947565543,0
03200206,3172.0,1299,571,209,129,505,145,318,0.40952080706179067,0.1800126103404792,0.0658890290037831,0.04066834804539723,0.15920554854981084,0.0457124842370744,0.10025220680958385,0
03200207,5666.0,1072,674,231,170,2282,503,733,0.18919872926226614,0.11895517119661136,0.040769502294387576,0.030003529827038473,0.4027532650900106,0.08877515001764913,0.12936816096011294,0
03200308,2389.0,174,221,87,43,1225,423,210,0.07283382168271244,0.09250732524068649,0.03641691084135622,0.01799916282963583,0.5127668480535789,0.17706153202176642,0.08790288823775638,0
03200309,2426.0,363,396,259,107,621,254,424,0.14962901896125308,0.16323165704863973,0.106760098928277,0.04410552349546579,0.2559769167353669,0.10469909315746084,0.17477328936521022,0
03200310,3636.0,76,162,103,36,2646,333,285,0.020902090209020903,0.04455445544554455,0.02832783278327833,0.009900990099009901,0.7277227722772277,0.09158415841584158,0.07838283828382839,0
03300411,5366.0,12,404,35,32,4502,172,208,0.0022363026462914647,0.07528885575847931,0.006522549385016773,0.005963473723443906,0.8389862094670145,0.032053671263511,0.03876257920238539,0
03300412,2309.0,123,569,163,120,831,301,204,0.05326981377219576,0.24642702468601127,0.07059333044608056,0.0519705500216544,0.3598960588999567,0.1303594629709831,0.08834993503681247,0
03300413,1338.0,30,227,97,73,548,263,98,0.02242152466367713,0.1696562032884903,0.07249626307922272,0.05455904334828102,0.40956651718983555,0.19656203288490284,0.07324364723467862,0
03300514,2859.0,128,702,360,233,813,341,282,0.04477089891570479,0.24554039874081846,0.1259181532004197,0.08149702693249387,0.28436516264428124,0.1192724728926198,0.09863588667366212,0
03300515,24.0,3,5,13,3,0,0,0,0.125,0.20833333333333334,0.5416666666666666,0.125,0.0,0.0,0.0,1
03300516,3444.0,140,1094,175,180,1045,283,528,0.04065040650406504,0.31765389082462253,0.0508130081300813,0.05226480836236934,0.3034262485481998,0.08217189314750291,0.15331010452961671,0
03300517,516.0,3,436,28,15,9,11,5,0.005813953488372093,0.8449612403100775,0.05426356589147287,0.029069767441860465,0.01744186046511628,0.02131782945736434,0.009689922480620155,0
03400618,2029.0,106,164,76,82,1095,246,262,0.05224248398225727,0.08082799408575653,0.037456875308033516,0.040413997042878264,0.5396747166091671,0.12124199112863479,0.1291276490882208,0
03400619,5193.0,1111,617,1374,169,1277,236,405,0.2139418447910649,0.11881378779125747,0.2645869439630272,0.03254380897361833,0.24590795301367224,0.04544579241286347,0.0779896013864818,0
03400620,1520.0,411,414,130,18,285,149,112,0.27039473684210524,0.2723684210526316,0.08552631578947369,0.011842105263157895,0.1875,0.09802631578947368,0.07368421052631578,0
03400721,5810.0,3494,667,350,81,406,194,614,0.6013769363166953,0.11480206540447505,0.060240963855421686,0.013941480206540447,0.06987951807228916,0.033390705679862305,0.10567986230636833,0
03400722,1737.0,702,200,114,0,370,226,123,0.40414507772020725,0.11514104778353483,0.06563039723661486,0.0,0.21301093839953944,0.13010938399539435,0.07081174438687392,0
03400723,4129.0,1920,423,841,200,132,48,561,0.4650036328408816,0.10244611286025672,0.20368127875999031,0.048437878420925166,0.03196899975781061,0.01162509082102204,0.13586824897069508,0
03400724,4478.0,771,1923,1592,5,82,42,61,0.1721750781598928,0.42943278249218403,0.3555158552925413,0.0011165698972755694,0.01831174631531934,0.009379187137114784,0.013622152746761948,0
03400725,4091.0,608,173,2490,13,287,144,374,0.1486189195795649,0.042287949156685406,0.6086531410413102,0.0031777071620630653,0.07015399657785383,0.03519921779516011,0.09142019066242972,0
03400826,3800.0,918,764,1470,73,94,10,471,0.24157894736842106,0.20105263157894737,0.3868421052631579,0.019210526315789473,0.024736842105263158,0.002631578947368421,0.12394736842105263,0
03400827,5394.0,1738,1995,421,456,335,142,306,0.3222098628105302,0.36985539488320357,0.07804968483500185,0.08453837597330367,0.06210604375231739,0.02632554690396737,0.05672969966629588,0
03400828,2996.0,921,114,1010,262,104,31,550,0.3074098798397864,0.038050734312416554,0.3371161548731642,0.08744993324432576,0.03471295060080107,0.01034712950600801,0.1835781041388518,0
03400829,3449.0,804,192,684,1295,17,0,454,0.23311104668019716,0.05566830965497246,0.19831835314583937,0.3754711510582778,0.004928964917367353,0.0,0.13163235720498695,0
03400830,5781.0,955,3996,357,44,199,3,222,0.16519633281439197,0.6912298910223145,0.06175402179553711,0.007611139941186646,0.0344231101885487,0.0005189413596263622,0.038401660612350806,0
03500932,3451.0,30,2276,757,29,235,22,107,0.008693132425383946,0.6595189800057955,0.21935670820052158,0.008403361344537815,0.06809620399884092,0.006374963778614894,0.031005505650536076,0
03500933,4069.0,839,1331,574,33,831,166,291,0.2061931678545097,0.3271073973949373,0.1410666011304989,0.00811010076185795,0.20422708282133203,0.04079626443843696,0.0715163430818383,0
03500934,6029.0,1943,792,752,41,1782,147,576,0.32227566760656823,0.13136506883396915,0.1247304693979101,0.006800464421960524,0.2955714048764306,0.024382152927517,0.09553823187925028,0
03500935,3666.0,1776,546,586,3,437,15,304,0.4844517184942717,0.14893617021276595,0.15984724495362793,0.0008183306055646482,0.11920349154391707,0.004091653027823241,0.08292416803055101,0
03500936,5245.0,2115,763,1245,88,560,192,279,0.40324118207816967,0.14547187797902764,0.23736892278360344,0.016777883698760723,0.10676835081029552,0.03660629170638704,0.05319351763584366,0
03501037,5031.0,690,1163,2303,17,522,33,294,0.13714967203339296,0.23116676605048697,0.45776187636652754,0.003379049890677798,0.1037567084078712,0.00655933214072749,0.05843768634466309,0
03501038,3926.0,120,714,1017,488,1308,128,150,0.030565461029037188,0.18186449312277128,0.25904228222109016,0.12429954151808456,0.33316352521650533,0.032603158430973,0.038206826286296486,0
03601139,2242.0,1102,434,213,187,144,30,131,0.4915254237288136,0.1935771632471008,0.09500446030330062,0.08340767172167707,0.06422836752899197,0.013380909901873328,0.058429973238180194,0
03601140,3336.0,2866,17,86,63,16,0,290,0.8591127098321343,0.005095923261390888,0.02577937649880096,0.018884892086330936,0.004796163069544364,0.0,0.08693045563549161,0
03601141,4054.0,3580,165,95,22,37,46,116,0.8830784410458806,0.04070054267390232,0.02343364578194376,0.005426739023186976,0.009126788357178096,0.011346817957572768,0.028613714849531326,0
03601142,6412.0,5233,376,319,0,103,182,202,0.816126013724267,0.058640049906425455,0.04975046787273862,0.0,0.016063630692451654,0.028384279475982533,0.03150343106674985,0
03601243,4376.0,3163,688,265,50,129,26,50,0.7228062157221207,0.15722120658135283,0.060557586837294335,0.011425959780621572,0.029478976234003657,0.005941499085923218,0.011425959780621572,0
03601244,4613.0,1781,2338,335,0,110,47,0,0.38608280945155,0.5068285280728376,0.07262085410795578,0.0,0.02384565358768697,0.010188597442011706,0.0,0
03601245,8190.0,1660,4018,1965,100,174,115,160,0.2026862026862027,0.4905982905982906,0.23992673992673993,0.01221001221001221,0.021245421245421246,0.014041514041514042,0.019536019536019536,0
03601346,3435.0,2625,190,187,0,111,39,283,0.7641921397379913,0.055312954876273655,0.05443959243085881,0.0,0.032314410480349345,0.011353711790393014,0.08238719068413392,0
03601347,5312.0,4453,384,174,0,105,96,97,0.8382906626506024,0.07228915662650602,0.03275602409638554,0.0,0.01976656626506024,0.018072289156626505,0.0182605421686747,0
03601348,4482.0,3691,342,148,11,109,114,67,0.823516287371709,0.07630522088353414,0.03302097278000892,0.0024542614904060687,0.02431950022311468,0.025435073627844713,0.01494868362338242,0
03601449,5984.0,0,547,5048,307,0,79,0,0.0,0.09141042780748664,0.8435828877005348,0.051303475935828874,0.0,0.013201871657754011,0.0,0
03601450,1636.0,4,333,869,300,104,13,13,0.0024449877750611247,0.20354523227383864,0.5311735941320294,0.18337408312958436,0.06356968215158924,0.007946210268948655,0.007946210268948655,0
03601451,3730.0,1119,1389,935,0,154,15,117,0.3,0.3723860589812332,0.25067024128686327,0.0,0.04128686327077748,0.004021447721179625,0.03136729222520107,0
03601452,2549.0,742,297,968,203,132,8,191,0.29109454688112985,0.11651628089446842,0.37975676735974895,0.0796390741467242,0.05178501373087485,0.003138485680659082,0.07493134562573558,0
03601453,1118.0,86,0,19,17,0,570,431,0.07692307692307693,0.0,0.01699463327370304,0.01520572450805009,0.0,0.5098389982110912,0.3855098389982111,0
03701554,6296.0,4534,132,610,76,373,283,282,0.7201397712833545,0.02096569250317662,0.0968869123252859,0.01207115628970775,0.059243964421855144,0.04494917407878018,0.044790343074968236,0
03701555,4158.0,3515,110,346,21,125,23,20,0.8453583453583453,0.026455026455026454,0.08321308321308321,0.005050505050505051,0.03006253006253006,0.005531505531505531,0.00481000481000481,0
03701556,4655.0,3195,137,329,0,193,277,524,0.686358754027927,0.029430719656283567,0.07067669172932331,0.0,0.04146079484425349,0.05950590762620838,0.11256713211600429,0
03701657,1806.0,0,156,0,1338,0,13,303,0.0,0.08637873754152824,0.0,0.7408637873754153,0.0,0.007198228128460687,0.16777408637873753,0
03701658,4841.0,3846,192,239,156,123,71,212,0.7944639537285685,0.039661227019210904,0.049369964883288577,0.03222474695310886,0.025407973559181986,0.014666391241479034,0.04379260483371204,0
03701659,5131.0,3272,108,1138,45,272,123,175,0.6376924576106022,0.021048528551939193,0.22178912492691483,0.008770220229974663,0.053011108945624635,0.02397193529526408,0.034106412005457026,0
03701660,7068.0,5102,307,968,111,174,258,149,0.72184493491794,0.04343520090548953,0.13695529145444255,0.015704584040747028,0.02461799660441426,0.0365025466893039,0.021080928126768535,0
04100101,6187.0,51,1810,4116,135,13,0,53,0.008243090350735413,0.29254889283982544,0.6652658800711169,0.02181994504606433,0.002101179893324713,0.0,0.008566348795862292,0
04100102,2520.0,0,0,1894,137,485,0,0,0.0,0.0,0.7515873015873016,0.054365079365079366,0.19246031746031747,0.0,0.0,0
04200203,692.0,21,367,201,36,31,0,41,0.030346820809248554,0.5303468208092486,0.2904624277456647,0.05202312138728324,0.044797687861271675,0.0,0.059248554913294796,0
04200204,1721.0,19,11,1622,12,37,0,22,0.011040092969203951,0.006391632771644393,0.9424753050552005,0.006972690296339338,0.02149912841371296,0.0,0.012783265543288786,0
04200205,1584.0,49,113,1196,22,121,40,43,0.030934343434343436,0.07133838383838384,0.7550505050505051,0.013888888888888888,0.0763888888888889,0.025252525252525252,0.027146464646464648,0
04200206,1391.0,69,185,811,92,132,47,54,0.04960460100647016,0.13299784327821712,0.5830337886412653,0.06613946800862688,0.09489575844716032,0.03378864126527678,0.038820992092020126,0
04200207,1599.0,36,629,842,35,28,18,15,0.0225140712945591,0.39337085678549094,0.5265791119449656,0.021888680425265792,0.017510944340212633,0.01125703564727955,0.009380863039399626,0
04200308,3525.0,625,793,1496,97,372,31,108,0.1773049645390071,0.2249645390070922,0.42439716312056736,0.0275177304964539,0.10553191489361702,0.008794326241134751,0.030638297872340424,0
04200309,3942.0,89,2030,1646,60,49,0,66,0.022577371892440384,0.5149670218163369,0.41755454084221205,0.015220700152207,0.012430238457635717,0.0,0.0167427701674277,0
04200310,4317.0,904,1407,1750,170,50,20,21,0.20940467917535324,0.3259207783182766,0.40537410238591615,0.039379198517489,0.011582117211026175,0.0046328468844104706,0.004864489228630994,0
04200311,4306.0,1985,1335,877,82,15,0,17,0.4609846725499303,0.3100325127728751,0.20366929865304226,0.019043195541105434,0.003483511379470506,0.0,0.003947979563399907,0
04300412,2537.0,450,22,1357,32,25,0,641,0.17737485218762317,0.008671659440283799,0.5348837209302325,0.012613322822230981,0.009854158454867954,0.0,0.25266062278281437,0
04300413,5227.0,3628,69,951,495,69,0,12,0.6940883872202028,0.013200688731585995,0.1819399273005548,0.09470059307442127,0.013200688731585995,0.0,0.0022957719533193035,0
04300414,6176.0,4224,133,1334,313,49,0,123,0.6839378238341969,0.02153497409326425,0.21599740932642486,0.0506800518134715,0.007933937823834197,0.0,0.01991580310880829,0
04300415,3909.0,1855,428,1095,278,60,65,123,0.4745459196725505,0.10949091839345101,0.28012279355333847,0.07111793297518547,0.015349194167306216,0.0166282936812484,0.031465848042977744,0
04300416,6974.0,4741,131,1599,223,35,158,80,0.6798107255520505,0.018784055061657586,0.22928018353885862,0.031975910524806424,0.005018640665328362,0.02265557786062518,0.011471178663607686,0
04300517,5792.0,2634,1370,1487,167,20,0,114,0.45476519337016574,0.23653314917127072,0.2567334254143646,0.028832872928176795,0.003453038674033149,0.0,0.01968232044198895,0
04300518,3274.0,1639,626,519,223,131,12,124,0.5006108735491753,0.1912034208918754,0.15852168601099573,0.06811240073304826,0.040012217470983505,0.0036652412950519244,0.037874160048869884,0
04300619,5049.0,1766,76,2697,456,46,0,9,0.3497722321251733,0.015052485640720936,0.5341651812240048,0.0903149138443256,0.009110714993067934,0.0,0.0017825311942959,0
04300620,2073.0,906,242,415,210,47,0,251,0.4370477568740955,0.11673902556681139,0.2001929570670526,0.10130246020260492,0.022672455378678243,0.0,0.12108055957549445,0
04300621,6178.0,2727,124,2579,489,119,0,144,0.4414049854321787,0.020071220459695695,0.41744901262544515,0.07915182907089673,0.019261897054062803,0.0,0.02330851408222726,0
04300622,2907.0,599,208,1336,273,142,7,344,0.20605435156518748,0.0715514275885793,0.45958032335741317,0.09391124871001032,0.048847609219126245,0.002407980736154111,0.11833505331957345,0
04300623,7199.0,3692,206,2522,296,149,41,295,0.5128490068065009,0.02861508542853174,0.35032643422697596,0.04111682178080289,0.020697319072093347,0.005695235449367968,0.04097791359911099,0
04300624,5680.0,3032,98,2055,283,111,39,66,0.5338028169014084,0.017253521126760565,0.3617957746478873,0.049823943661971834,0.019542253521126762,0.006866197183098592,0.011619718309859155,0
04400725,72.0,50,3,19,0,3,0,0,0.6944444444444444,0.041666666666666664,0.2638888888888889,0.0,0.041666666666666664,0.0,0.0,0
04400726,2859.0,801,190,1280,235,103,68,181,0.2801678908709339,0.0664568030779993,0.44770898915704793,0.08219657222805177,0.0360265827212312,0.02378454004896817,0.06330884924798881,0
04400727,4869.0,648,1423,2291,103,221,35,143,0.133086876155268,0.2922571369891148,0.4705278291230232,0.02115424111727254,0.04538919696036147,0.007188334360238242,0.029369480386116247,0
04400728,1782.0,533,141,754,152,80,39,77,0.2991021324354658,0.07912457912457913,0.42312008978675647,0.08529741863075196,0.04489337822671156,0.021885521885521887,0.043209876543209874,0
04400729,1495.0,279,146,677,119,112,96,69,0.1866220735785953,0.09765886287625418,0.4528428093645485,0.07959866220735785,0.07491638795986622,0.06421404682274247,0.046153846153846156,0
04400830,3983.0,251,1576,1243,53,84,51,720,0.06301782575947779,0.39568164699974895,0.3120763243786091,0.013306552849610846,0.0210896309314587,0.012804418779814211,0.18076826512678884,0
04400831,861.0,73,180,393,127,28,21,39,0.08478513356562137,0.20905923344947736,0.4564459930313589,0.14750290360046459,0.032520325203252036,0.024390243902439025,0.04529616724738676,0
04400832,4065.0,876,1396,990,584,39,50,128,0.2154981549815498,0.34341943419434195,0.24354243542435425,0.14366543665436654,0.00959409594095941,0.012300123001230012,0.03148831488314883,0
04400833,2515.0,0,614,547,1351,0,0,0,0.0,0.2441351888667992,0.21749502982107355,0.5371769383697813,0.0,0.0,0.0,0
04400834,2218.0,476,1141,499,84,16,6,3,0.2146077547339946,0.5144274120829576,0.2249774571686204,0.03787195671776375,0.007213706041478809,0.002705139765554554,0.001352569882777277,0
04400835,5871.0,827,2962,1829,35,120,66,30,0.14086186339635495,0.5045137114631238,0.3115312553227729,0.005961505706012604,0.020439448134900357,0.011241696474195196,0.005109862033725089,0
04500936,3133.0,1652,85,1136,170,11,12,71,0.5272901372486435,0.027130545802744974,0.3625917650813916,0.05426109160548995,0.0035110118097669966,0.003830194701563996,0.022661985317586977,0
04500937,4720.0,2391,375,1470,64,79,0,340,0.5065677966101695,0.07944915254237288,0.3114406779661017,0.013559322033898305,0.01673728813559322,0.0,0.07203389830508475,0
04500938,4775.0,2372,288,1711,174,73,19,147,0.4967539267015707,0.06031413612565445,0.35832460732984295,0.03643979057591623,0.015287958115183246,0.003979057591623036,0.030785340314136125,0
04500939,3920.0,471,1052,1950,156,70,3,211,0.1201530612244898,0.2683673469387755,0.49744897959183676,0.03979591836734694,0.017857142857142856,0.0007653061224489796,0.0538265306122449,0
04501040,3587.0,2382,189,545,146,39,51,234,0.664064678003903,0.052690270420964594,0.15193755227209368,0.040702536938946196,0.010872595483691107,0.014218009478672985,0.06523557290214664,0
04501041,3218.0,2084,38,564,152,157,24,199,0.6476072094468615,0.011808576755748913,0.1752641392169049,0.04723430702299565,0.048788067122436295,0.0074580484773151025,0.061839651957737725,0
04501042,2148.0,1117,32,468,255,189,34,55,0.5200186219739292,0.0148975791433892,0.21787709497206703,0.11871508379888268,0.08798882681564246,0.015828677839851025,0.025605214152700187,0
04501043,6296.0,2016,939,2581,123,128,142,369,0.3202033036848793,0.14914231257941551,0.4099428208386277,0.019536213468869124,0.020330368487928845,0.02255400254129606,0.05860864040660737,0
04501044,3185.0,1061,310,1315,123,267,26,87,0.33312401883830456,0.09733124018838304,0.41287284144427,0.038618524332810045,0.08383045525902669,0.00816326530612245,0.027315541601255888,0
04501045,5448.0,2336,110,2598,195,121,8,77,0.4287812041116006,0.020190895741556535,0.47687224669603523,0.03579295154185022,0.022209985315712187,0.0014684287812041115,0.014133627019089575,0
04501146,2552.0,771,866,681,123,6,0,104,0.302115987460815,0.3393416927899687,0.26684952978056425,0.048197492163009406,0.0023510971786833857,0.0,0.04075235109717868,0
04501147,3158.0,1657,376,1034,43,35,0,10,0.5246991766941101,0.11906269791006967,0.32742241925269155,0.013616212792906902,0.011082963901203294,0.0,0.0031665611146295125,0
04501148,2464.0,1073,204,953,44,165,3,25,0.4354707792207792,0.08279220779220779,0.3867694805194805,0.017857142857142856,0.06696428571428571,0.0012175324675324675,0.010146103896103896,0
04501149,5736.0,2908,226,2128,161,45,11,259,0.50697350069735,0.03940027894002789,0.37099023709902373,0.02806834030683403,0.007845188284518828,0.0019177126917712692,0.0451534170153417,0
04501150,1909.0,569,196,999,61,12,57,20,0.2980618124672603,0.10267155578837088,0.5233106338397067,0.03195390256678889,0.006286013619696176,0.029858564693556838,0.010476689366160294,0
04501151,4111.0,2262,1002,731,98,23,0,0,0.5502310873266845,0.2437363171977621,0.17781561663828752,0.02383848212113841,0.005594745803940647,0.0,0.0,0
04501152,4178.0,1541,41,2425,60,37,12,61,0.3688367640019148,0.009813307802776448,0.580421254188607,0.014360938247965534,0.008855911919578746,0.0028721876495931067,0.01460028721876496,0
04501153,4274.0,1855,94,1727,214,125,40,220,0.4340196537201685,0.021993448759943846,0.4040711277491811,0.0500701918577445,0.02924660739354235,0.009358914365933552,0.05147402901263454,0
05100101,1888.0,353,414,223,35,629,40,190,0.18697033898305085,0.21927966101694915,0.11811440677966102,0.018538135593220338,0.3331567796610169,0.0211864406779661,0.10063559322033898,0
05100102,2526.0,48,328,1638,143,174,3,194,0.019002375296912115,0.12984956452889945,0.6484560570071259,0.05661124307205067,0.0688836104513064,0.0011876484560570072,0.0768012668250198,0
05100103,3189.0,78,455,849,159,585,0,1065,0.024459078080903106,0.14267795547193476,0.2662276575729069,0.04985888993414864,0.18344308560677328,0.0,0.3339604891815616,0
05100104,2385.0,216,314,236,101,1079,23,408,0.09056603773584905,0.13165618448637317,0.0989517819706499,0.042348008385744235,0.45241090146750523,0.009643605870020965,0.1710691823899371,0
05100105,4294.0,659,1546,1052,456,192,30,360,0.15346995808104333,0.36003726129483,0.2449930135072194,0.10619469026548672,0.04471355379599441,0.0069864927806241265,0.08383791336748952,0
05100206,1476.0,9,276,1139,14,6,3,22,0.006097560975609756,0.18699186991869918,0.771680216802168,0.009485094850948509,0.0040650406504065045,0.0020325203252032522,0.014905149051490514,0
05100207,1029.0,0,84,57,13,411,127,330,0.0,0.08163265306122448,0.05539358600583091,0.012633624878522837,0.39941690962099125,0.12342079689018465,0.3206997084548105,0
05100208,5043.0,15,253,4366,174,165,36,34,0.00297441998810232,0.050168550465992466,0.8657545112036487,0.034503271861986914,0.03271861986912552,0.007138607971445568,0.0067420186396985925,0
05100209,7023.0,68,180,6042,30,447,82,183,0.009682471878114766,0.025630072618539085,0.860316104228962,0.004271678769756515,0.06364801366937206,0.011675921970667805,0.026057240495514736,0
05100210,4589.0,48,2630,1810,23,76,0,0,0.010459795162344738,0.5731096099368054,0.3944214425800828,0.005011985181956853,0.01656134234037917,0.0,0.0,0
05100211,3029.0,131,943,1230,352,253,68,46,0.04324859689666557,0.3113238692637834,0.4060746120831958,0.1162099702872235,0.08352591614394189,0.022449653350940905,0.015186530207989435,0
05100312,2321.0,548,301,1329,28,101,0,16,0.23610512710038775,0.12968548039638086,0.5725980180956485,0.012063765618267988,0.043515725980180955,0.0,0.006893580353295993,0
05100313,2658.0,237,217,999,97,591,398,117,0.08916478555304741,0.081640331075997,0.3758465011286682,0.036493604213694505,0.22234762979683972,0.14973664409330323,0.04401805869074492,0
05100314,3745.0,2030,277,1201,195,33,17,0,0.5420560747663551,0.0739652870493992,0.32069425901201604,0.0520694259012016,0.008811748998664886,0.0045393858477970625,0.0,0
05100315,3601.0,1756,199,1277,180,140,13,39,0.4876423215773396,0.05526242710358234,0.354623715634546,0.049986114968064425,0.03887808941960567,0.0036101083032490976,0.010830324909747292,0
05100316,5828.0,1041,1698,2210,578,243,0,56,0.17862045298558682,0.2913520933424846,0.37920384351407,0.09917638984214139,0.04169526424159231,0.0,0.009608785175017159,0
05100317,1757.0,725,129,824,49,3,7,13,0.4126351735913489,0.07342060330108138,0.46898121798520204,0.027888446215139442,0.001707455890722823,0.00398406374501992,0.007398975526465566,0
05200418,1584.0,10,449,39,34,614,335,102,0.006313131313131313,0.28345959595959597,0.02462121212121212,0.021464646464646464,0.38762626262626265,0.21148989898989898,0.06439393939393939,0
05200419,996.0,751,165,74,0,0,0,0,0.7540160642570282,0.16566265060240964,0.07429718875502007,0.0,0.0,0.0,0.0,0
05200420,2863.0,215,453,1397,372,211,143,66,0.07509605309116311,0.15822563744324136,0.48794970310862734,0.12993363604610547,0.07369891721969962,0.04994760740482012,0.023052741879147746,0
05200421,1994.0,43,27,1538,225,19,96,43,0.02156469408224674,0.01354062186559679,0.7713139418254764,0.11283851554663991,0.009528585757271816,0.048144433299899696,0.02156469408224674,0
05200422,492.0,24,58,204,3,143,48,8,0.04878048780487805,0.11788617886178862,0.4146341463414634,0.006097560975609756,0.29065040650406504,0.0975609756097561,0.016260162601626018,0
05200423,3543.0,40,20,3401,24,57,3,0,0.011289867344058707,0.005644933672029354,0.9599209709285916,0.006773920406435224,0.016088060965283656,0.000846740050804403,0.0,0
05200524,1305.0,32,106,72,8,723,192,176,0.024521072796934867,0.08122605363984674,0.05517241379310345,0.006130268199233717,0.5540229885057472,0.1471264367816092,0.13486590038314175,0
05200525,1211.0,0,11,154,34,819,29,166,0.0,0.009083402146985962,0.12716763005780346,0.028075970272502065,0.6763005780346821,0.023947151114781174,0.1370767960363336,0
05200526,2750.0,0,4,2731,4,10,0,0,0.0,0.0014545454545454545,0.9930909090909091,0.0014545454545454545,0.0036363636363636364,0.0,0.0,0
05200527,4964.0,14,82,4672,82,85,21,18,0.0028203062046736503,0.016518936341659952,0.9411764705882353,0.016518936341659952,0.017123287671232876,0.004230459307010476,0.0036261079774375505,0
05200528,3780.0,33,268,2625,414,320,78,35,0.00873015873015873,0.07089947089947089,0.6944444444444444,0.10952380952380952,0.08465608465608465,0.020634920634920634,0.009259259259259259,0
05200629,4566.0,873,355,2792,294,101,125,29,0.1911957950065703,0.07774857643451599,0.6114761279018834,0.06438896189224705,0.022120017520805956,0.027376259307928166,0.006351292159439334,0
05200630,5637.0,1912,1135,2006,255,226,63,37,0.33918751108745787,0.20134823487670747,0.35586304772041866,0.04523682810005322,0.04009224764945893,0.011176157530601383,0.006563775057654781,0
05200631,5011.0,1204,2400,1034,163,118,51,36,0.24027140291359012,0.4789463181001796,0.20634603871482737,0.0325284374376372,0.02354819397325883,0.010177609259628817,0.007184194771502694,0
05200632,1819.0,295,404,940,69,102,15,0,0.1621770203408466,0.22210005497526114,0.5167674546454095,0.03793293018141836,0.056074766355140186,0.008246289169873557,0.0,0
05200633,971.0,28,9,792,8,127,3,0,0.028836251287332648,0.009268795056642637,0.815653964984552,0.008238928939237899,0.13079299691040164,0.003089598352214212,0.0,0
05200634,2443.0,86,494,1175,518,94,50,28,0.03520261972984036,0.20221039705280394,0.4809660253786328,0.21203438395415472,0.038477282030290626,0.020466639377814164,0.011461318051575931,0
05300735,1452.0,0,3,5,3,6,200,1230,0.0,0.002066115702479339,0.003443526170798898,0.002066115702479339,0.004132231404958678,0.13774104683195593,0.8471074380165289,0
05300736,1419.0,0,17,242,91,1062,0,0,0.0,0.011980267794221282,0.17054263565891473,0.06412966878083157,0.7484143763213531,0.0,0.0,0
05300737,6578.0,20,3183,2505,96,275,0,504,0.0030404378230465185,0.48388567953785344,0.38081483733657645,0.01459410155062329,0.04180602006688963,0.0,0.07661903314077227,0
05300838,8.0,0,6,4,0,0,0,0,0.0,0.75,0.5,0.0,0.0,0.0,0.0,1
05300839,3605.0,223,1584,1722,0,6,0,73,0.06185852981969487,0.4393897364771151,0.47766990291262135,0.0,0.001664355062413315,0.0,0.020249653259361997,0
05300840,234.0,17,16,131,46,30,0,0,0.07264957264957266,0.06837606837606838,0.5598290598290598,0.19658119658119658,0.1282051282051282,0.0,0.0,0
05300841,2456.0,1459,330,539,56,77,0,0,0.5940553745928339,0.13436482084690554,0.21946254071661236,0.02280130293159609,0.031351791530944625,0.0,0.0,0
05400942,1705.0,108,326,584,276,183,149,78,0.06334310850439882,0.1912023460410557,0.34252199413489737,0.16187683284457477,0.10733137829912023,0.0873900293255132,0.04574780058651026,0
05400943,4317.0,104,421,1453,693,307,568,774,0.024090803798934444,0.0975214269168404,0.33657632615242067,0.16052814454482278,0.07111419967570072,0.13157285151725737,0.17929117442668518,0
05400944,1037.0,57,52,624,149,43,15,101,0.054966248794599805,0.05014464802314368,0.6017357762777242,0.14368370298939248,0.041465766634522665,0.01446480231436837,0.09739633558341369,0
05400945,1669.0,45,139,783,474,76,76,81,0.02696225284601558,0.08328340323547034,0.4691431995206711,0.2840023966446974,0.04553624925104853,0.04553624925104853,0.048532055122828044,0
06100101,3726.0,754,1398,1176,139,167,66,31,0.202361782071927,0.3752012882447665,0.31561996779388085,0.03730542136339238,0.04482018250134192,0.017713365539452495,0.008319914117015567,0
06100102,4763.0,2796,323,1162,247,124,78,31,0.5870249842536217,0.0678144026873819,0.24396388830568969,0.05185807264329204,0.026034012177199244,0.01637623346630275,0.006508503044299811,0
06100103,3545.0,2299,449,567,109,84,43,0,0.6485190409026799,0.12665726375176303,0.15994358251057827,0.0307475317348378,0.02369534555712271,0.012129760225669958,0.0,0
06100204,3945.0,71,1728,1795,37,187,120,15,0.017997465145754118,0.43802281368821294,0.4550063371356147,0.00937896070975919,0.047401774397972114,0.030418250950570342,0.0038022813688212928,0
06100205,5608.0,1528,570,2611,89,504,20,284,0.2724679029957204,0.10164051355206848,0.4655848787446505,0.01587018544935806,0.0898716119828816,0.003566333808844508,0.05064194008559201,0
06100206,4541.0,654,1381,2128,87,237,26,33,0.14402114071790353,0.3041180356749615,0.4686192468619247,0.019158775600088086,0.05219114732437789,0.005725611098876899,0.007267121779343757,0
06100207,4649.0,1096,973,1994,241,205,105,44,0.23574962357496235,0.20929232092923208,0.4289094428909443,0.051839105183910515,0.04409550440955044,0.022585502258550227,0.009464400946440094,0
06100208,3990.0,1268,275,1986,116,120,0,219,0.31779448621553885,0.06892230576441102,0.49774436090225566,0.029072681704260653,0.03007518796992481,0.0,0.05488721804511278,0
06100209,5289.0,1938,704,2453,102,14,40,38,0.3664208735110607,0.1331064473435432,0.46379277746265835,0.019285309132161088,0.0026470032142181885,0.007562866326337682,0.007184723010020798,0
06100210,2715.0,708,604,1162,54,126,44,13,0.26077348066298345,0.22246777163904236,0.4279926335174954,0.019889502762430938,0.04640883977900553,0.016206261510128914,0.004788213627992633,0
06200311,2749.0,107,275,1790,216,176,130,58,0.03892324481629684,0.1000363768643143,0.6511458712259003,0.07857402691887959,0.06402328119316116,0.04728992360858494,0.021098581302291742,0
06200312,2959.0,329,351,1543,335,280,24,102,0.11118621155795877,0.11862115579587698,0.5214599526867185,0.11321392362284556,0.09462656302805002,0.008110848259547145,0.03447110510307536,0
06200313,4423.0,85,732,3317,62,98,75,55,0.019217725525661315,0.16549853040922452,0.7499434772778657,0.014017635089305902,0.022156907076644812,0.016956816640289397,0.012434998869545558,0
06200314,4351.0,346,842,2754,116,107,28,159,0.07952194897724661,0.19351873132613193,0.6329579407032866,0.0266605378074006,0.024592047805102275,0.006435302229372558,0.03654332337393702,0
06200315,3501.0,50,581,1844,366,53,128,477,0.014281633818908884,0.1659525849757212,0.5267066552413596,0.10454155955441302,0.015138531848043417,0.03656098257640674,0.13624678663239073,0
06200316,3023.0,43,20,2601,73,126,0,159,0.014224280516043665,0.006615944426066821,0.8604035726099901,0.024148197155143897,0.041680449884220976,0.0,0.052596758187231224,0
06200317,3324.0,73,1300,1354,361,153,36,41,0.021961492178098677,0.3910950661853189,0.4073405535499398,0.10860409145607701,0.046028880866425995,0.010830324909747292,0.01233453670276775,0
06200418,,0,0,0,0,0,0,0,,,,,,,,1
06200419,2335.0,19,0,2225,53,41,0,0,0.008137044967880086,0.0,0.9528907922912205,0.022698072805139188,0.017558886509635975,0.0,0.0,0
06200420,3687.0,233,587,1681,498,381,84,220,0.06319500949281258,0.15920802820721452,0.4559262272850556,0.13506916192026036,0.10333604556550041,0.022782750203417412,0.059669107675617034,0
06200421,4600.0,641,303,2666,374,497,58,63,0.13934782608695653,0.0658695652173913,0.5795652173913044,0.08130434782608696,0.10804347826086956,0.012608695652173913,0.013695652173913043,0
06200422,3639.0,926,610,1386,336,256,59,70,0.254465512503435,0.1676284693597142,0.380873866446826,0.09233305853256389,0.07034899697719153,0.01621324539708711,0.01923605386095081,0
06200423,3971.0,119,522,1247,1508,458,51,62,0.029967262654243265,0.1314530345001259,0.31402669352807855,0.3797532107781415,0.11533618735834802,0.012843112566104256,0.01561319566859733,0
06300524,2734.0,285,471,1701,110,118,14,38,0.10424286759326994,0.17227505486466715,0.6221653255303584,0.04023408924652524,0.04316020482809071,0.005120702267739576,0.013899049012435992,0
06300525,3413.0,16,432,2711,25,99,6,120,0.004687957808379725,0.12657486082625255,0.7943158511573396,0.00732493407559332,0.029006738939349547,0.0017579841781423966,0.03515968356284793,0
06300526,1748.0,831,170,368,253,34,32,54,0.4754004576659039,0.09725400457665904,0.21052631578947367,0.14473684210526316,0.019450800915331808,0.018306636155606407,0.030892448512585814,0
06300527,4414.0,173,1620,1905,234,260,5,215,0.039193475305845035,0.3670140462165836,0.4315813321250566,0.05301314000906208,0.05890348889895786,0.0011327594019030357,0.04870865428183054,0
06300528,5412.0,264,1460,2538,482,351,139,175,0.04878048780487805,0.2697708795269771,0.46895787139689576,0.08906134515890614,0.06485587583148558,0.025683665927568367,0.03233555062823355,0
06300629,3783.0,826,1405,1335,60,101,23,36,0.218345228654507,0.37139836108908275,0.35289452815226013,0.01586042823156225,0.02669838752312979,0.006079830822098863,0.00951625693893735,0
06300630,2732.0,748,448,1140,110,187,16,84,0.27379209370424595,0.16398243045387995,0.4172767203513909,0.04026354319180088,0.06844802342606149,0.005856515373352855,0.03074670571010249,0
06300631,1650.0,16,154,1016,50,364,39,9,0.009696969696969697,0.09333333333333334,0.6157575757575757,0.030303030303030304,0.2206060606060606,0.023636363636363636,0.005454545454545455,0
06300632,5928.0,186,976,1714,467,805,923,860,0.03137651821862348,0.16464237516869096,0.289136302294197,0.07877867746288798,0.1357962213225371,0.15570175438596492,0.14507422402159245,0
06300633,6720.0,2500,912,2484,370,268,47,143,0.37202380952380953,0.1357142857142857,0.36964285714285716,0.05505952380952381,0.03988095238095238,0.006994047619047619,0.021279761904761905,0
06300634,4175.0,1759,632,1126,269,257,81,56,0.42131736526946106,0.15137724550898204,0.2697005988023952,0.0644311377245509,0.06155688622754491,0.019401197604790418,0.01341317365269461,0
06400735,4769.0,696,604,1974,618,367,268,236,0.1459425456070455,0.126651289578528,0.413923254351017,0.1295869154959111,0.07695533654854267,0.05619626756133361,0.04948626546445796,0
06400736,2261.0,26,130,1271,700,94,24,20,0.011499336576735958,0.05749668288367979,0.562140645731977,0.30959752321981426,0.04157452454666077,0.010614772224679346,0.008845643520566122,0
06400737,5664.0,949,1412,2720,229,122,110,129,0.1675494350282486,0.24929378531073446,0.480225988700565,0.040430790960451976,0.02153954802259887,0.01942090395480226,0.022775423728813558,0
06400838,3750.0,726,1483,991,270,124,55,98,0.1936,0.3954666666666667,0.26426666666666665,0.072,0.03306666666666667,0.014666666666666666,0.026133333333333335,0
06400839,2738.0,669,1131,504,155,128,36,118,0.24433893352812272,0.4130752373995617,0.18407596785975164,0.056610664718772824,0.04674945215485756,0.013148283418553688,0.04309715120525932,0
06400840,3859.0,12,3390,404,17,12,4,19,0.003109613889608707,0.8784659238144598,0.10469033428349313,0.004405286343612335,0.003109613889608707,0.0010365379632029023,0.004923555325213786,0
06400841,3314.0,556,1282,669,174,69,456,100,0.16777308388654194,0.3868436934218467,0.20187085093542548,0.05250452625226312,0.020820760410380206,0.1375980687990344,0.030175015087507542,0
06400842,2064.0,100,60,1106,75,164,157,401,0.04844961240310078,0.029069767441860465,0.5358527131782945,0.036337209302325583,0.07945736434108527,0.07606589147286821,0.19428294573643412,0
06400843,2203.0,578,726,547,60,140,56,89,0.2623694961416251,0.3295506128007263,0.24829777576032683,0.02723558783477077,0.06354970494779846,0.02541988197911938,0.040399455288243305,0
06400844,3533.0,291,1086,1201,314,190,145,306,0.08236626096801584,0.30738748938579114,0.3399377299745259,0.08887630908576281,0.053778658363996604,0.041041607698839515,0.08661194452306821,0
07100101,5901.0,1755,64,2585,966,236,45,251,0.2974072191154042,0.010845619386544653,0.43806134553465514,0.16370106761565836,0.03999322148788341,0.007625826131164209,0.04253516353160481,0
07100102,5107.0,1925,112,2362,436,123,40,111,0.3769336205208537,0.021930683375758764,0.46250244762091247,0.0853730174270609,0.02408458977873507,0.007832386919913843,0.021734873702760917,0
07100103,3905.0,1352,92,1424,779,123,0,135,0.3462227912932138,0.0235595390524968,0.3646606914212548,0.1994878361075544,0.03149807938540333,0.0,0.034571062740076826,0
07100204,6107.0,2664,124,2865,176,53,0,224,0.43622073030948094,0.02030456852791878,0.46913378090715574,0.028819387588013754,0.008678565580481416,0.0,0.03667922056656296,0
07100205,2548.0,810,12,1147,384,161,0,28,0.3178963893249607,0.004709576138147566,0.45015698587127156,0.15070643642072212,0.06318681318681318,0.0,0.01098901098901099,0
07100206,4618.0,2953,38,1024,198,50,0,358,0.6394543092247726,0.00822867042009528,0.22174101342572541,0.04287570376786488,0.010827197921177999,0.0,0.07752273711563447,0
07200307,6483.0,2122,266,3777,120,74,29,91,0.32731759987660036,0.04103038716643529,0.5826006478482184,0.01850994909763998,0.011414468610211321,0.004473237698596329,0.014036711399043653,0
07200308,5878.0,2144,709,2692,112,81,34,102,0.36474991493705344,0.12061925825110582,0.45797890438924804,0.01905410003402518,0.013780197346036067,0.005784280367471929,0.01735284110241579,0
07200409,5271.0,3459,168,1251,128,119,38,103,0.6562322140011383,0.03187250996015936,0.2373363688104724,0.02428381711250237,0.02257636122177955,0.007209258205274142,0.01954088408271675,0
07200410,2885.0,1462,120,801,329,137,0,36,0.5067590987868285,0.0415944540727903,0.2776429809358752,0.11403812824956673,0.04748700173310225,0.0,0.012478336221837088,0
07200411,1379.0,1183,19,113,0,31,0,35,0.8578680203045685,0.013778100072516316,0.08194343727338652,0.0,0.022480058013052938,0.0,0.025380710659898477,0
07200412,882.0,244,98,284,0,20,0,233,0.2766439909297052,0.1111111111111111,0.3219954648526077,0.0,0.022675736961451247,0.0,0.264172335600907,0
07200413,4626.0,3477,83,743,59,187,7,74,0.751621271076524,0.017942066580198875,0.16061392131431043,0.012753999135322092,0.04042369217466494,0.0015131863380890619,0.01599654128837008,0
07200414,2103.0,1330,43,443,77,84,0,121,0.6324298621017594,0.020446980504041846,0.21065145030908225,0.03661436043747028,0.039942938659058486,0.0,0.057536852116024724,0
07300515,3860.0,3065,51,615,62,37,29,0,0.7940414507772021,0.013212435233160623,0.15932642487046633,0.01606217616580311,0.009585492227979275,0.007512953367875648,0.0,0
07300516,5021.0,3546,161,1017,122,128,0,42,0.7062338179645489,0.032065325632344155,0.20254929296952798,0.024297948615813584,0.025492929695279824,0.0,0.008364867556263693,0
07300517,4642.0,3000,188,952,115,57,46,286,0.6462731581214993,0.040499784575613956,0.2050840155105558,0.024773804394657477,0.012279190004308488,0.00990952175786299,0.061611374407582936,0
07300618,5010.0,2196,1472,1163,87,30,5,59,0.43832335329341315,0.293812375249501,0.23213572854291417,0.017365269461077845,0.005988023952095809,0.000998003992015968,0.011776447105788424,0
07300619,6220.0,2175,1719,2174,35,66,0,48,0.3496784565916399,0.27636655948553057,0.3495176848874598,0.005627009646302251,0.010610932475884245,0.0,0.0077170418006430866,0
07400720,5808.0,772,2504,2345,47,70,0,72,0.13292011019283748,0.43112947658402206,0.4037534435261708,0.00809228650137741,0.012052341597796144,0.0,0.012396694214876033,0
07400721,2254.0,52,1457,458,29,53,0,202,0.023070097604259095,0.6464063886424135,0.20319432120674358,0.012866015971606033,0.023513753327417924,0.0,0.08961845607808341,0
07400822,1597.0,196,368,930,0,26,0,82,0.12273011897307451,0.23043206011271133,0.5823418910457107,0.0,0.01628052598622417,0.0,0.05134627426424546,0
07400823,5650.0,217,3587,1514,267,18,56,0,0.0384070796460177,0.6348672566371681,0.2679646017699115,0.047256637168141595,0.003185840707964602,0.00991150442477876,0.0,0
07400824,3869.0,1655,463,1289,163,227,3,71,0.4277591108813647,0.1196691651589558,0.3331610235202895,0.04212974928922202,0.058671491341431896,0.0007753941586973378,0.01835099508917033,0
07400825,4154.0,2062,963,867,49,162,24,30,0.49638902262879153,0.23182474723158403,0.20871449205584977,0.011795859412614348,0.038998555609051515,0.005777563793933558,0.007221954742416947,0
07400826,2971.0,37,1286,1589,27,24,3,5,0.012453719286435544,0.4328508919555705,0.5348367553012454,0.009087849209020532,0.008078088185796028,0.0010097610232245036,0.001682935038707506,0
07400927,5860.0,1525,1074,2436,146,386,258,38,0.26023890784982934,0.18327645051194538,0.4156996587030717,0.024914675767918087,0.06587030716723549,0.04402730375426621,0.006484641638225256,0
07400928,2281.0,145,1863,198,4,21,19,30,0.06356861025865848,0.8167470407715914,0.08680403331871986,0.0017536168347216134,0.00920648838228847,0.008329679964927663,0.0131521262604121,0
07501029,4384.0,687,603,2762,107,142,0,81,0.15670620437956204,0.1375456204379562,0.6300182481751825,0.024406934306569344,0.03239051094890511,0.0,0.018476277372262775,0
07501030,4753.0,912,1101,2104,320,174,21,116,0.1918788133810225,0.23164317273301074,0.4426677887649905,0.06732589943193773,0.03660845781611614,0.004418262150220913,0.024405638544077426,0
07501031,5350.0,310,1487,2835,366,310,0,37,0.05794392523364486,0.27794392523364486,0.5299065420560748,0.06841121495327103,0.05794392523364486,0.0,0.006915887850467289,0
07501032,3032.0,22,215,2114,78,473,11,117,0.007255936675461741,0.07091029023746702,0.6972295514511874,0.025725593667546173,0.15600263852242743,0.0036279683377308707,0.038588390501319264,0
07501133,4506.0,222,678,2538,708,306,32,21,0.0492676431424767,0.15046604527296936,0.563249001331558,0.15712383488681758,0.06790945406125166,0.007101642254771416,0.004660452729693742,0
07501134,5283.0,189,628,3069,448,728,108,111,0.03577512776831346,0.11887185311376113,0.5809199318568995,0.0848003028582245,0.1378004921446148,0.020442930153321975,0.021010789324247586,0
07501135,1075.0,7,158,511,227,129,31,15,0.0065116279069767444,0.1469767441860465,0.4753488372093023,0.2111627906976744,0.12,0.02883720930232558,0.013953488372093023,0
07601236,4631.0,59,650,3095,498,321,0,4,0.012740228892247895,0.14035845389764628,0.6683221766357158,0.10753616929388901,0.06931548261714532,0.0,0.0008637443316778234,0
07601237,2294.0,186,198,1278,295,181,103,49,0.08108108108108109,0.08631211857018309,0.5571054925893636,0.12859633827375763,0.07890148212728858,0.044899738448125545,0.021360069747166522,0
07601238,1355.0,44,63,964,100,142,17,21,0.03247232472324723,0.04649446494464945,0.7114391143911439,0.07380073800738007,0.1047970479704797,0.012546125461254613,0.015498154981549815,0
07601339,2999.0,0,36,2782,13,83,0,82,0.0,0.012004001333777926,0.9276425475158386,0.004334778259419807,0.027675891963987995,0.0,0.027342447482494165,0
07601340,3299.0,0,17,2929,58,242,0,50,0.0,0.005153076689906032,0.8878448014549863,0.017581085177326462,0.07335556229160352,0.0,0.01515610791148833,0
07601341,1059.0,40,337,305,77,253,9,38,0.03777148253068933,0.3182247403210576,0.28800755429650615,0.07271010387157696,0.23890462700661,0.0084985835694051,0.03588290840415486,0
07601442,5254.0,58,505,3245,680,638,63,60,0.011039208222306814,0.09611724400456795,0.6176246669204416,0.12942519984773507,0.12143129044537496,0.01199086410354016,0.011419870574800152,0
07601443,5368.0,85,393,2681,1183,584,113,327,0.01583457526080477,0.07321162444113263,0.49944113263785395,0.22038002980625931,0.10879284649776454,0.021050670640834577,0.060916542473919526,0
07601544,4586.0,97,137,3632,228,207,16,271,0.021151330135194067,0.02987352812908853,0.7919755778456171,0.04971652856519843,0.045137374618403836,0.0034888791975577847,0.059092891408634975,0
07601545,4055.0,67,80,3430,306,135,24,14,0.016522811344019728,0.01972872996300863,0.8458692971639951,0.07546239210850801,0.03329223181257707,0.00591861898890259,0.0034525277435265103,0
07601546,3285.0,321,594,1297,458,379,175,65,0.09771689497716896,0.18082191780821918,0.3948249619482496,0.13942161339421613,0.11537290715372907,0.0532724505327245,0.0197869101978691,0
07601547,1780.0,120,216,609,561,199,35,40,0.06741573033707865,0.12134831460674157,0.34213483146067414,0.3151685393258427,0.11179775280898877,0.019662921348314606,0.02247191011235955,0
07601548,1385.0,49,240,570,301,150,35,42,0.03537906137184116,0.17328519855595667,0.41155234657039713,0.21732851985559568,0.10830324909747292,0.02527075812274368,0.03032490974729242,0
08100101,2504.0,1740,31,304,84,35,0,307,0.694888178913738,0.012380191693290734,0.12140575079872204,0.03354632587859425,0.013977635782747603,0.0,0.1226038338658147,0
08100102,4672.0,3828,286,406,104,22,0,20,0.8193493150684932,0.061215753424657536,0.08690068493150685,0.02226027397260274,0.004708904109589041,0.0,0.004280821917808219,0
08100103,4504.0,3069,805,498,57,30,0,39,0.6813943161634103,0.17873001776198935,0.1105683836589698,0.012655417406749556,0.0066607460035523975,0.0,0.008658969804618118,0
08100104,3518.0,2338,788,192,121,39,19,19,0.6645821489482661,0.22399090392268334,0.054576463899943146,0.03439454235361,0.011085844229675953,0.005400795906765207,0.005400795906765207,0
08100105,2736.0,988,95,505,157,376,14,591,0.3611111111111111,0.034722222222222224,0.18457602339181287,0.057383040935672515,0.13742690058479531,0.005116959064327485,0.21600877192982457,0
08100206,5174.0,4415,139,197,176,132,0,115,0.8533049864708157,0.026865094704290684,0.03807499033629687,0.034016235021260145,0.02551217626594511,0.0,0.022226517201391575,0
08100207,3361.0,825,190,1560,607,56,3,120,0.24546265992264207,0.05653079440642666,0.46414757512645044,0.18060101160368938,0.016661707825052066,0.0008925914906277894,0.03570365962511157,0
08100208,6830.0,5184,1076,308,174,66,6,10,0.7590043923865301,0.1575402635431918,0.04509516837481698,0.025475841874084918,0.009663250366032211,0.0008784773060029283,0.0014641288433382138,0
08100209,4282.0,2927,398,276,136,253,34,264,0.6835590845399346,0.0929472209248015,0.06445586174684727,0.031760859411489956,0.05908453993460999,0.007940214852872489,0.06165343297524521,0
08100310,4346.0,3169,165,709,131,157,0,5,0.7291762540266912,0.03796594569719282,0.1631385181776346,0.03014265991716521,0.03612517257248044,0.0,0.001150483202945237,0
08100311,4277.0,3084,402,550,108,111,20,0,0.7210661678746785,0.093991115267711,0.1285948094458733,0.02525134440028057,0.025952770633621697,0.004676174888940846,0.0,0
08100312,6731.0,4673,392,1228,106,250,18,69,0.6942504828405883,0.05823800326845937,0.18243945921854107,0.015748031496062992,0.0371415837171297,0.0026741940276333383,0.010251077105927797,0
08100313,2303.0,470,967,723,56,0,0,88,0.20408163265306123,0.4198871037776813,0.3139383412939644,0.0243161094224924,0.0,0.0,0.03821102909248806,0
08100314,4246.0,3515,149,320,187,50,5,22,0.8278379651436646,0.03509185115402732,0.07536504945831371,0.04404145077720207,0.011775788977861516,0.0011775788977861517,0.0051813471502590676,0
08100415,3354.0,2384,489,336,90,12,20,22,0.7107930828861061,0.14579606440071557,0.1001788908765653,0.026833631484794274,0.0035778175313059034,0.005963029218843173,0.00655933214072749,0
08100416,3355.0,2727,84,279,169,32,6,55,0.8128166915052161,0.02503725782414307,0.08315946348733234,0.0503725782414307,0.009538002980625931,0.0017883755588673621,0.01639344262295082,0
08100417,5122.0,3693,576,535,224,49,10,39,0.7210074189769621,0.11245607184693479,0.10445138617727451,0.04373291682936353,0.009566575556423273,0.001952362358453729,0.007614213197969543,0
08100418,5271.0,2970,1358,894,20,21,0,11,0.5634604439385316,0.25763612217795484,0.16960728514513376,0.0037943464238284954,0.00398406374501992,0.0,0.0020868905331056726,0
08100419,3634.0,1180,383,1646,181,240,0,0,0.3247110621904238,0.1053935057787562,0.45294441386901485,0.04980737479361585,0.06604292790313704,0.0,0.0,0
08100520,2086.0,50,299,1736,0,0,0,0,0.023969319271332695,0.1433365292425695,0.8322147651006712,0.0,0.0,0.0,0.0,0
08100521,4190.0,186,1374,1952,596,81,4,0,0.044391408114558474,0.3279236276849642,0.4658711217183771,0.1422434367541766,0.019331742243436756,0.0009546539379474941,0.0,0
08200622,2608.0,546,321,1345,94,50,51,205,0.2093558282208589,0.12308282208588957,0.5157208588957055,0.036042944785276074,0.019171779141104295,0.019555214723926382,0.07860429447852761,0
08200623,2868.0,537,635,1054,198,228,69,144,0.18723849372384938,0.22140864714086472,0.36750348675034866,0.06903765690376569,0.0794979079497908,0.02405857740585774,0.0502092050209205,0
08200624,4900.0,452,1241,2922,153,96,0,35,0.09224489795918367,0.25326530612244896,0.5963265306122449,0.031224489795918367,0.019591836734693877,0.0,0.007142857142857143,0
08200725,956.0,30,182,189,218,214,78,47,0.03138075313807531,0.1903765690376569,0.19769874476987448,0.2280334728033473,0.22384937238493724,0.08158995815899582,0.049163179916317995,0
08200726,3227.0,202,1819,1024,108,40,3,18,0.06259683916950728,0.5636814378679889,0.3173225906414627,0.03346761698171676,0.012395413696932134,0.0009296560272699101,0.005577936163619461,0
08200727,4683.0,0,1442,3213,29,0,0,0,0.0,0.30792227204783257,0.6860986547085202,0.006192611573777493,0.0,0.0,0.0,0
08200728,438.0,4,165,80,182,0,0,0,0.0091324200913242,0.3767123287671233,0.182648401826484,0.4155251141552511,0.0,0.0,0.0,0
08200729,812.0,14,71,436,88,54,11,134,0.017241379310344827,0.0874384236453202,0.5369458128078818,0.10837438423645321,0.0665024630541872,0.013546798029556651,0.16502463054187191,0
08200730,1739.0,28,533,915,72,159,20,11,0.016101207590569294,0.3064979873490512,0.5261644623346751,0.041403105232892465,0.09143185738930419,0.011500862564692352,0.0063254744105807935,0
08200831,4302.0,12,167,3059,316,670,43,39,0.002789400278940028,0.03881915388191539,0.7110646211064621,0.07345420734542074,0.15574151557415156,0.0099953509995351,0.00906555090655509,0
08200832,5792.0,50,127,4413,243,794,98,67,0.008632596685082873,0.021926795580110497,0.7619129834254144,0.04195441988950276,0.13708563535911603,0.01691988950276243,0.01156767955801105,0
08200833,4414.0,44,107,3453,282,396,49,84,0.009968282736746714,0.024241051200724967,0.7822836429542365,0.06388763026733121,0.08971454463072044,0.011101042138649752,0.019030357951971,0
08300934,6448.0,3,0,6428,12,6,0,0,0.0004652605459057072,0.0,0.9968982630272953,0.0018610421836228288,0.0009305210918114144,0.0,0.0,0
08300935,4230.0,0,0,4212,18,0,0,0,0.0,0.0,0.9957446808510638,0.00425531914893617,0.0,0.0,0.0,0
08301036,3558.0,0,0,3465,18,12,0,61,0.0,0.0,0.9738617200674536,0.00505902192242833,0.003372681281618887,0.0,0.017144463181562677,0
08301037,5249.0,5,0,4726,0,0,0,517,0.0009525623928367308,0.0,0.900361973709278,0.0,0.0,0.0,0.09849495141931797,0
08401138,1518.0,0,13,1455,23,4,0,24,0.0,0.008563899868247694,0.958498023715415,0.015151515151515152,0.002635046113306983,0.0,0.015810276679841896,0
08401139,2060.0,17,121,1250,310,218,33,104,0.00825242718446602,0.058737864077669906,0.6067961165048543,0.15048543689320387,0.10582524271844661,0.016019417475728156,0.05048543689320388,0
08401140,1222.0,18,160,525,206,271,19,25,0.014729950900163666,0.1309328968903437,0.42962356792144024,0.1685761047463175,0.22176759410801963,0.015548281505728314,0.020458265139116204,0
08401241,3533.0,22,514,1570,747,359,116,196,0.006227002547410133,0.14548542315312765,0.44438154542881403,0.2114350410416077,0.1016133597509199,0.03283328615907161,0.05547693178601755,0
08401242,3003.0,3,575,1044,569,645,102,58,0.000999000999000999,0.1914751914751915,0.34765234765234765,0.18947718947718947,0.21478521478521478,0.03396603396603397,0.019314019314019316,0
08401243,5011.0,186,435,3130,595,458,83,122,0.03711833965276392,0.08680902015565756,0.6246258231889842,0.11873877469566953,0.09139892237078427,0.016563560167631212,0.02434643783675913,0
08401244,3148.0,12,390,1453,521,333,104,334,0.0038119440914866584,0.12388818297331639,0.4615628970775095,0.16550190597204575,0.10578144853875476,0.03303684879288437,0.10609911054637865,0
08401245,1694.0,3,0,17,4,1436,53,184,0.0017709563164108619,0.0,0.010035419126328217,0.0023612750885478157,0.8476977567886659,0.03128689492325856,0.10861865407319952,0
08401246,3436.0,5,206,897,1745,413,73,102,0.0014551804423748546,0.059953434225844,0.2610593713620489,0.5078579743888242,0.12019790454016298,0.021245634458672877,0.029685681024447033,0
09100101,7066.0,3005,921,1263,161,913,52,745,0.4252759694310784,0.13034248514010754,0.1787432776677045,0.02278516841211435,0.12921030285876026,0.00735918482875743,0.10543447495046702,0
09100202,2248.0,709,347,988,14,149,32,9,0.3153914590747331,0.1543594306049822,0.4395017793594306,0.006227758007117438,0.06628113879003558,0.014234875444839857,0.00400355871886121,0
09100203,4761.0,24,1397,3189,0,31,0,121,0.005040957781978576,0.2934257508926696,0.6698172652804033,0.0,0.006511237135055661,0.0,0.02541482881747532,0
09100304,7053.0,1727,1232,3481,28,250,10,325,0.24486034311640437,0.17467744222316745,0.49354884446334896,0.003969941868708351,0.03544590954203885,0.001417836381681554,0.046079682404650504,0
09100305,2581.0,805,1126,571,0,10,0,66,0.31189461449050754,0.4362650135606354,0.22123208058891902,0.0,0.0038744672607516468,0.0,0.02557148392096087,0
09100306,1132.0,30,363,119,87,373,118,42,0.026501766784452298,0.3206713780918728,0.10512367491166077,0.07685512367491167,0.3295053003533569,0.10424028268551237,0.037102473498233215,0
09100407,4684.0,157,872,3025,139,73,90,327,0.03351836037574722,0.18616567036720752,0.6458155422715628,0.029675491033304868,0.015584970111016226,0.019214346712211786,0.06981212638770282,0
09100408,4699.0,806,2222,696,262,325,72,328,0.17152585656522665,0.47286656735475635,0.14811662055756544,0.05575654394552032,0.0691636518408172,0.015322409023196424,0.06980208555011705,0
09100409,1614.0,14,79,17,194,212,482,613,0.008674101610904586,0.04894671623296159,0.010532837670384139,0.12019826517967781,0.13135068153655513,0.298636926889715,0.3798017348203222,0
09200510,4384.0,1848,671,637,60,285,0,879,0.4215328467153285,0.1530565693430657,0.14530109489051096,0.013686131386861315,0.06500912408759124,0.0,0.20050182481751824,0
09200511,7547.0,2145,2565,1784,0,451,44,553,0.2842188949251358,0.33987014707830926,0.23638531866967008,0.0,0.05975884457400291,0.005830131177951504,0.07327414866834504,0
09200512,2521.0,687,121,696,9,245,7,753,0.27251090836969455,0.047996826656088856,0.27608092026973424,0.0035700119000396666,0.0971836572788576,0.002776675922253074,0.29869099563665213,0
09200613,5178.0,1866,537,1072,19,395,0,1278,0.3603707995365006,0.1037079953650058,0.20702974121282347,0.0036693704132869836,0.07628427964465044,0.0,0.24681344148319814,0
09200614,1849.0,3,485,1020,259,73,6,0,0.0016224986479177934,0.26230394808004326,0.5516495402920497,0.1400757166035695,0.03948080043266631,0.003244997295835587,0.0,0
09200715,1735.0,66,3,21,7,52,0,1588,0.03804034582132565,0.001729106628242075,0.012103746397694525,0.004034582132564841,0.029971181556195964,0.0,0.9152737752161383,0
09200716,4259.0,1006,1772,818,36,334,19,275,0.23620568208499648,0.41606010800657434,0.1920638647569852,0.008452688424512796,0.07842216482742428,0.004461141112937309,0.06456914768725053,0
09200717,5653.0,1269,1372,1548,113,848,161,343,0.22448257562356272,0.24270298956306385,0.27383690076065803,0.019989386166637185,0.1500088448611357,0.028480452856890145,0.06067574739076596,0
09200818,2148.0,608,259,823,31,64,7,352,0.28305400372439476,0.12057728119180633,0.38314711359404097,0.014432029795158287,0.0297951582867784,0.0032588454376163874,0.16387337057728119,0
09200819,4594.0,590,354,1006,1569,488,49,532,0.1284283848498041,0.07705703090988246,0.21898127993034391,0.3415324336090553,0.10622551153678711,0.01066608619939051,0.11580322159338267,0
09300920,5509.0,425,889,331,292,1885,438,1251,0.07714648756580142,0.1613722998729352,0.06008349972771828,0.05300417498638591,0.342167362497731,0.07950626247957887,0.22708295516427665,0
09300921,1304.0,141,363,89,66,276,129,236,0.10812883435582822,0.27837423312883436,0.06825153374233128,0.05061349693251534,0.2116564417177914,0.09892638036809816,0.18098159509202455,0
09300922,3098.0,0,0,0,1471,1501,0,125,0.0,0.0,0.0,0.4748224661071659,0.4845061329890252,0.0,0.040348612007746934,0
09300923,3576.0,20,200,91,151,2774,223,121,0.005592841163310962,0.05592841163310962,0.025447427293064876,0.04222595078299776,0.7757270693512305,0.062360178970917224,0.03383668903803132,0
09301024,1394.0,182,114,109,21,178,143,648,0.13055954088952654,0.08177905308464849,0.0781922525107604,0.015064562410329985,0.12769010043041606,0.10258249641319943,0.4648493543758967,0
09301025,5098.0,310,1574,528,599,1177,531,373,0.06080816006276971,0.30874852883483717,0.1035700274617497,0.11749705766967439,0.23087485288348372,0.10415849352687329,0.07316594743036485,0
09301126,4232.0,755,461,1271,181,639,84,842,0.17840264650283555,0.10893194706994329,0.30033081285444235,0.04276937618147448,0.15099243856332703,0.01984877126654064,0.19896030245746693,0
09301227,898.0,25,307,78,84,283,60,64,0.02783964365256125,0.3418708240534521,0.08685968819599109,0.0935412026726058,0.3151447661469933,0.066815144766147,0.07126948775055679,0
09301228,1279.0,138,343,101,45,337,143,177,0.10789679437060204,0.26817826426896013,0.07896794370602032,0.035183737294761534,0.26348709929632524,0.11180609851446442,0.1383893666927287,0
09401329,5899.0,83,1053,2623,359,960,303,516,0.014070181386675708,0.17850483132734363,0.4446516358704865,0.0608577725038142,0.16273944736395998,0.051364638074249874,0.0874724529581285,0
09401330,906.0,131,248,86,42,268,65,61,0.1445916114790287,0.2737306843267108,0.09492273730684327,0.046357615894039736,0.2958057395143488,0.0717439293598234,0.0673289183222958,0
09401431,3040.0,33,60,2251,94,254,16,335,0.010855263157894738,0.019736842105263157,0.7404605263157895,0.030921052631578946,0.08355263157894736,0.005263157894736842,0.11019736842105263,0
09401432,736.0,0,88,262,24,311,16,25,0.0,0.11956521739130435,0.35597826086956524,0.03260869565217391,0.422554347826087,0.021739130434782608,0.033967391304347824,0
09401433,2353.0,0,0,315,2015,0,14,7,0.0,0.0,0.13387165320866978,0.856353591160221,0.0,0.005949851253718657,0.0029749256268593286,0
09401534,3935.0,989,296,97,1681,493,48,336,0.2513341804320203,0.07522236340533672,0.024650571791613722,0.4271918678526048,0.1252858958068615,0.012198221092757306,0.08538754764930115,0
09401635,3200.0,50,633,319,192,1197,427,384,0.015625,0.1978125,0.0996875,0.06,0.3740625,0.1334375,0.12,0
09501736,2445.0,267,647,1168,36,105,43,181,0.10920245398773006,0.26462167689161553,0.47770961145194274,0.014723926380368098,0.04294478527607362,0.017586912065439674,0.07402862985685071,0
09501737,7546.0,2159,876,3184,43,552,238,498,0.28611184733633716,0.11608799363901405,0.42194540153723825,0.005698383249403658,0.07315133845746091,0.03153988868274583,0.06599522926053539,0
09501838,4802.0,618,1241,291,269,943,619,821,0.1286963765097876,0.25843398583923366,0.06059975010412328,0.05601832569762599,0.1963765097875885,0.12890462307371928,0.1709704289879217,0
09501939,3639.0,773,1112,217,47,507,68,918,0.21242099477878537,0.3055784556196757,0.059631766968947515,0.012915636163781259,0.1393239901071723,0.0186864523220665,0.2522671063478978,0
09501940,1669.0,583,584,267,73,21,38,97,0.34931096464949074,0.3499101258238466,0.15997603355302575,0.04373876572798083,0.012582384661473937,0.022768124625524265,0.05811863391252247,0
09501941,1685.0,215,140,281,111,566,3,367,0.12759643916913946,0.0830860534124629,0.16676557863501484,0.06587537091988131,0.3359050445103858,0.0017804154302670622,0.2178041543026706,0
09502042,2418.0,157,1488,220,58,257,68,170,0.06492969396195203,0.6153846153846154,0.09098428453267163,0.023986765922249794,0.10628618693134823,0.028122415219189414,0.07030603804797353,0
09502043,5003.0,232,1221,2343,173,539,288,212,0.04637217669398361,0.24405356785928442,0.4683190085948431,0.034579252448530884,0.10773535878472916,0.05756546072356586,0.04237457525484709,0
10100101,3008.0,3,50,9,2852,41,34,15,0.0009973404255319148,0.016622340425531915,0.0029920212765957447,0.9481382978723404,0.01363031914893617,0.011303191489361703,0.004986702127659575,0
10100102,1981.0,0,0,0,1821,20,9,134,0.0,0.0,0.0,0.9192327107521454,0.010095911155981827,0.004543160020191822,0.06764260474507824,0
10100103,3920.0,0,0,0,3639,113,0,167,0.0,0.0,0.0,0.9283163265306122,0.028826530612244897,0.0,0.04260204081632653,0
10100104,3832.0,0,0,0,3792,41,0,0,0.0,0.0,0.0,0.9895615866388309,0.01069937369519833,0.0,0.0,0
10100205,10.0,3,3,0,3,0,0,6,0.3,0.3,0.0,0.3,0.0,0.0,0.6,1
10100206,5826.0,0,0,0,5603,137,0,84,0.0,0.0,0.0,0.9617233093031239,0.02351527634740817,0.0,0.014418125643666324,0
10100207,4804.0,0,0,0,4759,14,0,30,0.0,0.0,0.0,0.9906328059950041,0.0029142381348875937,0.0,0.0062447960033305576,0
10100208,5880.0,13,0,611,4667,244,0,338,0.002210884353741497,0.0,0.10391156462585034,0.7937074829931973,0.04149659863945578,0.0,0.05748299319727891,0
10100209,4024.0,0,51,19,3819,71,49,14,0.0,0.012673956262425448,0.004721669980119284,0.9490556660039762,0.0176441351888668,0.012176938369781311,0.0034791252485089465,0
10100210,5819.0,0,0,0,5785,0,0,30,0.0,0.0,0.0,0.9941570716617976,0.0,0.0,0.005155525004296271,0
10100311,1121.0,8,219,278,296,134,62,128,0.007136485280999108,0.19536128456735058,0.247992863514719,0.264049955396967,0.11953612845673506,0.05530776092774309,0.11418376449598573,0
10100312,8556.0,0,0,4449,3883,48,0,176,0.0,0.0,0.5199859747545582,0.453833567087424,0.005610098176718092,0.0,0.020570359981299673,0
10100313,2543.0,29,111,782,1006,287,247,86,0.011403853716083366,0.04364923318914668,0.30751081399921354,0.3955957530475816,0.11285882815572158,0.0971293747542273,0.033818324813212744,0
10100314,3472.0,0,14,15,3127,237,15,62,0.0,0.004032258064516129,0.004320276497695853,0.9006336405529954,0.06826036866359447,0.004320276497695853,0.017857142857142856,0
10100315,3873.0,0,11,494,3036,30,32,274,0.0,0.0028401755744900596,0.1275497030725536,0.7838884585592564,0.0077459333849728895,0.008262328943971081,0.07074619158275239,0
10100316,1798.0,0,0,0,146,1302,3,349,0.0,0.0,0.0,0.08120133481646273,0.7241379310344828,0.0016685205784204673,0.19410456062291434,0
10200417,3332.0,0,0,1214,1874,0,0,243,0.0,0.0,0.36434573829531813,0.5624249699879952,0.0,0.0,0.07292917166866747,0
10200418,3668.0,10,0,92,3059,150,0,359,0.0027262813522355507,0.0,0.025081788440567066,0.833969465648855,0.04089422028353326,0.0,0.09787350054525627,0
10200419,2140.0,0,0,0,1774,0,0,365,0.0,0.0,0.0,0.8289719626168224,0.0,0.0,0.1705607476635514,0
10200420,3832.0,22,26,166,3540,19,0,60,0.005741127348643006,0.006784968684759917,0.043319415448851775,0.9237995824634656,0.004958246346555324,0.0,0.015657620041753653,0
10200421,856.0,4,0,0,11,838,0,0,0.004672897196261682,0.0,0.0,0.012850467289719626,0.9789719626168224,0.0,0.0,0
10200422,3243.0,0,0,0,2792,3,0,448,0.0,0.0,0.0,0.8609312365094048,0.0009250693802035153,0.0,0.13814369411039162,0
10200423,2523.0,0,0,0,2358,0,0,166,0.0,0.0,0.0,0.9346016646848989,0.0,0.0,0.06579468886246533,0
10200524,5907.0,0,0,0,4267,581,0,1060,0.0,0.0,0.0,0.7223632977822922,0.0983578804807855,0.0,0.17944811240900627,0
10200525,2549.0,0,0,0,2014,519,16,4,0.0,0.0,0.0,0.7901137701059239,0.20360925853275794,0.006276971361318164,0.001569242840329541,0
10200526,2793.0,3,0,0,2500,215,0,75,0.0010741138560687433,0.0,0.0,0.8950948800572861,0.0769781596849266,0.0,0.02685284640171858,0
10200627,1839.0,5,5,0,1706,28,37,61,0.0027188689505165853,0.0027188689505165853,0.0,0.9276780859162589,0.015225666122892877,0.02011963023382273,0.03317020119630234,0
10200628,3325.0,0,0,0,3281,0,0,41,0.0,0.0,0.0,0.9867669172932331,0.0,0.0,0.012330827067669173,0
10200629,3934.0,0,4,0,3475,22,11,426,0.0,0.0010167768174885613,0.0,0.8833248601931876,0.005592272496187087,0.0027961362480935434,0.10828673106253177,0
10200630,3627.0,0,0,0,3563,40,0,23,0.0,0.0,0.0,0.9823545629997242,0.011028398125172319,0.0,0.006341328921974083,0
10300731,3974.0,210,1066,912,362,818,314,291,0.05284348263714142,0.2682435832913941,0.22949169602415703,0.09109209864116759,0.2058379466532461,0.0790135883241067,0.07322596879718168,0
10300732,3855.0,26,161,169,2218,615,106,566,0.006744487678339819,0.041763942931258104,0.04383916990920882,0.5753566796368352,0.15953307392996108,0.02749675745784695,0.14682230869001298,0
10300733,2257.0,44,291,309,65,186,298,1069,0.01949490474080638,0.12893221089942403,0.13690739920248116,0.028799291094373063,0.0824102791315906,0.13203367301727958,0.47363757199822776,0
10300734,4354.0,101,686,306,200,1320,935,806,0.023197060174552135,0.15755627009646303,0.07028020211299954,0.045934772622875514,0.3031694993109784,0.21474506201194304,0.18511713367018834,0
10400835,3617.0,112,746,180,789,1152,357,279,0.03096488802875311,0.20624827204865911,0.049764998617638924,0.21813657727398397,0.3184959911528891,0.09870058059165054,0.07713574785734034,0
10400836,1889.0,317,519,122,297,358,181,93,0.16781365802011647,0.27474854420328215,0.06458443620963472,0.15722604552673372,0.18951826363155108,0.09581789306511382,0.04923239809422975,0
10400837,3424.0,75,777,278,308,1094,533,360,0.021904205607476634,0.22692757009345793,0.08119158878504673,0.08995327102803738,0.3195093457943925,0.15566588785046728,0.10514018691588785,0
10400938,4418.0,179,1069,278,165,1390,676,668,0.04051607062019013,0.24196468990493436,0.06292440018107741,0.037347215934812134,0.31462200090538706,0.1530104119511091,0.1511996378451788,0
10400939,2159.0,223,490,198,88,599,188,373,0.1032885595182955,0.2269569245020843,0.09170912459471978,0.04075961093098657,0.2774432607688745,0.08707735062528948,0.1727651690597499,0
10400940,2694.0,125,581,279,145,820,446,299,0.046399406087602076,0.21566443949517447,0.10356347438752785,0.05382331106161841,0.30438010393466963,0.16555308092056423,0.11098737936154417,0
10400941,4314.0,260,787,370,248,1322,733,599,0.0602688919796013,0.18242929995363932,0.08576726935558646,0.05748725081131201,0.30644413537320353,0.1699119146963375,0.13885025498377376,0
11100101,1456.0,95,229,259,72,370,197,229,0.06524725274725275,0.15728021978021978,0.1778846153846154,0.04945054945054945,0.2541208791208791,0.1353021978021978,0.15728021978021978,0
11100102,1143.0,25,52,101,33,92,219,619,0.021872265966754154,0.045494313210848646,0.08836395450568679,0.028871391076115485,0.0804899387576553,0.19160104986876642,0.5415573053368329,0
11100203,4365.0,0,0,0,4310,0,0,58,0.0,0.0,0.0,0.9873997709049256,0.0,0.0,0.013287514318442153,0
11100204,3658.0,0,0,0,3658,0,0,0,0.0,0.0,0.0,1.0,0.0,0.0,0.0,0
11100205,3212.0,0,5,8,3092,84,0,25,0.0,0.001556662515566625,0.0024906600249066002,0.962640099626401,0.026151930261519303,0.0,0.007783312577833126,0
11100206,3726.0,0,0,0,3620,3,24,75,0.0,0.0,0.0,0.9715512614063339,0.0008051529790660225,0.00644122383252818,0.020128824476650563,0
11100307,6233.0,0,0,0,6231,0,0,0,0.0,0.0,0.0,0.9996791272260549,0.0,0.0,0.0,0
11100308,5091.0,0,60,17,4987,23,3,3,0.0,0.011785503830288745,0.003339226085248478,0.9795717933608329,0.004517776468277352,0.0005892751915144372,0.0005892751915144372,0
11100309,3454.0,0,0,0,2971,0,0,486,0.0,0.0,0.0,0.8601621308627678,0.0,0.0,0.14070642733063116,0
11200410,4999.0,29,904,2025,454,873,176,532,0.0058011602320464095,0.1808361672334467,0.40508101620324066,0.09081816363272655,0.1746349269853971,0.03520704140828165,0.10642128425685136,0
11200411,3345.0,65,481,257,1906,290,78,268,0.01943198804185351,0.14379671150971599,0.07683109118086696,0.5698056801195814,0.08669656203288491,0.023318385650224215,0.08011958146487294,0
11200512,1592.0,315,330,393,22,385,113,34,0.1978643216080402,0.20728643216080403,0.24685929648241206,0.013819095477386936,0.24183417085427136,0.07097989949748744,0.02135678391959799,0
11200513,5770.0,431,2239,1210,184,654,209,844,0.07469670710571924,0.38804159445407277,0.2097053726169844,0.03188908145580589,0.11334488734835356,0.03622183708838821,0.1462738301559792,0
11200514,8551.0,4,424,4714,1736,1184,8,484,0.0004677815460180096,0.04958484387790902,0.5512805519822243,0.20301719097181617,0.13846333762133084,0.0009355630920360191,0.05660156706817916,0
11200515,1834.0,20,393,257,295,493,65,308,0.010905125408942203,0.21428571428571427,0.1401308615049073,0.1608505997818975,0.2688113413304253,0.03544165757906216,0.16793893129770993,0
11300616,3553.0,0,0,3349,0,201,0,0,0.0,0.0,0.9425837320574163,0.0,0.05657191106107515,0.0,0.0,0
11300617,2648.0,0,0,1519,979,66,0,84,0.0,0.0,0.5736404833836858,0.3697129909365559,0.024924471299093656,0.0,0.03172205438066465,0
11300618,2300.0,204,465,1273,183,14,0,165,0.08869565217391304,0.20217391304347826,0.5534782608695652,0.07956521739130434,0.00608695652173913,0.0,0.07173913043478261,0
11300619,5421.0,0,92,4304,0,0,232,791,0.0,0.016971038553772366,0.7939494558199595,0.0,0.0,0.042796532005165096,0.14591403800036892,0
11300620,6426.0,198,62,5217,752,18,0,182,0.03081232492997199,0.009648303765950824,0.8118580765639589,0.1170245876128229,0.0028011204481792717,0.0,0.02832244008714597,0
11300721,2524.0,113,68,849,900,0,0,602,0.044770206022187,0.02694136291600634,0.33637083993660855,0.35657686212361334,0.0,0.0,0.23851030110935023,0
11300722,5703.0,533,2250,1460,431,50,0,974,0.09345958267578468,0.3945291951604419,0.25600561108188674,0.07557425916184464,0.00876731544800982,0.0,0.1707873049272313,0
11300723,459.0,5,0,21,0,0,103,321,0.010893246187363835,0.0,0.0457516339869281,0.0,0.0,0.22440087145969498,0.6993464052287581,0
11300724,2412.0,437,905,757,212,14,0,85,0.18117744610281925,0.3752072968490879,0.3138474295190713,0.087893864013267,0.005804311774461028,0.0,0.035240464344941956,0
11300725,5716.0,1258,1715,1332,198,295,38,883,0.22008397480755773,0.30003498950314905,0.2330300909727082,0.03463960811756473,0.051609517144856544,0.006648005598320504,0.1544786564030791,0
11300826,5677.0,36,32,4857,731,0,0,21,0.0063413774881099175,0.005636779989431038,0.8555575127708297,0.12876519288356528,0.0,0.0,0.0036991368680641184,0
11400927,2124.0,1440,103,62,0,273,23,223,0.6779661016949152,0.04849340866290019,0.02919020715630885,0.0,0.1285310734463277,0.010828625235404897,0.10499058380414313,0
11400928,1279.0,295,72,237,129,223,9,311,0.23064894448788115,0.05629397967161845,0.1853010164190774,0.10086004691164972,0.1743549648162627,0.007036747458952306,0.24315871774824083,0
11400929,10175.0,2854,4035,2171,130,234,3,748,0.2804914004914005,0.3965601965601966,0.21336609336609336,0.012776412776412777,0.022997542997543,0.00029484029484029485,0.07351351351351351,0
11400930,3032.0,222,987,1404,27,175,14,205,0.07321899736147758,0.3255277044854881,0.4630606860158311,0.008905013192612138,0.057717678100263854,0.004617414248021108,0.06761213720316622,0
11400931,3966.0,307,182,134,2943,135,3,263,0.07740796772566819,0.04589006555723651,0.033787191124558746,0.7420574886535553,0.0340393343419062,0.0007564296520423601,0.06631366616238023,0
11401032,3816.0,341,393,2051,477,50,60,443,0.08936058700209644,0.1029874213836478,0.5374737945492662,0.125,0.01310272536687631,0.015723270440251572,0.1160901467505241,0
11401033,3397.0,75,71,112,2358,485,0,297,0.022078304386223137,0.020900794818957905,0.03297026788342655,0.6941418899028554,0.14277303503090963,0.0,0.08743008536944363,0
11401034,1826.0,55,260,32,1297,50,0,131,0.030120481927710843,0.14238773274917854,0.017524644030668127,0.7102957283680176,0.027382256297918947,0.0,0.07174151150054764,0
11401135,6020.0,7,6,4895,0,217,0,891,0.0011627906976744186,0.0009966777408637873,0.8131229235880398,0.0,0.03604651162790698,0.0,0.14800664451827242,0
11401136,5170.0,0,21,4686,367,36,23,27,0.0,0.004061895551257254,0.9063829787234042,0.07098646034816247,0.006963249516441006,0.004448742746615087,0.005222437137330754,0
11401137,4728.0,28,61,3777,488,93,42,236,0.005922165820642978,0.012901861252115059,0.7988578680203046,0.10321489001692047,0.01967005076142132,0.008883248730964468,0.04991539763113367,0
11501238,1938.0,228,281,25,0,546,433,427,0.11764705882352941,0.14499484004127966,0.012899896800825593,0.0,0.28173374613003094,0.22342621259029927,0.22033023735810114,0
11501339,5731.0,1242,1100,1360,873,141,37,977,0.2167161053917292,0.19193857965451055,0.23730588030012215,0.15232943639853427,0.0246030361193509,0.0064561158611062645,0.17047635665677893,0
11501340,5152.0,536,2218,1003,59,396,208,731,0.10403726708074534,0.43051242236024845,0.19468167701863354,0.011451863354037268,0.07686335403726709,0.040372670807453416,0.14188664596273293,0
11501341,3611.0,1083,831,202,322,219,308,645,0.2999169205206314,0.2301301578510108,0.05594018277485461,0.08917197452229299,0.06064801993907505,0.08529493215175851,0.1786208806424813,0
12100101,5562.0,992,2030,1710,320,384,0,135,0.17835311039194535,0.36497662711254947,0.3074433656957929,0.05753326141675656,0.06903991370010787,0.0,0.024271844660194174,0
12100102,4928.0,1127,757,2277,362,366,0,38,0.22869318181818182,0.153612012987013,0.46205357142857145,0.07345779220779221,0.07426948051948051,0.0,0.007711038961038961,0
12100103,4330.0,356,1027,2463,78,378,0,27,0.08221709006928407,0.2371824480369515,0.5688221709006929,0.018013856812933025,0.08729792147806005,0.0,0.0062355658198614316,0
12100204,4990.0,882,1911,2026,117,49,0,6,0.17675350701402806,0.38296593186372746,0.40601202404809617,0.02344689378757515,0.009819639278557115,0.0,0.0012024048096192384,0
12100205,7009.0,480,2206,3317,371,185,7,438,0.06848337851333999,0.31473819375089174,0.4732486802682266,0.05293194464260237,0.026394635468683123,0.000998715936652875,0.06249108289342274,0
12100206,2661.0,43,1309,1174,56,75,3,0,0.01615933859451334,0.4919203307027433,0.44118752348741075,0.021044720030063885,0.02818489289740699,0.0011273957158962795,0.0,0
12200307,1534.0,49,747,675,25,0,38,0,0.031942633637548894,0.4869621903520209,0.44002607561929596,0.016297262059973925,0.0,0.024771838331160364,0.0,0
12200308,3025.0,189,135,2472,146,52,15,13,0.062479338842975206,0.04462809917355372,0.8171900826446281,0.048264462809917356,0.0171900826446281,0.0049586776859504135,0.004297520661157025,0
12200309,5941.0,941,2132,1933,268,213,0,446,0.15839084329237502,0.3588621444201313,0.3253660999831678,0.0451102507995287,0.035852550075744824,0.0,0.07507153677832015,0
12200310,3889.0,486,161,2425,201,572,0,42,0.12496785806119826,0.04139881717665209,0.6235536127539213,0.05168423759321162,0.14708151195680125,0.0,0.010799691437387503,0
12200411,168.0,10,75,79,0,0,0,6,0.05952380952380952,0.44642857142857145,0.47023809523809523,0.0,0.0,0.0,0.03571428571428571,0
12200412,2706.0,213,1217,668,178,104,90,245,0.0787139689578714,0.44974131559497416,0.24685883222468588,0.06577974870657798,0.038433111603843315,0.03325942350332594,0.09053954175905396,0
12200413,4359.0,198,828,2857,36,429,5,6,0.04542326221610461,0.1899518238128011,0.6554255563202569,0.008258774948382657,0.09841706813489333,0.0011470520761642578,0.0013764624913971094,0
12200414,554.0,18,237,251,22,14,0,7,0.032490974729241874,0.427797833935018,0.45306859205776173,0.039711191335740074,0.02527075812274368,0.0,0.01263537906137184,0
12200515,6371.0,2774,438,1905,168,611,106,370,0.4354104536179564,0.0687490189923089,0.2990111442473709,0.026369486736776016,0.09590331188196516,0.016637890441061058,0.05807565531313765,0
12400616,2850.0,241,456,946,655,307,135,113,0.08456140350877193,0.16,0.3319298245614035,0.22982456140350876,0.10771929824561403,0.04736842105263158,0.039649122807017545,0
12400617,2955.0,140,540,773,568,485,282,167,0.047377326565143825,0.18274111675126903,0.26159052453468695,0.19221658206429781,0.16412859560067683,0.09543147208121827,0.05651438240270728,0
12400618,1703.0,12,604,508,201,163,36,182,0.007046388725778039,0.35466823253082796,0.2982971227246036,0.11802701115678214,0.09571344685848503,0.021139166177334117,0.10687022900763359,0
12400619,3586.0,78,811,1196,731,535,112,125,0.021751254880089235,0.22615727830451757,0.33351924149470163,0.20384829894032347,0.14919129949804796,0.031232571109871723,0.03485778025655326,0
12400720,4043.0,123,1269,1557,621,307,87,79,0.030422953252535245,0.3138758347761563,0.38511006678209253,0.1535988127627999,0.07593371258966114,0.021518674251793223,0.019539945584961662,0
12400721,3759.0,170,1264,1171,512,295,189,161,0.04522479382814578,0.3362596435222134,0.3115190210162277,0.13620643788241554,0.07847831870178239,0.05027932960893855,0.04283054003724395,0
12400722,4451.0,788,1005,1315,478,414,93,363,0.17703886767018648,0.22579195686362616,0.29543922713996856,0.10739159739384407,0.09301280611098629,0.020894181082902717,0.081554706807459,0
12400723,3990.0,727,767,1309,500,404,89,188,0.18220551378446115,0.19223057644110275,0.3280701754385965,0.12531328320802004,0.1012531328320802,0.02230576441102757,0.04711779448621554,0
12500824,5753.0,376,2792,2331,98,108,25,21,0.06535720493655484,0.4853120111246306,0.4051799061359291,0.01703459064835738,0.01877281418390405,0.004345558838866679,0.0036502694246480097,0
12500825,4320.0,766,2170,1168,55,93,53,5,0.17731481481481481,0.5023148148148148,0.27037037037037037,0.01273148148148148,0.021527777777777778,0.012268518518518519,0.0011574074074074073,0
12500926,2855.0,151,1618,575,92,89,14,314,0.05288966725043783,0.5667250437828372,0.20140105078809106,0.03222416812609457,0.03117338003502627,0.004903677758318739,0.10998248686514886,0
12500927,3282.0,130,469,1371,424,537,30,322,0.039609993906154786,0.1429006703229738,0.41773308957952465,0.1291895185862279,0.1636197440585009,0.009140767824497258,0.09811090798293723,0
12500928,2601.0,767,497,826,223,146,40,104,0.2948865820838139,0.1910803537101115,0.3175701653210304,0.0857362552864283,0.05613225682429835,0.015378700499807767,0.03998462129950019,0
12500929,2165.0,101,600,502,449,237,96,181,0.046651270207852195,0.27713625866050806,0.23187066974595844,0.20739030023094687,0.10946882217090069,0.04434180138568129,0.0836027713625866,0
12500930,4693.0,163,1694,2545,138,138,6,6,0.03473258043895163,0.3609631365864053,0.5422970381419134,0.02940549754954187,0.02940549754954187,0.0012784998934583422,0.0012784998934583422,0
12601031,1500.0,65,197,909,156,107,30,39,0.043333333333333335,0.13133333333333333,0.606,0.104,0.07133333333333333,0.02,0.026,0
12601032,2616.0,0,19,2414,51,107,12,11,0.0,0.007262996941896025,0.922782874617737,0.0194954128440367,0.040902140672782875,0.0045871559633027525,0.004204892966360856,0
12601133,5138.0,31,0,5105,4,0,0,0,0.006033476060724017,0.0,0.9935772674192292,0.0007785130400934215,0.0,0.0,0.0,0
12601134,6932.0,0,0,6405,0,0,0,524,0.0,0.0,0.9239757645701097,0.0,0.0,0.0,0.07559145989613388,0
12601235,4273.0,0,12,3977,131,90,3,58,0.0,0.002808331383103206,0.9307278258834543,0.03065761759887667,0.021062485373274046,0.0007020828457758015,0.01357360168499883,0
12601236,1188.0,11,129,506,227,232,57,25,0.009259259259259259,0.10858585858585859,0.42592592592592593,0.19107744107744107,0.19528619528619529,0.047979797979797977,0.021043771043771045,0
