ihk_branch_id,ihk_branch_desc,Bewertung,Touristifizierung,Begründung,Abteilung,Gruppe,Klasse,Ebene
55,Beherbergung,,,Abteilungsebene (Sammelcode),55,,,Abteilung
551,"Hotels, Gasthöfe u. Pensionen",,relevant,Hotel/Pension – touristifizierungsrelevant,55,55.1,,Gruppe
5510,"Hotels, Gasthöfe u. Pensionen",,relevant,Hotel/Pension – touristifizierungsrelevant,55,55.1,55.1,Klasse
55101,Hotels (ohne Hotels garnis),,relevant,Hotel/Pension – touristifizierungsrelevant,55,55.1,55.1,Unterklasse
55102,Hotels garnis,,relevant,Hotel/Pension – touristifizierungsrelevant,55,55.1,55.1,Unterklasse
55103,Gasthöfe,,relevant,Hotel/Pension – touristifizierungsrelevant,55,55.1,55.1,Unterklasse
55104,Pensionen,,relevant,Hotel/Pension – touristifizierungsrelevant,55,55.1,55.1,Unterklasse
552,Ferienunterkünfte u. ähnliche Beherbergungsstätten,,,Sammelcode - lässt sich nicht zuordnen,55,55.2,,Gruppe
5520,Ferienunterkünfte u. ähnliche Beherbergungsstätten,,,Sammelcode - lässt sich nicht zuordnen,55,55.2,55.2,Klasse
55201,Erholungs- u. Ferienheime,,,Jugendherberge/Heim – nicht touristifizierungsrelevant,55,55.2,55.2,Unterklasse
55202,Ferienzentren,,relevant,Ferienunterkunft – touristifizierungsrelevant,55,55.2,55.2,Unterklasse
55203,Ferienhäuser u. Ferienwohnungen,,relevant,Ferienunterkunft – touristifizierungsrelevant,55,55.2,55.2,Unterklasse
55204,Jugendherbergen u. Hütten,,relevant,Jugendherberge/Heim – eher nicht touristifizierungsrelevant,55,55.2,55.2,Unterklasse
553,Campingplätze,,,Camping/Stellplatz – nicht touristifizierungsrelevant,55,55.3,,Gruppe
5530,Campingplätze,,,Camping/Stellplatz – nicht touristifizierungsrelevant,55,55.3,55.3,Klasse
55300,Campingplätze,,,Camping/Stellplatz – nicht touristifizierungsrelevant,55,55.3,55.3,Unterklasse
559,Sonstige Beherbergungsstätten,,,Sammelcode - lässt sich nicht zuordnen,55,55.9,,Gruppe
5590,Sonstige Beherbergungsstätten,,,Sammelcode - lässt sich nicht zuordnen,55,55.9,55.9,Klasse
55901,Privatquartiere,,relevant,Privatquartier (Kurzzeitvermietung) – touristifizierungsrelevant,55,55.9,55.9,Unterklasse
55909,Sonstige Beherbergungsstätten a. n. g.,,,Sammelcode - lässt sich nicht zuordnen,55,55.9,55.9,Unterklasse
559090,Boardinghouses,,relevant,Boardinghouse (Serviced Apartment) – touristifizierungsrelevant,55,55.9,55.9,Detail
56,Gastronomie,,,Abteilungsebene (Sammelcode),56,,,Abteilung
561,"Restaurants, Gaststätten, Imbissstuben, Cafés, Eissalons u. ä.",gemischt,,Sammelcode - lässt sich nicht zuordnen,56,56.1,,Gruppe
5610,"Restaurants, Gaststätten, Imbissstuben, Cafés, Eissalons u. ä.",gemischt,,Sammelcode - lässt sich nicht zuordnen,56,56.1,56.1,Klasse
56101,Restaurants mit herkömmlicher Bedienung,Aufwertung,,Restaurant mit Bedienung – Aufwertungsgastronomie,56,56.1,56.1,Unterklasse
561010,Speisewagenbetriebe,neutral,,kein eindeutiges Signal,56,56.1,56.1,Detail
561011,Systemgastronomie,Aufwertung,,"Ketten - Sowas wie McDonald's, Kamps, L'Osteria, Starbucks",56,56.1,56.1,Detail
56102,Restaurants mit Selbstbedienung,Aufwertung,,Eher traditionell oder neutral? ,56,56.1,56.1,Unterklasse
56103,Imbissstuben u.ä.,Gesamtgastro ,,Imbiss – traditioneller Betrieb,56,56.1,56.1,Unterklasse
561030,EH m. Nahrungsmitteln u. Getränken im Reisebus usw.,neutral,,kein eindeutiges Signal,56,56.1,56.1,Detail
56104,Cafés,Aufwertung,,Café– Aufwertungssignal,56,56.1,56.1,Unterklasse
561040,Stehcafes / Coffee-Shop,Aufwertung,,Café– Aufwertungssignal,56,56.1,56.1,Detail
56105,Eissalons,Gesamtgastro ,,Eissalon – kein eindeutiges Signal (Premium-Eisladen mit Zitrone-Basilikum-Manukahonig-Eis lässt sich nicht von der traditionellen Eisdiele abgrenzen),56,56.1,56.1,Unterklasse
562,Caterer u. Erbringung sonstiger Verpflegungsdienstleistungen,neutral,,Catering - kein Gentrifizierungssignal,56,56.2,,Gruppe
5621,Event-Caterer,neutral,,Versorgung/Catering/Sonstiges – kein Gentrifizierungssignal,56,56.2,56.21,Klasse
56210,Event-Caterer,neutral,,Versorgung/Catering/Sonstiges – kein Gentrifizierungssignal,56,56.2,56.21,Unterklasse
562100,Partyservice,neutral,,Versorgung/Catering/Sonstiges – kein Gentrifizierungssignal,56,56.2,56.21,Detail
562101,Eventcooking / Mietkoch,neutral,,Versorgung/Catering/Sonstiges – kein Gentrifizierungssignal,56,56.2,56.21,Detail
5629,Erbringung sonstiger Verpflegungsdienstleistungen,neutral,,Verflegungsdienstleistungen - kein Gentrifizierungssignal,56,56.2,56.29,Klasse
56290,Erbringung sonstiger Verpflegungsdienstleistungen,neutral,,Verpflegungsdienstleistungen - kein eindeutiges Gentrifizierungssignal,56,56.2,56.29,Unterklasse
562900,Kantinen,neutral,,Versorgung/Catering/Sonstiges – kein Gentrifizierungssignal,56,56.2,56.29,Detail
562901,"Schulkantinen, Pausenverkauf",neutral,,Versorgung/Catering/Sonstiges – kein Gentrifizierungssignal,56,56.2,56.29,Detail
562902,Essen auf Rädern,neutral,,Versorgung/Catering/Sonstiges – kein Gentrifizierungssignal,56,56.2,56.29,Detail
562903,Bringdienste mit fertigen Speisen,neutral,,Versorgung/Catering/Sonstiges – kein Gentrifizierungssignal,56,56.2,56.29,Detail
563,Ausschank v. Getränken,gemischt,,Sammelcode - lässt sich nicht zuordnen,56,56.3,,Gruppe
5630,Ausschank v. Getränken,gemischt,,Sammelcode - lässt sich nicht zuordnen,56,56.3,56.3,Klasse
56301,Schankwirtschaften,Gesamtgastro ,,Schankwirtschaft/Eckkneipe – traditioneller Betrieb,56,56.3,56.3,Unterklasse
563010,Gaststätten als Zeltbetriebe,neutral,,Versorgung/Catering/Sonstiges – kein Gentrifizierungssignal,56,56.3,56.3,Detail
56302,Diskotheken u. Tanzlokale,Gesamtgastro ,,Nachtgastronomie – kein eindeutiges Aufwertungssignal,56,56.3,56.3,Unterklasse
56303,Bars,Aufwertung,,Bar – Aufwertungsgastronomie,56,56.3,56.3,Unterklasse
563030,"Raucherlokal, Shisha Bar",Gesamtgastro ,,Shisha-/Raucherlokal – kein klassisches Aufwertungssignal ,56,56.3,56.3,Detail
56304,Vergnügungslokale,Gesamtgastro ,,Vergnügungslokal – kein eindeutiges Signal,56,56.3,56.3,Unterklasse
56309,Sonstige getränkegeprägte Gastronomie,neutral,,Sonstiges - lässt sich nicht zuordnen,56,56.3,56.3,Unterklasse
