plr_id,plr_name,re_anteil_vor_1919,re_anteil_y1919_1948,re_anteil_y1949_1978,re_anteil_y1979_1990,re_anteil_y1991_2000,re_anteil_y2001_2010,re_anteil_y2011_plus
01100101,Stülerstraße,0.1181598062953995,0.0082324455205811,0.5617433414043583,0.1486682808716707,0.0629539951573849,0.0,0.1026634382566585
01100102,Großer Tiergarten,0.2287188306104901,0.0154772141014617,0.0206362854686156,0.0834049871023215,0.354256233877902,0.2269991401547721,0.0705073086844368
01100103,Lützowstraße,0.3237832240248533,0.050742147048671,0.2557818432861581,0.1881256472212633,0.0497065930272695,0.0372799447704521,0.09285467725233
01100104,Körnerstraße,0.277822257806245,0.0308246597277822,0.3242594075260208,0.1729383506805444,0.0044035228182546,0.0752602081665332,0.1144915932746196
01100205,Wilhelmstraße,0.1688693098384728,0.0044052863436123,0.0418502202643171,0.3061674008810572,0.2254038179148311,0.1747430249632892,0.079295154185022
01100206,Unter den Linden,0.3245614035087719,0.003987240829346,0.0199362041467304,0.2488038277511961,0.1355661881977671,0.1602870813397129,0.1100478468899521
01100207,Leipziger Straße,0.0135105687513619,0.0030507735890172,0.4857267378513837,0.1773806929614295,0.0551318370015253,0.0485944650250599,0.2161691000217912
01100308,Charitéviertel,0.347233691164327,0.0317919075144508,0.0999174236168455,0.0815441783649876,0.1655656482246077,0.0869116432700247,0.1864161849710982
01100309,Oranienburger Straße,0.5369082642417758,0.0207274672372292,0.0135062851029687,0.2139609521262369,0.1146028349826156,0.0441294463760363,0.0562984755282161
01100310,Alexanderplatzviertel,0.1062888961677039,0.0948247625286603,0.3722567965935145,0.3234523419587291,0.041598427775958,0.0142482803799541,0.0488044546347854
01100311,Karl-Marx-Allee,0.0067887265994651,0.0,0.9131865871219914,0.033737914009463,0.0,0.0006171569635877,0.0458753342933552
01100312,Heine-Viertel West,0.1013126893301918,0.0146415348367553,0.4897340962638842,0.0828004039044092,0.0555368562773476,0.0481319421070346,0.2086839447997307
01100313,Heine-Viertel Ost,0.1080267558528428,0.0080267558528428,0.3533444816053511,0.1511705685618729,0.1446488294314381,0.0692307692307692,0.1657190635451505
01100414,Nordbahnhof,0.2426920462270564,0.0088375254928619,0.1437797416723317,0.0176750509857239,0.0394289598912304,0.0720598232494901,0.4768864717878994
01100415,Invalidenstraße,0.5753459438872667,0.0204392535229148,0.1067665354830519,0.0912784054843214,0.0647454614701028,0.0585248190935635,0.0817570140916592
01100416,Arkonaplatz,0.6216490916020836,0.0351924787193495,0.106466776775505,0.0579341887943082,0.0274425104815144,0.0603481133274044,0.091602083598018
01200517,Huttenkiez,0.6022126022126022,0.1038961038961039,0.2015392015392015,0.011063011063011,0.0495430495430495,0.0014430014430014,0.0307840307840307
01200518,Beusselkiez,0.6134564643799473,0.0221635883905013,0.2815303430079156,0.0319261213720316,0.0155672823218997,0.0,0.0369393139841688
01200519,Emdener Straße,0.6143126177024482,0.0065913370998116,0.3112994350282486,0.0288135593220339,0.011864406779661,0.0005649717514124,0.0269303201506591
01200520,Bremer Straße,0.5430288036755611,0.0171408376038169,0.2781410143134829,0.0586676091182187,0.0454143841668139,0.0017670966601873,0.0561936737939565
01200521,Zwinglistraße,0.5353857041755131,0.0583864118895966,0.2753007784854918,0.0484784147204529,0.0184005661712668,0.0,0.0636942675159235
01200522,Elberfelder Straße,0.4960652870883124,0.0973477120373069,0.3000582920431361,0.0405129699795977,0.016176041970271,0.0218595161760419,0.0284173710288545
01200623,Stephankiez,0.6174418604651163,0.0307308970099667,0.2262458471760797,0.0367109634551495,0.0534883720930232,0.0018272425249169,0.0333887043189368
01200624,Heidestraße,0.0772558714462299,0.0126699629171817,0.1121755253399258,0.0200865265760197,0.092088998763906,0.0012360939431396,0.6826328800988876
01200625,Lübecker Straße,0.4356139826710487,0.0035853002688975,0.4093217806991335,0.1057663579324768,0.0206154765461607,0.0,0.0242007768150582
01200626,Thomasiusstraße,0.3879608294930876,0.0034562211981566,0.4533410138248848,0.0299539170506912,0.0820852534562212,0.0115207373271889,0.0339861751152073
01200627,Zillesiedlung,0.0559646539027982,0.0,0.3011782032400589,0.6303387334315169,0.0073637702503681,0.0,0.008100147275405
01200628,Lüneburger Straße,0.206415620641562,0.0,0.3351929335192933,0.0362622036262203,0.3412366341236634,0.0,0.0804277080427708
01200629,Hansaviertel,0.1561777549447726,0.0015412278448497,0.7320832263036219,0.0477780631903416,0.0131004366812227,0.0051374261494991,0.0441818648856922
01300730,Drontheimer Straße,0.4241410763149894,0.1343873517786561,0.2024931590148981,0.2040133779264214,0.0255396777135907,0.0,0.0072970507753116
01300731,Koloniestraße,0.4856749942699977,0.1203300481320192,0.3195049278019711,0.0174192069676827,0.037818015127206,0.0,0.0199404079761631
01300732,Soldiner Straße,0.5058900523560209,0.1215095986038394,0.2940663176265271,0.0329406631762652,0.0205061082024432,0.0,0.0235602094240837
01300733,Gesundbrunnen,0.4365175332527207,0.1269649334945586,0.2551390568319226,0.0514769390222836,0.0383485921575401,0.0,0.0910347210226291
01300834,Brunnenstraße,0.0359543536032515,0.0,0.4247303423479756,0.4164452086915742,0.0,0.0297014225418164,0.0934813193684539
01300835,Humboldthain Süd,0.0887585162755488,0.0005677517032551,0.563777441332324,0.1989023467070401,0.0456093868281604,0.0,0.1040878122634367
01300836,Humboldthain Nordwest,0.4041628243973126,0.0226584112765116,0.3216967461467527,0.1291002502964036,0.0266104597549729,0.0025029640363588,0.0934000790409695
01400937,Afrikanische Straße,0.1837751004016064,0.5908433734939759,0.193574297188755,0.01429718875502,0.0094779116465863,0.0,0.0078714859437751
01400938,Kameruner Straße,0.5822784810126582,0.0498539435248296,0.2607594936708861,0.0720545277507302,0.0148003894839337,0.0007789678675754,0.0192794547224926
01400939,Glasgower Straße,0.5588611644273832,0.2655150351887396,0.1142034548944337,0.0102367242482405,0.009916826615483,0.0,0.0409468969929622
01400940,Schillerpark,0.0093385214007782,0.1761348897535668,0.7714656290531777,0.0223086900129701,0.001556420233463,0.0,0.0194552529182879
01400941,Londoner Straße,0.0338186942226397,0.1775481446688586,0.7646782527007985,0.0117426021606387,0.0108031939877876,0.0,0.0
01400942,Westliche Müllerstraße,0.5821179454660749,0.2077784823504544,0.0708095540054956,0.0682730923694779,0.0238850137391671,0.0,0.0481927710843373
01401043,Antonstraße,0.4940408626560726,0.02894438138479,0.1730987514188422,0.2202043132803632,0.054199772985244,0.0,0.028660612939841
01401044,Uferstraße,0.4438546345447121,0.0132707227439771,0.3830134748877092,0.1124948958758677,0.0036749693752552,0.0,0.0430788076766026
01401045,Schwedenstraße,0.4429275692074327,0.0341296928327645,0.2332195676905574,0.0910125142207053,0.1213500189609404,0.0,0.0781190747061054
01401046,Nordufer,0.6860264519838988,0.0191681042744872,0.1042744872532106,0.0776308223116733,0.0845313398504887,0.0065171554533256,0.0207015526164462
01401047,Sparrplatz,0.4564979180363795,0.0168748630287091,0.2316458470304624,0.064212141135218,0.0962086346701731,0.0,0.1341222879684418
01401048,Leopoldplatz,0.6372195512820513,0.0470753205128205,0.2161458333333333,0.0616987179487179,0.0252403846153846,0.0,0.0138221153846153
01401049,Schulstraße,0.5708769994484281,0.0071704357418643,0.3033645890788748,0.0397131825703254,0.078323221180364,0.0,0.0
02100101,Askanischer Platz,0.0999361430395913,0.0047892720306513,0.6069604086845466,0.1369731800766283,0.0727969348659003,0.0009578544061302,0.0772669220945083
02100102,Mehringplatz,0.0814124570868072,0.0213339872486513,0.6284943599803825,0.0904855321235899,0.0895046591466405,0.0308974987739087,0.0573810691515448
02100103,Am Berlin Museum,0.0496062992125984,0.0,0.5488188976377952,0.3129921259842519,0.0783464566929133,0.0,0.0090551181102362
02100104,Moritzplatz,0.1364913689281413,0.0,0.7462866318747491,0.0578081091930951,0.0602167804094741,0.0012043356081894,0.0
02100105,Prinzenstraße,0.0996464869642068,0.0019885108263367,0.8252319929297393,0.0247459125055236,0.0,0.046177640300486,0.0015466195315952
02100106,Wassertorplatz,0.2234636871508379,0.0,0.5991620111731844,0.148510242085661,0.0046554934823091,0.0232774674115456,0.0
02200207,Gleisdreieck,0.2690541781450872,0.0,0.0707070707070707,0.0,0.0101010101010101,0.0,0.6483011937557392
02200208,Rathaus Yorckstraße,0.6109303838646715,0.0084580351333767,0.3051398828887443,0.0712426805465192,0.0022771633051398,0.0,0.0022771633051398
02200209,Viktoriapark,0.6645757675800594,0.0004952129415648,0.2672499174645097,0.0231099372730274,0.017992736876857,0.0097391878507758,0.0160118851105975
02200210,Urbanstraße,0.6889573251209855,0.0121718727086083,0.2390379821088136,0.0341692330253702,0.0021997360316761,0.0080656987828127,0.0146649068778413
02200211,Chamissokiez,0.8113585483680924,0.0214445622717096,0.125957346529987,0.0129609991752091,0.021680216802168,0.0,0.0065983268528337
02200212,Graefekiez Süd,0.6109535238926468,0.0050185468034038,0.1797948941741217,0.1865590224743617,0.0089461051712851,0.0082915121099716,0.0
02200213,Graefekiez Nord,0.767986230636833,0.0235800344234079,0.1619621342512908,0.0375215146299483,0.0043029259896729,0.0,0.0036144578313253
02300314,Oranienplatz,0.7178204058938004,0.0061162079510703,0.1845982763413956,0.0834028356964136,0.0033361134278565,0.0016680567139282,0.0030581039755351
02300315,Lausitzer Platz,0.5842293906810035,0.0231780167264038,0.2886499402628434,0.0888888888888888,0.005973715651135,0.007168458781362,0.001194743130227
02300316,Köpenicker Straße,0.4759136212624584,0.0,0.4555647840531561,0.0477574750830564,0.0,0.0024916943521594,0.0157807308970099
02300417,Reichenberger Straße West,0.6445853887714352,0.0204369274136716,0.2372562837679116,0.079163730326521,0.0070472163495419,0.0007047216349541,0.0101010101010101
02300418,Reichenberger Straße Ost,0.6711485870556062,0.0175478577939835,0.2445305378304466,0.042616226071103,0.0082041932543299,0.0,0.0164083865086599
02300419,Wrangelkiez,0.7667489421720733,0.0121650211565585,0.1914668547249647,0.0151622002820874,0.0068758815232722,0.0054654442877291,0.001410437235543
02400520,Barnimkiez,0.0755432907899275,0.0,0.8009658502932046,0.0786478095895136,0.0068989306657468,0.0,0.0403587443946188
02400521,Friedenstraße,0.1994750656167979,0.0172790901137357,0.5135608048993876,0.0918635170603674,0.0678040244969378,0.0247156605424321,0.0857392825896763
02400522,Richard-Sorge-Viertel,0.4108149276466108,0.0038080731150038,0.3661843107387661,0.0522467631378522,0.0828636709824828,0.045087585681645,0.0388423457730388
02400623,Andreasviertel,0.0536625741481583,0.0,0.7595530417988688,0.0726996827148572,0.0041385018623258,0.0277279624775831,0.081804386811974
02400624,Weberwiese,0.3968481375358166,0.0107449856733524,0.4699140401146132,0.0434097421203438,0.0431232091690544,0.0120343839541547,0.0240687679083094
02400625,Wriezener Bahnhof,0.1726755218216318,0.0,0.0132827324478178,0.4174573055028463,0.0,0.0,0.396584440227704
02500726,Hausburgviertel,0.7243223965763196,0.0262125534950071,0.1553138373751783,0.0296005706134094,0.0256776034236804,0.0026747503566333,0.0361982881597717
02500727,Forckenbeckplatz,0.4429587482219061,0.0307254623044096,0.2128022759601707,0.1749644381223328,0.0105263157894736,0.0073968705547652,0.1220483641536273
02500728,Samariterviertel,0.7997164126196384,0.0295994328252392,0.0331442750797589,0.0060262318326834,0.0572492024104927,0.0026586316908897,0.0712513293158454
02500729,Pettenkofer Straße,0.630254882489242,0.0089374379344587,0.0049652432969215,0.1307514068189341,0.07911287653095,0.0082754054948692,0.1390268123138033
02500830,Niederbarnimstraße,0.5403191030616645,0.0297542043984476,0.1591203104786546,0.0767572229409228,0.0892626131953428,0.0168175937904269,0.0840879689521345
02500831,Wismarplatz,0.5975872468763465,0.0508401551055579,0.1027574321413184,0.1583369237397673,0.0372684187850064,0.0236966824644549,0.0305902628177509
02500832,Traveplatz,0.5455541354756254,0.0217272229322621,0.1132006572941391,0.0613474529852108,0.0613474529852108,0.0206317327003834,0.176008763921855
02500833,Boxhagener Platz,0.8320318989865426,0.030071440438611,0.0903804618707426,0.0029905299883701,0.0093038710749293,0.0,0.0358863598604419
02500834,Revaler Straße,0.7926017644327503,0.0238353196099674,0.0759944281071041,0.0106794613836867,0.015941804674199,0.0160965794768611,0.0650054171180931
02500835,Stralauer Kiez,0.4995614035087719,0.0256578947368421,0.1817982456140351,0.1212719298245614,0.0098684210526315,0.0120614035087719,0.1497807017543859
02500836,Stralauer Halbinsel,0.1751152073732718,0.044700460829493,0.0304147465437788,0.0175115207373271,0.308294930875576,0.1470046082949308,0.276036866359447
03100101,Bucher Forst,0.2819237147595356,0.1094527363184079,0.2640961857379768,0.1687396351575456,0.0808457711442786,0.0273631840796019,0.0688225538971807
03100102,Klinikum Buch,0.1864171864171864,0.0796950796950796,0.2619542619542619,0.3603603603603603,0.0582120582120582,0.0297990297990298,0.0249480249480249
03100103,Karower Chaussee,0.0036465036465036,0.0098670098670098,0.5832260832260833,0.4032604032604032,0.0,0.0,0.0
03200204,Blankenfelde,0.1396702230843841,0.3685741998060136,0.1998060135790494,0.093113482056256,0.0950533462657614,0.055286129970902,0.0475266731328807
03200205,Uhlandstraße,0.2691947565543071,0.2031835205992509,0.0554775280898876,0.0393258426966292,0.2804307116104869,0.0489232209737827,0.1034644194756554
03200206,Pastor-Niemöller-Platz,0.4095208070617906,0.1800126103404792,0.0658890290037831,0.0406683480453972,0.1592055485498108,0.0457124842370744,0.1002522068095838
03200207,Herthaplatz,0.1891987292622661,0.1189551711966113,0.0407695022943875,0.0300035298270384,0.4027532650900106,0.0887751500176491,0.1293681609601129
03200308,Nisbléstraße,0.0728338216827124,0.0925073252406864,0.0364169108413562,0.0179991628296358,0.5127668480535789,0.1770615320217664,0.0879028882377563
03200309,Eddastraße,0.149629018961253,0.1632316570486397,0.106760098928277,0.0441055234954657,0.2559769167353669,0.1046990931574608,0.1747732893652102
03200310,Krugpfuhl,0.0209020902090209,0.0445544554455445,0.0283278327832783,0.0099009900990099,0.7277227722772277,0.0915841584158415,0.0783828382838283
03300411,Karow Nord,0.0022363026462914,0.0752888557584793,0.0065225493850167,0.0059634737234439,0.8389862094670145,0.032053671263511,0.0387625792023853
03300412,Karow Bahnhof,0.0532698137721957,0.2464270246860112,0.0705933304460805,0.0519705500216544,0.3598960588999567,0.1303594629709831,0.0883499350368124
03300413,Karow Ost,0.0224215246636771,0.1696562032884903,0.0724962630792227,0.054559043348281,0.4095665171898355,0.1965620328849028,0.0732436472346786
03300514,Blankenburg,0.0447708989157047,0.2455403987408184,0.1259181532004197,0.0814970269324938,0.2843651626442812,0.1192724728926198,0.0986358866736621
03300515,Blankenburger Süden,0.125,0.2083333333333333,0.5416666666666666,0.125,0.0,0.0,0.0
03300516,Heinersdorf,0.040650406504065,0.3176538908246225,0.0508130081300813,0.0522648083623693,0.3034262485481998,0.0821718931475029,0.1533101045296167
03300517,Märchenland,0.005813953488372,0.8449612403100775,0.0542635658914728,0.0290697674418604,0.0174418604651162,0.0213178294573643,0.0096899224806201
03400618,Rosenthal,0.0522424839822572,0.0808279940857565,0.0374568753080335,0.0404139970428782,0.5396747166091671,0.1212419911286347,0.1291276490882208
03400619,Wilhelmsruh,0.2139418447910649,0.1188137877912574,0.2645869439630272,0.0325438089736183,0.2459079530136722,0.0454457924128634,0.0779896013864818
03400620,Schönholz,0.2703947368421052,0.2723684210526316,0.0855263157894736,0.0118421052631578,0.1875,0.0980263157894736,0.0736842105263157
03400721,Florakiez,0.6013769363166953,0.114802065404475,0.0602409638554216,0.0139414802065404,0.0698795180722891,0.0333907056798623,0.1056798623063683
03400722,Parkstraße,0.4041450777202072,0.1151410477835348,0.0656303972366148,0.0,0.2130109383995394,0.1301093839953943,0.0708117443868739
03400723,Garbátyplatz,0.4650036328408816,0.1024461128602567,0.2036812787599903,0.0484378784209251,0.0319689997578106,0.011625090821022,0.135868248970695
03400724,Wolfshagener Straße,0.1721750781598928,0.429432782492184,0.3555158552925413,0.0011165698972755,0.0183117463153193,0.0093791871371147,0.0136221527467619
03400725,Schlosspark,0.1486189195795649,0.0422879491566854,0.6086531410413102,0.003177707162063,0.0701539965778538,0.0351992177951601,0.0914201906624297
03400826,Tiroler Viertel,0.241578947368421,0.2010526315789473,0.3868421052631579,0.0192105263157894,0.0247368421052631,0.0026315789473684,0.1239473684210526
03400827,Trelleborger Viertel,0.3222098628105302,0.3698553948832035,0.0780496848350018,0.0845383759733036,0.0621060437523173,0.0263255469039673,0.0567296996662958
03400828,Spiekermann Straße,0.3074098798397864,0.0380507343124165,0.3371161548731642,0.0874499332443257,0.034712950600801,0.010347129506008,0.1835781041388518
03400829,Arnold-Zweig-Straße,0.2331110466801971,0.0556683096549724,0.1983183531458393,0.3754711510582778,0.0049289649173673,0.0,0.1316323572049869
03400830,Kissingenviertel,0.1651963328143919,0.6912298910223145,0.0617540217955371,0.0076111399411866,0.0344231101885487,0.0005189413596263,0.0384016606123508
03400831,Pankower Tor,,,,,,,
03500932,Bühringstraße,0.0086931324253839,0.6595189800057955,0.2193567082005215,0.0084033613445378,0.0680962039988409,0.0063749637786148,0.031005505650536
03500933,Weißer See,0.2061931678545097,0.3271073973949373,0.1410666011304989,0.0081101007618579,0.204227082821332,0.0407962644384369,0.0715163430818383
03500934,Weißenseer Spitze,0.3222756676065682,0.1313650688339691,0.1247304693979101,0.0068004644219605,0.2955714048764306,0.024382152927517,0.0955382318792502
03500935,Behaimstraße,0.4844517184942717,0.1489361702127659,0.1598472449536279,0.0008183306055646,0.119203491543917,0.0040916530278232,0.082924168030551
03500936,Komponistenviertel Weißensee,0.4032411820781696,0.1454718779790276,0.2373689227836034,0.0167778836987607,0.1067683508102955,0.036606291706387,0.0531935176358436
03501037,Rathaus Weißensee,0.1371496720333929,0.2311667660504869,0.4577618763665275,0.0033790498906777,0.1037567084078712,0.0065593321407274,0.058437686344663
03501038,Hansastraße,0.0305654610290371,0.1818644931227712,0.2590422822210901,0.1242995415180845,0.3331635252165053,0.032603158430973,0.0382068262862964
03601139,Norweger Viertel,0.4915254237288136,0.1935771632471008,0.0950044603033006,0.083407671721677,0.0642283675289919,0.0133809099018733,0.0584299732381801
03601140,Malmöer Straße,0.8591127098321343,0.0050959232613908,0.0257793764988009,0.0188848920863309,0.0047961630695443,0.0,0.0869304556354916
03601141,Arnimplatz,0.8830784410458806,0.0407005426739023,0.0234336457819437,0.0054267390231869,0.009126788357178,0.0113468179575727,0.0286137148495313
03601142,Falkplatz,0.816126013724267,0.0586400499064254,0.0497504678727386,0.0,0.0160636306924516,0.0283842794759825,0.0315034310667498
03601243,Rodenbergstraße,0.7228062157221207,0.1572212065813528,0.0605575868372943,0.0114259597806215,0.0294789762340036,0.0059414990859232,0.0114259597806215
03601244,Humannplatz,0.38608280945155,0.5068285280728376,0.0726208541079557,0.0,0.0238456535876869,0.0101885974420117,0.0
03601245,Ostseestraße,0.2026862026862027,0.4905982905982906,0.2399267399267399,0.0122100122100122,0.0212454212454212,0.014041514041514,0.0195360195360195
03601346,Gethsemanekirche,0.7641921397379913,0.0553129548762736,0.0544395924308588,0.0,0.0323144104803493,0.011353711790393,0.0823871906841339
03601347,Helmholtzplatz,0.8382906626506024,0.072289156626506,0.0327560240963855,0.0,0.0197665662650602,0.0180722891566265,0.0182605421686747
03601348,Senefelderstraße,0.823516287371709,0.0763052208835341,0.0330209727800089,0.002454261490406,0.0243195002231146,0.0254350736278447,0.0149486836233824
03601449,Michelangelostraße,0.0,0.0914104278074866,0.8435828877005348,0.0513034759358288,0.0,0.013201871657754,0.0
03601450,Volkspark Prenzlauer Berg,0.0024449877750611,0.2035452322738386,0.5311735941320294,0.1833740831295843,0.0635696821515892,0.0079462102689486,0.0079462102689486
03601451,Anton-Saefkow-Park,0.3,0.3723860589812332,0.2506702412868632,0.0,0.0412868632707774,0.0040214477211796,0.031367292225201
03601452,Velodrom,0.2910945468811298,0.1165162808944684,0.3797567673597489,0.0796390741467242,0.0517850137308748,0.003138485680659,0.0749313456257355
03601453,Alter Schlachthof,0.0769230769230769,0.0,0.016994633273703,0.01520572450805,0.0,0.5098389982110912,0.3855098389982111
03701554,Teutoburger Platz,0.7201397712833545,0.0209656925031766,0.0968869123252859,0.0120711562897077,0.0592439644218551,0.0449491740787801,0.0447903430749682
03701555,Sredzkistraße,0.8453583453583453,0.0264550264550264,0.0832130832130832,0.005050505050505,0.03006253006253,0.0055315055315055,0.0048100048100048
03701556,Kollwitzplatz,0.686358754027927,0.0294307196562835,0.0706766917293233,0.0,0.0414607948442534,0.0595059076262083,0.1125671321160042
03701657,Thälmannpark,0.0,0.0863787375415282,0.0,0.7408637873754153,0.0,0.0071982281284606,0.1677740863787375
03701658,Christburger Straße,0.7944639537285685,0.0396612270192109,0.0493699648832885,0.0322247469531088,0.0254079735591819,0.014666391241479,0.043792604833712
03701659,Immanuelkirchstraße,0.6376924576106022,0.0210485285519391,0.2217891249269148,0.0087702202299746,0.0530111089456246,0.023971935295264,0.034106412005457
03701660,Bötzowstraße,0.72184493491794,0.0434352009054895,0.1369552914544425,0.015704584040747,0.0246179966044142,0.0365025466893039,0.0210809281267685
04100101,Jungfernheide/Plötzensee,0.0082430903507354,0.2925488928398254,0.6652658800711169,0.0218199450460643,0.0021011798933247,0.0,0.0085663487958622
04100102,Paul-Hertz-Siedlung,0.0,0.0,0.7515873015873016,0.0543650793650793,0.1924603174603174,0.0,0.0
04200203,Olympiagelände,0.0303468208092485,0.5303468208092486,0.2904624277456647,0.0520231213872832,0.0447976878612716,0.0,0.0592485549132947
04200204,Angerburger Allee,0.0110400929692039,0.0063916327716443,0.9424753050552004,0.0069726902963393,0.0214991284137129,0.0,0.0127832655432887
04200205,Flatowallee,0.0309343434343434,0.0713383838383838,0.7550505050505051,0.0138888888888888,0.0763888888888889,0.0252525252525252,0.0271464646464646
04200206,Kranzallee,0.0496046010064701,0.1329978432782171,0.5830337886412653,0.0661394680086268,0.0948957584471603,0.0337886412652767,0.0388209920920201
04200207,Eichkamp,0.0225140712945591,0.3933708567854909,0.5265791119449656,0.0218886804252657,0.0175109443402126,0.0112570356472795,0.0093808630393996
04200308,Branitzer Platz,0.1773049645390071,0.2249645390070922,0.4243971631205673,0.0275177304964539,0.105531914893617,0.0087943262411347,0.0306382978723404
04200309,Neu Westend,0.0225773718924403,0.5149670218163369,0.417554540842212,0.015220700152207,0.0124302384576357,0.0,0.0167427701674277
04200310,Fürstenplatz,0.2094046791753532,0.3259207783182766,0.4053741023859161,0.039379198517489,0.0115821172110261,0.0046328468844104,0.0048644892286309
04200311,Königin-Elisabeth-Straße,0.4609846725499303,0.3100325127728751,0.2036692986530422,0.0190431955411054,0.0034835113794705,0.0,0.0039479795633999
04300412,Schlossgarten,0.1773748521876231,0.0086716594402837,0.5348837209302325,0.0126133228222309,0.0098541584548679,0.0,0.2526606227828143
04300413,Klausenerplatz,0.6940883872202028,0.0132006887315859,0.1819399273005548,0.0947005930744212,0.0132006887315859,0.0,0.0022957719533193
04300414,Schloßstraße,0.6839378238341969,0.0215349740932642,0.2159974093264248,0.0506800518134715,0.0079339378238341,0.0,0.0199158031088082
04300415,Lietzensee,0.4745459196725505,0.109490918393451,0.2801227935533384,0.0711179329751854,0.0153491941673062,0.0166282936812484,0.0314658480429777
04300416,Amtsgerichtsplatz,0.6798107255520505,0.0187840550616575,0.2292801835388586,0.0319759105248064,0.0050186406653283,0.0226555778606251,0.0114711786636076
04300517,Tegeler Weg,0.4547651933701657,0.2365331491712707,0.2567334254143646,0.0288328729281767,0.0034530386740331,0.0,0.0196823204419889
04300518,Kaiserin-Augusta-Allee,0.5006108735491753,0.1912034208918754,0.1585216860109957,0.0681124007330482,0.0400122174709835,0.0036652412950519,0.0378741600488698
04300619,Alt-Lietzow,0.3497722321251733,0.0150524856407209,0.5341651812240048,0.0903149138443256,0.0091107149930679,0.0,0.0017825311942959
04300620,Spreestadt,0.4370477568740955,0.1167390255668113,0.2001929570670526,0.1013024602026049,0.0226724553786782,0.0,0.1210805595754944
04300621,Richard-Wagner-Straße,0.4414049854321787,0.0200712204596956,0.4174490126254451,0.0791518290708967,0.0192618970540628,0.0,0.0233085140822272
04300622,Ernst-Reuter-Platz,0.2060543515651874,0.0715514275885793,0.4595803233574131,0.0939112487100103,0.0488476092191262,0.0024079807361541,0.1183350533195734
04300623,Karl-August-Platz,0.5128490068065009,0.0286150854285317,0.3503264342269759,0.0411168217808028,0.0206973190720933,0.0056952354493679,0.0409779135991109
04300624,Savignyplatz,0.5338028169014084,0.0172535211267605,0.3617957746478873,0.0498239436619718,0.0195422535211267,0.0068661971830985,0.0116197183098591
04400725,Güterbahnhof Grunewald,0.6944444444444444,0.0416666666666666,0.2638888888888889,0.0,0.0416666666666666,0.0,0.0
04400726,Bismarckallee,0.2801678908709339,0.0664568030779993,0.4477089891570479,0.0821965722280517,0.0360265827212312,0.0237845400489681,0.0633088492479888
04400727,Flinsberger Platz,0.133086876155268,0.2922571369891148,0.4705278291230232,0.0211542411172725,0.0453891969603614,0.0071883343602382,0.0293694803861162
04400728,Hagenplatz,0.2991021324354658,0.0791245791245791,0.4231200897867564,0.0852974186307519,0.0448933782267115,0.0218855218855218,0.0432098765432098
04400729,Hundekehle,0.1866220735785953,0.0976588628762541,0.4528428093645485,0.0795986622073578,0.0749163879598662,0.0642140468227424,0.0461538461538461
04400830,Forckenbeckstraße,0.0630178257594777,0.3956816469997489,0.3120763243786091,0.0133065528496108,0.0210896309314587,0.0128044187798142,0.1807682651267888
04400831,Messelpark,0.0847851335656213,0.2090592334494773,0.4564459930313589,0.1475029036004645,0.032520325203252,0.024390243902439,0.0452961672473867
04400832,Breite Straße,0.2154981549815498,0.3434194341943419,0.2435424354243542,0.1436654366543665,0.0095940959409594,0.01230012300123,0.0314883148831488
04400833,Schlangenbader Straße,0.0,0.2441351888667992,0.2174950298210735,0.5371769383697813,0.0,0.0,0.0
04400834,Binger Straße,0.2146077547339946,0.5144274120829576,0.2249774571686204,0.0378719567177637,0.0072137060414788,0.0027051397655545,0.0013525698827772
04400835,Rüdesheimer Platz,0.1408618633963549,0.5045137114631238,0.3115312553227729,0.0059615057060126,0.0204394481349003,0.0112416964741951,0.005109862033725
04500936,Droysenstraße,0.5272901372486435,0.0271305458027449,0.3625917650813916,0.0542610916054899,0.0035110118097669,0.0038301947015639,0.0226619853175869
04500937,Halensee,0.5065677966101695,0.0794491525423728,0.3114406779661017,0.0135593220338983,0.0167372881355932,0.0,0.0720338983050847
04500938,Hochmeisterplatz,0.4967539267015707,0.0603141361256544,0.3583246073298429,0.0364397905759162,0.0152879581151832,0.003979057591623,0.0307853403141361
04500939,Eisenzahnstraße,0.1201530612244898,0.2683673469387755,0.4974489795918367,0.0397959183673469,0.0178571428571428,0.0007653061224489,0.0538265306122449
04501040,Hindemithplatz,0.664064678003903,0.0526902704209645,0.1519375522720936,0.0407025369389461,0.0108725954836911,0.0142180094786729,0.0652355729021466
04501041,George-Grosz-Platz,0.6476072094468615,0.0118085767557489,0.1752641392169049,0.0472343070229956,0.0487880671224362,0.0074580484773151,0.0618396519577377
04501042,Breitscheidplatz,0.5200186219739292,0.0148975791433892,0.217877094972067,0.1187150837988826,0.0879888268156424,0.015828677839851,0.0256052141527001
04501043,Preußenpark,0.3202033036848793,0.1491423125794155,0.4099428208386277,0.0195362134688691,0.0203303684879288,0.022554002541296,0.0586086404066073
04501044,Ludwigkirchplatz,0.3331240188383045,0.097331240188383,0.41287284144427,0.03861852433281,0.0838304552590266,0.0081632653061224,0.0273155416012558
04501045,Schaperstraße,0.4287812041116006,0.0201908957415565,0.4768722466960352,0.0357929515418502,0.0222099853157121,0.0014684287812041,0.0141336270190895
04501146,Barstraße,0.302115987460815,0.3393416927899687,0.2668495297805642,0.0481974921630094,0.0023510971786833,0.0,0.0407523510971786
04501147,Leon-Jessel-Platz,0.5246991766941101,0.1190626979100696,0.3274224192526915,0.0136162127929069,0.0110829639012032,0.0,0.0031665611146295
04501148,Brabanter Platz,0.4354707792207792,0.0827922077922077,0.3867694805194805,0.0178571428571428,0.0669642857142857,0.0012175324675324,0.0101461038961038
04501149,Nikolsburger Platz,0.50697350069735,0.0394002789400278,0.3709902370990237,0.028068340306834,0.0078451882845188,0.0019177126917712,0.0451534170153417
04501150,Wilhelmsaue,0.2980618124672603,0.1026715557883708,0.5233106338397067,0.0319539025667888,0.0062860136196961,0.0298585646935568,0.0104766893661602
04501151,Hildegardstraße,0.5502310873266845,0.2437363171977621,0.1778156166382875,0.0238384821211384,0.0055947458039406,0.0,0.0
04501152,Prager Platz,0.3688367640019148,0.0098133078027764,0.580421254188607,0.0143609382479655,0.0088559119195787,0.0028721876495931,0.0146002872187649
04501153,Babelsberger Straße,0.4340196537201685,0.0219934487599438,0.4040711277491811,0.0500701918577445,0.0292466073935423,0.0093589143659335,0.0514740290126345
05100101,Hakenfelde Nord,0.1869703389830508,0.2192796610169491,0.118114406779661,0.0185381355932203,0.3331567796610169,0.0211864406779661,0.1006355932203389
05100102,Am Forstacker,0.0190023752969121,0.1298495645288994,0.6484560570071259,0.0566112430720506,0.0688836104513064,0.001187648456057,0.0768012668250198
05100103,Mertensstraße,0.0244590780809031,0.1426779554719347,0.2662276575729069,0.0498588899341486,0.1834430856067732,0.0,0.3339604891815616
05100104,Maselake,0.090566037735849,0.1316561844863731,0.0989517819706499,0.0423480083857442,0.4524109014675052,0.0096436058700209,0.1710691823899371
05100105,Amorbacher Weg,0.1534699580810433,0.36003726129483,0.2449930135072194,0.1061946902654867,0.0447135537959944,0.0069864927806241,0.0838379133674895
05100206,Griesingerstraße,0.0060975609756097,0.1869918699186991,0.771680216802168,0.0094850948509485,0.0040650406504065,0.0020325203252032,0.0149051490514905
05100207,An der Tränke,0.0,0.0816326530612244,0.0553935860058309,0.0126336248785228,0.3994169096209912,0.1234207968901846,0.3206997084548105
05100208,Im Spektefeld,0.0029744199881023,0.0501685504659924,0.8657545112036487,0.0345032718619869,0.0327186198691255,0.0071386079714455,0.0067420186396985
05100209,Westerwaldstraße,0.0096824718781147,0.025630072618539,0.860316104228962,0.0042716787697565,0.063648013669372,0.0116759219706678,0.0260572404955147
05100210,Germersheimer Platz,0.0104597951623447,0.5731096099368054,0.3944214425800828,0.0050119851819568,0.0165613423403791,0.0,0.0
05100211,An der Kappe,0.0432485968966655,0.3113238692637834,0.4060746120831958,0.1162099702872235,0.0835259161439418,0.0224496533509409,0.0151865302079894
05100312,Eckschanze,0.2361051271003877,0.1296854803963808,0.5725980180956485,0.0120637656182679,0.0435157259801809,0.0,0.0068935803532959
05100313,Eiswerder,0.0891647855530474,0.081640331075997,0.3758465011286682,0.0364936042136945,0.2223476297968397,0.1497366440933032,0.0440180586907449
05100314,Kurstraße,0.5420560747663551,0.0739652870493992,0.320694259012016,0.0520694259012016,0.0088117489986648,0.004539385847797,0.0
05100315,Ackerstraße,0.4876423215773396,0.0552624271035823,0.354623715634546,0.0499861149680644,0.0388780894196056,0.003610108303249,0.0108303249097472
05100316,Carl-Schurz-Straße,0.1786204529855868,0.2913520933424846,0.37920384351407,0.0991763898421413,0.0416952642415923,0.0,0.0096087851750171
05100317,Freiheit,0.4126351735913489,0.0734206033010813,0.468981217985202,0.0278884462151394,0.0017074558907228,0.0039840637450199,0.0073989755264655
05200418,Isenburger Weg,0.0063131313131313,0.2834595959595959,0.0246212121212121,0.0214646464646464,0.3876262626262626,0.2114898989898989,0.0643939393939393
05200419,Am Heideberg,0.7540160642570282,0.1656626506024096,0.07429718875502,0.0,0.0,0.0,0.0
05200420,Staakener Straße,0.0750960530911631,0.1582256374432413,0.4879497031086273,0.1299336360461054,0.0736989172196996,0.0499476074048201,0.0230527418791477
05200421,Spandauer Straße,0.0215646940822467,0.0135406218655967,0.7713139418254764,0.1128385155466399,0.0095285857572718,0.0481444332998996,0.0215646940822467
05200422,Werkstraße,0.048780487804878,0.1178861788617886,0.4146341463414634,0.0060975609756097,0.290650406504065,0.0975609756097561,0.016260162601626
05200423,Magistratsweg,0.0112898673440587,0.0056449336720293,0.9599209709285916,0.0067739204064352,0.0160880609652836,0.0008467400508044,0.0
05200524,Döberitzer Weg,0.0245210727969348,0.0812260536398467,0.0551724137931034,0.0061302681992337,0.5540229885057472,0.1471264367816092,0.1348659003831417
05200525,Pillnitzer Weg,0.0,0.0090834021469859,0.1271676300578034,0.028075970272502,0.6763005780346821,0.0239471511147811,0.1370767960363336
05200526,Rudolf-Wissell-Großsiedlung,0.0,0.0014545454545454,0.9930909090909092,0.0014545454545454,0.0036363636363636,0.0,0.0
05200527,Maulbeerallee,0.0028203062046736,0.0165189363416599,0.9411764705882352,0.0165189363416599,0.0171232876712328,0.0042304593070104,0.0036261079774375
05200528,Weinmeisterhornweg,0.0087301587301587,0.0708994708994708,0.6944444444444444,0.1095238095238095,0.0846560846560846,0.0206349206349206,0.0092592592592592
05200629,Borkumer Straße,0.1911957950065703,0.0777485764345159,0.6114761279018834,0.064388961892247,0.0221200175208059,0.0273762593079281,0.0063512921594393
05200630,Wilhelmstadt West,0.3391875110874578,0.2013482348767074,0.3558630477204186,0.0452368281000532,0.0400922476494589,0.0111761575306013,0.0065637750576547
05200631,Wilhelmstadt Ost,0.2402714029135901,0.4789463181001796,0.2063460387148273,0.0325284374376372,0.0235481939732588,0.0101776092596288,0.0071841947715026
05200632,Tiefwerder,0.1621770203408466,0.2221000549752611,0.5167674546454095,0.0379329301814183,0.0560747663551401,0.0082462891698735,0.0
05200633,Graetschelsteig,0.0288362512873326,0.0092687950566426,0.815653964984552,0.0082389289392378,0.1307929969104016,0.0030895983522142,0.0
05200634,Börnicker Straße,0.0352026197298403,0.2022103970528039,0.4809660253786328,0.2120343839541547,0.0384772820302906,0.0204666393778141,0.0114613180515759
05300735,Haveleck,0.0,0.0020661157024793,0.0034435261707988,0.0020661157024793,0.0041322314049586,0.1377410468319559,0.8471074380165289
05300736,Zitadellenweg,0.0,0.0119802677942212,0.1705426356589147,0.0641296687808315,0.7484143763213531,0.0,0.0
05300737,Gartenfelder Straße,0.0030404378230465,0.4838856795378534,0.3808148373365764,0.0145941015506232,0.0418060200668896,0.0,0.0766190331407722
05300838,Gartenfeld,0.0,0.75,0.5,0.0,0.0,0.0,0.0
05300839,Rohrdamm,0.0618585298196948,0.4393897364771151,0.4776699029126213,0.0,0.0016643550624133,0.0,0.0202496532593619
05300840,Nonnendammallee,0.0726495726495726,0.0683760683760683,0.5598290598290598,0.1965811965811965,0.1282051282051282,0.0,0.0
05300841,Siemensdamm,0.5940553745928339,0.1343648208469055,0.2194625407166123,0.022801302931596,0.0313517915309446,0.0,0.0
05400942,Alt-Gatow,0.0633431085043988,0.1912023460410557,0.3425219941348973,0.1618768328445747,0.1073313782991202,0.0873900293255132,0.0457478005865102
05400943,Jägerallee,0.0240908037989344,0.0975214269168404,0.3365763261524206,0.1605281445448227,0.0711141996757007,0.1315728515172573,0.1792911744266851
05400944,Kladower Damm,0.0549662487945998,0.0501446480231436,0.6017357762777242,0.1436837029893924,0.0414657666345226,0.0144648023143683,0.0973963355834136
05400945,Kafkastraße,0.0269622528460155,0.0832834032354703,0.4691431995206711,0.2840023966446974,0.0455362492510485,0.0455362492510485,0.048532055122828
06100101,Fichtenberg,0.202361782071927,0.3752012882447665,0.3156199677938808,0.0373054213633923,0.0448201825013419,0.0177133655394524,0.0083199141170155
06100102,Schloßstraße,0.5870249842536217,0.0678144026873819,0.2439638883056896,0.051858072643292,0.0260340121771992,0.0163762334663027,0.0065085030442998
06100103,Markelstraße,0.6485190409026799,0.126657263751763,0.1599435825105782,0.0307475317348378,0.0236953455571227,0.0121297602256699,0.0
06100204,Munsterdamm,0.0179974651457541,0.4380228136882129,0.4550063371356147,0.0093789607097591,0.0474017743979721,0.0304182509505703,0.0038022813688212
06100205,Südende,0.2724679029957204,0.1016405135520684,0.4655848787446505,0.015870185449358,0.0898716119828816,0.0035663338088445,0.050641940085592
06100206,Stadtpark,0.1440211407179035,0.3041180356749615,0.4686192468619247,0.019158775600088,0.0521911473243778,0.0057256110988768,0.0072671217793437
06100207,Mittelstraße,0.2357496235749623,0.209292320929232,0.4289094428909443,0.0518391051839105,0.0440955044095504,0.0225855022585502,0.00946440094644
06100208,Bergstraße,0.3177944862155388,0.068922305764411,0.4977443609022556,0.0290726817042606,0.0300751879699248,0.0,0.0548872180451127
06100209,Feuerbachstraße,0.3664208735110607,0.1331064473435432,0.4637927774626583,0.019285309132161,0.0026470032142181,0.0075628663263376,0.0071847230100207
06100210,Bismarckstraße,0.2607734806629834,0.2224677716390423,0.4279926335174954,0.0198895027624309,0.0464088397790055,0.0162062615101289,0.0047882136279926
06200311,Alt-Lankwitz,0.0389232448162968,0.1000363768643143,0.6511458712259003,0.0785740269188795,0.0640232811931611,0.0472899236085849,0.0210985813022917
06200312,Komponistenviertel Lankwitz,0.1111862115579587,0.1186211557958769,0.5214599526867185,0.1132139236228455,0.09462656302805,0.0081108482595471,0.0344711051030753
06200313,Lankwitz Kirche,0.0192177255256613,0.1654985304092245,0.7499434772778657,0.0140176350893059,0.0221569070766448,0.0169568166402893,0.0124349988695455
06200314,Kaiser-Wilhelm-Straße,0.0795219489772466,0.1935187313261319,0.6329579407032866,0.0266605378074006,0.0245920478051022,0.0064353022293725,0.036543323373937
06200315,Gallwitzallee,0.0142816338189088,0.1659525849757212,0.5267066552413596,0.104541559554413,0.0151385318480434,0.0365609825764067,0.1362467866323907
06200316,Belßstraße,0.0142242805160436,0.0066159444260668,0.8604035726099901,0.0241481971551438,0.0416804498842209,0.0,0.0525967581872312
06200317,Lankwitz Süd,0.0219614921780986,0.3910950661853189,0.4073405535499398,0.108604091456077,0.0460288808664259,0.0108303249097472,0.0123345367027677
06200418,Landweg,,,,,,,
06200419,Thermometersiedlung,0.00813704496788,0.0,0.9528907922912204,0.0226980728051391,0.0175588865096359,0.0,0.0
06200420,Lichterfelde Süd,0.0631950094928125,0.1592080282072145,0.4559262272850556,0.1350691619202603,0.1033360455655004,0.0227827502034174,0.059669107675617
06200421,Königsberger Straße,0.1393478260869565,0.0658695652173913,0.5795652173913044,0.0813043478260869,0.1080434782608695,0.0126086956521739,0.013695652173913
06200422,Oberhofer Platz,0.254465512503435,0.1676284693597142,0.380873866446826,0.0923330585325638,0.0703489969771915,0.0162132453970871,0.0192360538609508
06200423,Schütte-Lanz-Straße,0.0299672626542432,0.1314530345001259,0.3140266935280785,0.3797532107781415,0.115336187358348,0.0128431125661042,0.0156131956685973
06300524,Berlepschstraße,0.1042428675932699,0.1722750548646671,0.6221653255303584,0.0402340892465252,0.0431602048280907,0.0051207022677395,0.0138990490124359
06300525,Zehlendorf Süd,0.0046879578083797,0.1265748608262525,0.7943158511573396,0.0073249340755933,0.0290067389393495,0.0017579841781423,0.0351596835628479
06300526,Zehlendorf Mitte,0.4754004576659039,0.097254004576659,0.2105263157894736,0.1447368421052631,0.0194508009153318,0.0183066361556064,0.0308924485125858
06300527,Sundgauer Straße,0.039193475305845,0.3670140462165836,0.4315813321250566,0.053013140009062,0.0589034888989578,0.001132759401903,0.0487086542818305
06300528,Teltower Damm,0.048780487804878,0.2697708795269771,0.4689578713968957,0.0890613451589061,0.0648558758314855,0.0256836659275683,0.0323355506282335
06300629,Botanischer Garten,0.218345228654507,0.3713983610890827,0.3528945281522601,0.0158604282315622,0.0266983875231297,0.0060798308220988,0.0095162569389373
06300630,Hindenburgdamm,0.2737920937042459,0.1639824304538799,0.4172767203513909,0.0402635431918008,0.0684480234260614,0.0058565153733528,0.0307467057101024
06300631,Goerzwerke,0.0096969696969696,0.0933333333333333,0.6157575757575757,0.0303030303030303,0.2206060606060606,0.0236363636363636,0.0054545454545454
06300632,Schweizer Viertel,0.0313765182186234,0.1646423751686909,0.289136302294197,0.0787786774628879,0.1357962213225371,0.1557017543859649,0.1450742240215924
06300633,Augustaplatz,0.3720238095238095,0.1357142857142857,0.3696428571428571,0.0550595238095238,0.0398809523809523,0.0069940476190476,0.0212797619047619
06300634,Lichterfelde West,0.421317365269461,0.151377245508982,0.2697005988023952,0.0644311377245509,0.0615568862275449,0.0194011976047904,0.0134131736526946
06400735,Wannsee,0.1459425456070455,0.126651289578528,0.413923254351017,0.1295869154959111,0.0769553365485426,0.0561962675613336,0.0494862654644579
06400736,Düppel,0.0114993365767359,0.0574966828836797,0.562140645731977,0.3095975232198142,0.0415745245466607,0.0106147722246793,0.0088456435205661
06400737,Nikolassee,0.1675494350282486,0.2492937853107344,0.480225988700565,0.0404307909604519,0.0215395480225988,0.0194209039548022,0.0227754237288135
06400838,Krumme Lanke,0.1936,0.3954666666666667,0.2642666666666666,0.072,0.0330666666666666,0.0146666666666666,0.0261333333333333
06400839,Fischerhüttenstraße,0.2443389335281227,0.4130752373995617,0.1840759678597516,0.0566106647187728,0.0467494521548575,0.0131482834185536,0.0430971512052593
06400840,Fischtal,0.0031096138896087,0.8784659238144598,0.1046903342834931,0.0044052863436123,0.0031096138896087,0.0010365379632029,0.0049235553252137
06400841,Zehlendorf Eiche,0.1677730838865419,0.3868436934218467,0.2018708509354254,0.0525045262522631,0.0208207604103802,0.1375980687990344,0.0301750150875075
06400842,Hüttenweg,0.0484496124031007,0.0290697674418604,0.5358527131782945,0.0363372093023255,0.0794573643410852,0.0760658914728682,0.1942829457364341
06400843,Thielallee,0.2623694961416251,0.3295506128007263,0.2482977757603268,0.0272355878347707,0.0635497049477984,0.0254198819791193,0.0403994552882433
06400844,Dahlem,0.0823662609680158,0.3073874893857911,0.3399377299745259,0.0888763090857628,0.0537786583639966,0.0410416076988395,0.0866119445230682
07100101,Wittenbergplatz,0.2974072191154042,0.0108456193865446,0.4380613455346551,0.1637010676156583,0.0399932214878834,0.0076258261311642,0.0425351635316048
07100102,Kalckreuthstraße,0.3769336205208537,0.0219306833757587,0.4625024476209124,0.0853730174270609,0.024084589778735,0.0078323869199138,0.0217348737027609
07100103,Frobenstraße,0.3462227912932138,0.0235595390524968,0.3646606914212548,0.1994878361075544,0.0314980793854033,0.0,0.0345710627400768
07100204,Barbarossaplatz,0.4362207303094809,0.0203045685279187,0.4691337809071557,0.0288193875880137,0.0086785655804814,0.0,0.0366792205665629
07100205,Alvenslebenstraße,0.3178963893249607,0.0047095761381475,0.4501569858712715,0.1507064364207221,0.0631868131868131,0.0,0.0109890109890109
07100206,Großgörschenstraße,0.6394543092247726,0.0082286704200952,0.2217410134257254,0.0428757037678648,0.0108271979211779,0.0,0.0775227371156344
07200307,Bayerischer Platz,0.3273175998766003,0.0410303871664352,0.5826006478482184,0.0185099490976399,0.0114144686102113,0.0044732376985963,0.0140367113990436
07200308,Volkspark (Rudolph-Wilde-Park),0.3647499149370534,0.1206192582511058,0.457978904389248,0.0190541000340251,0.013780197346036,0.0057842803674719,0.0173528411024157
07200409,Belziger Straße,0.6562322140011383,0.0318725099601593,0.2373363688104724,0.0242838171125023,0.0225763612217795,0.0072092582052741,0.0195408840827167
07200410,Feurigstraße,0.5067590987868285,0.0415944540727903,0.2776429809358752,0.1140381282495667,0.0474870017331022,0.0,0.012478336221837
07200411,Julius-Leber-Brücke,0.8578680203045685,0.0137781000725163,0.0819434372733865,0.0,0.0224800580130529,0.0,0.0253807106598984
07200412,Schöneberger Linse,0.2766439909297052,0.1111111111111111,0.3219954648526077,0.0,0.0226757369614512,0.0,0.264172335600907
07200413,Cheruskerstraße,0.751621271076524,0.0179420665801988,0.1606139213143104,0.012753999135322,0.0404236921746649,0.001513186338089,0.01599654128837
07200414,Hohenfriedbergstraße,0.6324298621017594,0.0204469805040418,0.2106514503090822,0.0366143604374702,0.0399429386590584,0.0,0.0575368521160247
07300515,Taunusstraße,0.7940414507772021,0.0132124352331606,0.1593264248704663,0.0160621761658031,0.0095854922279792,0.0075129533678756,0.0
07300516,Odenwaldstraße,0.7062338179645489,0.0320653256323441,0.2025492929695279,0.0242979486158135,0.0254929296952798,0.0,0.0083648675562636
07300517,Perelsplatz,0.6462731581214993,0.0404997845756139,0.2050840155105558,0.0247738043946574,0.0122791900043084,0.0099095217578629,0.0616113744075829
07300618,Ceciliengärten,0.4383233532934131,0.293812375249501,0.2321357285429141,0.0173652694610778,0.0059880239520958,0.0009980039920159,0.0117764471057884
07300619,Grazer Platz,0.3496784565916399,0.2763665594855305,0.3495176848874598,0.0056270096463022,0.0106109324758842,0.0,0.007717041800643
07400720,Gontermannstraße,0.1329201101928374,0.431129476584022,0.4037534435261708,0.0080922865013774,0.0120523415977961,0.0,0.012396694214876
07400721,Paradestraße,0.023070097604259,0.6464063886424135,0.2031943212067435,0.012866015971606,0.0235137533274179,0.0,0.0896184560780834
07400822,Lindenhofsiedlung,0.1227301189730745,0.2304320601127113,0.5823418910457107,0.0,0.0162805259862241,0.0,0.0513462742642454
07400823,Wittekindstraße,0.0384070796460177,0.6348672566371681,0.2679646017699115,0.0472566371681415,0.0031858407079646,0.0099115044247787,0.0
07400824,Bosepark,0.4277591108813647,0.1196691651589558,0.3331610235202895,0.042129749289222,0.0586714913414318,0.0007753941586973,0.0183509950891703
07400825,Friedrich-Karl-Straße,0.4963890226287915,0.231824747231584,0.2087144920558497,0.0117958594126143,0.0389985556090515,0.0057775637939335,0.0072219547424169
07400826,Marienhöhe,0.0124537192864355,0.4328508919555705,0.5348367553012454,0.0090878492090205,0.008078088185796,0.0010097610232245,0.0016829350387075
07400927,Rathaus Tempelhof,0.2602389078498293,0.1832764505119453,0.4156996587030717,0.024914675767918,0.0658703071672354,0.0440273037542662,0.0064846416382252
07400928,Germaniagarten,0.0635686102586584,0.8167470407715914,0.0868040333187198,0.0017536168347216,0.0092064883822884,0.0083296799649276,0.0131521262604121
07501029,Ringstraße,0.156706204379562,0.1375456204379562,0.6300182481751825,0.0244069343065693,0.0323905109489051,0.0,0.0184762773722627
07501030,Machonstraße,0.1918788133810225,0.2316431727330107,0.4426677887649905,0.0673258994319377,0.0366084578161161,0.0044182621502209,0.0244056385440774
07501031,Eisenacher Straße,0.0579439252336448,0.2779439252336448,0.5299065420560748,0.068411214953271,0.0579439252336448,0.0,0.0069158878504672
07501032,Imbrosweg,0.0072559366754617,0.070910290237467,0.6972295514511874,0.0257255936675461,0.1560026385224274,0.0036279683377308,0.0385883905013192
07501133,Fritz-Werner-Straße,0.0492676431424767,0.1504660452729693,0.563249001331558,0.1571238348868175,0.0679094540612516,0.0071016422547714,0.0046604527296937
07501134,Hundsteinweg,0.0357751277683134,0.1188718531137611,0.5809199318568995,0.0848003028582245,0.1378004921446148,0.0204429301533219,0.0210107893242475
07501135,Birnhornweg,0.0065116279069767,0.1469767441860465,0.4753488372093023,0.2111627906976744,0.12,0.0288372093023255,0.013953488372093
07601236,Marienfelder Allee Nordwest,0.0127402288922478,0.1403584538976462,0.6683221766357158,0.107536169293889,0.0693154826171453,0.0,0.0008637443316778
07601237,Kirchstraße,0.081081081081081,0.086312118570183,0.5571054925893636,0.1285963382737576,0.0789014821272885,0.0448997384481255,0.0213600697471665
07601238,Marienfelde Nordost,0.0324723247232472,0.0464944649446494,0.7114391143911439,0.07380073800738,0.1047970479704797,0.0125461254612546,0.0154981549815498
07601339,Tirschenreuther Ring West,0.0,0.0120040013337779,0.9276425475158386,0.0043347782594198,0.0276758919639879,0.0,0.0273424474824941
07601340,Tirschenreuther Ring Ost,0.0,0.005153076689906,0.8878448014549863,0.0175810851773264,0.0733555622916035,0.0,0.0151561079114883
07601341,Diedersdorfer Weg,0.0377714825306893,0.3182247403210576,0.2880075542965061,0.0727101038715769,0.23890462700661,0.0084985835694051,0.0358829084041548
07601442,Kettinger Straße,0.0110392082223068,0.0961172440045679,0.6176246669204416,0.129425199847735,0.1214312904453749,0.0119908641035401,0.0114198705748001
07601443,Töpchiner Weg,0.0158345752608047,0.0732116244411326,0.4994411326378539,0.2203800298062593,0.1087928464977645,0.0210506706408345,0.0609165424739195
07601544,John-Locke-Straße,0.021151330135194,0.0298735281290885,0.7919755778456171,0.0497165285651984,0.0451373746184038,0.0034888791975577,0.0590928914086349
07601545,Nahariyastraße,0.0165228113440197,0.0197287299630086,0.8458692971639951,0.075462392108508,0.033292231812577,0.0059186189889025,0.0034525277435265
07601546,Franziusweg,0.0977168949771689,0.1808219178082191,0.3948249619482496,0.1394216133942161,0.115372907153729,0.0532724505327245,0.0197869101978691
07601547,Horstwalder Straße,0.0674157303370786,0.1213483146067415,0.3421348314606741,0.3151685393258427,0.1117977528089887,0.0196629213483146,0.0224719101123595
07601548,Wittelsbacherstraße,0.0353790613718411,0.1732851985559566,0.4115523465703971,0.2173285198555956,0.1083032490974729,0.0252707581227436,0.0303249097472924
08100101,Hasenheide,0.694888178913738,0.0123801916932907,0.121405750798722,0.0335463258785942,0.0139776357827476,0.0,0.1226038338658147
08100102,Schillerpromenade Nord,0.8193493150684932,0.0612157534246575,0.0869006849315068,0.0222602739726027,0.004708904109589,0.0,0.0042808219178082
08100103,Schillerpromenade Süd,0.6813943161634103,0.1787300177619893,0.1105683836589698,0.0126554174067495,0.0066607460035523,0.0,0.0086589698046181
08100104,Wartheplatz,0.6645821489482661,0.2239909039226833,0.0545764638999431,0.03439454235361,0.0110858442296759,0.0054007959067652,0.0054007959067652
08100105,Silbersteinstraße,0.3611111111111111,0.0347222222222222,0.1845760233918128,0.0573830409356725,0.1374269005847953,0.0051169590643274,0.2160087719298245
08100206,Flughafenstraße,0.8533049864708157,0.0268650947042906,0.0380749903362968,0.0340162350212601,0.0255121762659451,0.0,0.0222265172013915
08100207,Rollberg,0.245462659922642,0.0565307944064266,0.4641475751264504,0.1806010116036893,0.016661707825052,0.0008925914906277,0.0357036596251115
08100208,Körnerpark,0.7590043923865301,0.1575402635431918,0.0450951683748169,0.0254758418740849,0.0096632503660322,0.0008784773060029,0.0014641288433382
08100209,Glasower Straße,0.6835590845399346,0.0929472209248015,0.0644558617468472,0.0317608594114899,0.0590845399346099,0.0079402148528724,0.0616534329752452
08100310,Maybachufer,0.7291762540266912,0.0379659456971928,0.1631385181776346,0.0301426599171652,0.0361251725724804,0.0,0.0011504832029452
08100311,Reuterplatz,0.7210661678746785,0.093991115267711,0.1285948094458733,0.0252513444002805,0.0259527706336216,0.0046761748889408,0.0
08100312,Weichselplatz,0.6942504828405883,0.0582380032684593,0.182439459218541,0.0157480314960629,0.0371415837171297,0.0026741940276333,0.0102510771059277
08100313,Bouchéstraße,0.2040816326530612,0.4198871037776813,0.3139383412939644,0.0243161094224924,0.0,0.0,0.038211029092488
08100314,Donaustraße,0.8278379651436646,0.0350918511540273,0.0753650494583137,0.044041450777202,0.0117757889778615,0.0011775788977861,0.005181347150259
08100415,Ganghoferstraße,0.7107930828861061,0.1457960644007155,0.1001788908765653,0.0268336314847942,0.0035778175313059,0.0059630292188431,0.0065593321407274
08100416,Alt-Rixdorf,0.8128166915052161,0.025037257824143,0.0831594634873323,0.0503725782414307,0.0095380029806259,0.0017883755588673,0.0163934426229508
08100417,Braunschweiger Straße,0.7210074189769621,0.1124560718469347,0.1044513861772745,0.0437329168293635,0.0095665755564232,0.0019523623584537,0.0076142131979695
08100418,Hertzbergplatz,0.5634604439385316,0.2576361221779548,0.1696072851451337,0.0037943464238284,0.0039840637450199,0.0,0.0020868905331056
08100419,Treptower Straße Nord,0.3247110621904238,0.1053935057787562,0.4529444138690148,0.0498073747936158,0.066042927903137,0.0,0.0
08100520,Weiße Siedlung,0.0239693192713326,0.1433365292425695,0.8322147651006712,0.0,0.0,0.0,0.0
08100521,Schulenburgpark,0.0443914081145584,0.3279236276849642,0.4658711217183771,0.1422434367541766,0.0193317422434367,0.0009546539379474,0.0
08200622,Jahnstraße,0.2093558282208589,0.1230828220858895,0.5157208588957055,0.036042944785276,0.0191717791411042,0.0195552147239263,0.0786042944785276
08200623,Park am Buschkrug,0.1872384937238493,0.2214086471408647,0.3675034867503486,0.0690376569037656,0.0794979079497908,0.0240585774058577,0.0502092050209205
08200624,Tempelhofer Weg,0.0922448979591836,0.2532653061224489,0.5963265306122449,0.0312244897959183,0.0195918367346938,0.0,0.0071428571428571
08200725,Mohriner Allee Nord,0.0313807531380753,0.1903765690376569,0.1976987447698744,0.2280334728033473,0.2238493723849372,0.0815899581589958,0.0491631799163179
08200726,Hufeisensiedlung,0.0625968391695072,0.5636814378679889,0.3173225906414627,0.0334676169817167,0.0123954136969321,0.0009296560272699,0.0055779361636194
08200727,Parchimer Allee Süd,0.0,0.3079222720478325,0.6860986547085202,0.0061926115737774,0.0,0.0,0.0
08200728,Ortolanweg,0.0091324200913242,0.3767123287671233,0.182648401826484,0.4155251141552511,0.0,0.0,0.0
08200729,Britzer Garten,0.0172413793103448,0.0874384236453202,0.5369458128078818,0.1083743842364532,0.0665024630541872,0.0135467980295566,0.1650246305418719
08200730,Handwerker-Siedlung,0.0161012075905692,0.3064979873490512,0.5261644623346751,0.0414031052328924,0.0914318573893041,0.0115008625646923,0.0063254744105807
08200831,Buckow West,0.00278940027894,0.0388191538819153,0.7110646211064621,0.0734542073454207,0.1557415155741515,0.0099953509995351,0.009065550906555
08200832,Buckow Mitte,0.0086325966850828,0.0219267955801104,0.7619129834254144,0.0419544198895027,0.137085635359116,0.0169198895027624,0.011567679558011
08200833,Buckow Ost,0.0099682827367467,0.0242410512007249,0.7822836429542365,0.0638876302673312,0.0897145446307204,0.0111010421386497,0.019030357951971
08300934,Gropiusstadt Nord-West,0.0004652605459057,0.0,0.9968982630272952,0.0018610421836228,0.0009305210918114,0.0,0.0
08300935,Gropiusstadt Süd-West,0.0,0.0,0.9957446808510638,0.0042553191489361,0.0,0.0,0.0
08301036,Gropiusstadt Mitte,0.0,0.0,0.9738617200674536,0.0050590219224283,0.0033726812816188,0.0,0.0171444631815626
08301037,Gropiusstadt Süd-Ost,0.0009525623928367,0.0,0.900361973709278,0.0,0.0,0.0,0.0984949514193179
08401138,Goldhähnchenweg,0.0,0.0085638998682476,0.958498023715415,0.0151515151515151,0.0026350461133069,0.0,0.0158102766798418
08401139,Vogelviertel Süd,0.008252427184466,0.0587378640776699,0.6067961165048543,0.1504854368932038,0.1058252427184466,0.0160194174757281,0.0504854368932038
08401140,Vogelviertel Nord,0.0147299509001636,0.1309328968903437,0.4296235679214402,0.1685761047463175,0.2217675941080196,0.0155482815057283,0.0204582651391162
08401241,Blumenviertel,0.0062270025474101,0.1454854231531276,0.444381545428814,0.2114350410416077,0.1016133597509199,0.0328332861590716,0.0554769317860175
08401242,Zittauer Straße,0.0009990009990009,0.1914751914751915,0.3476523476523476,0.1894771894771894,0.2147852147852147,0.0339660339660339,0.0193140193140193
08401243,Alt-Rudow,0.0371183396527639,0.0868090201556575,0.6246258231889842,0.1187387746956695,0.0913989223707842,0.0165635601676312,0.0243464378367591
08401244,Waßmannsdorfer Chaussee,0.0038119440914866,0.1238881829733163,0.4615628970775095,0.1655019059720457,0.1057814485387547,0.0330368487928843,0.1060991105463786
08401245,Frauenviertel,0.0017709563164108,0.0,0.0100354191263282,0.0023612750885478,0.8476977567886659,0.0312868949232585,0.1086186540731995
08401246,Waltersdorfer Chaussee Ost,0.0014551804423748,0.059953434225844,0.2610593713620489,0.5078579743888242,0.1201979045401629,0.0212456344586728,0.029685681024447
09100101,Alt-Treptow,0.4252759694310784,0.1303424851401075,0.1787432776677045,0.0227851684121143,0.1292103028587602,0.0073591848287574,0.105434474950467
09100202,Plänterwald West,0.3153914590747331,0.1543594306049822,0.4395017793594306,0.0062277580071174,0.0662811387900355,0.0142348754448398,0.0040035587188612
09100203,Plänterwald Ost,0.0050409577819785,0.2934257508926696,0.6698172652804033,0.0,0.0065112371350556,0.0,0.0254148288174753
09100304,Baumschulenweg West,0.2448603431164043,0.1746774422231674,0.4935488444633489,0.0039699418687083,0.0354459095420388,0.0014178363816815,0.0460796824046505
09100305,Baumschulenweg Ost,0.3118946144905075,0.4362650135606354,0.221232080588919,0.0,0.0038744672607516,0.0,0.0255714839209608
09100306,Späthsfelde,0.0265017667844522,0.3206713780918728,0.1051236749116607,0.0768551236749116,0.3295053003533569,0.1042402826855123,0.0371024734982332
09100407,Johannisthal West,0.0335183603757472,0.1861656703672075,0.6458155422715628,0.0296754910333048,0.0155849701110162,0.0192143467122117,0.0698121263877028
09100408,Johannisthal Ost,0.1715258565652266,0.4728665673547563,0.1481166205575654,0.0557565439455203,0.0691636518408172,0.0153224090231964,0.069802085550117
09100409,Landschaftspark Adlershof,0.0086741016109045,0.0489467162329615,0.0105328376703841,0.1201982651796778,0.1313506815365551,0.298636926889715,0.3798017348203222
09200510,Helmholtz-Kiez,0.4215328467153285,0.1530565693430657,0.1453010948905109,0.0136861313868613,0.0650091240875912,0.0,0.2005018248175182
09200511,Griechischer Park,0.2842188949251358,0.3398701470783092,0.23638531866967,0.0,0.0597588445740029,0.0058301311779515,0.073274148668345
09200512,Wuhlheide,0.2725109083696945,0.0479968266560888,0.2760809202697342,0.0035700119000396,0.0971836572788576,0.002776675922253,0.2986909956366521
09200613,Bahnhof Schöneweide,0.3603707995365006,0.1037079953650058,0.2070297412128234,0.0036693704132869,0.0762842796446504,0.0,0.2468134414831981
09200614,Oberspree,0.0016224986479177,0.2623039480800432,0.5516495402920497,0.1400757166035695,0.0394808004326663,0.0032449972958355,0.0
09200715,Wista,0.0380403458213256,0.001729106628242,0.0121037463976945,0.0040345821325648,0.0299711815561959,0.0,0.9152737752161384
09200716,Dörpfeldstraße West,0.2362056820849964,0.4160601080065743,0.1920638647569852,0.0084526884245127,0.0784221648274242,0.0044611411129373,0.0645691476872505
09200717,Dörpfeldstraße Ost,0.2244825756235627,0.2427029895630638,0.273836900760658,0.0199893861666371,0.1500088448611357,0.0284804528568901,0.0606757473907659
09200818,Spindlersfeld,0.2830540037243947,0.1205772811918063,0.3831471135940409,0.0144320297951582,0.0297951582867784,0.0032588454376163,0.1638733705772811
09200819,Köllnische Vorstadt,0.1284283848498041,0.0770570309098824,0.2189812799303439,0.3415324336090553,0.1062255115367871,0.0106660861993905,0.1158032215933826
09300920,Dorf Altglienicke,0.0771464875658014,0.1613722998729352,0.0600834997277182,0.0530041749863859,0.342167362497731,0.0795062624795788,0.2270829551642766
09300921,Preußen Siedlung,0.1081288343558282,0.2783742331288343,0.0682515337423312,0.0506134969325153,0.2116564417177914,0.0989263803680981,0.1809815950920245
09300922,Kosmos Viertel,0.0,0.0,0.0,0.4748224661071659,0.4845061329890252,0.0,0.0403486120077469
09300923,Kölner Viertel,0.0055928411633109,0.0559284116331096,0.0254474272930648,0.0422259507829977,0.7757270693512305,0.0623601789709172,0.0338366890380313
09301024,Falkenberg,0.1305595408895265,0.0817790530846484,0.0781922525107604,0.0150645624103299,0.127690100430416,0.1025824964131994,0.4648493543758967
09301025,Alt-Bohnsdorf,0.0608081600627697,0.3087485288348371,0.1035700274617497,0.1174970576696743,0.2308748528834837,0.1041584935268732,0.0731659474303648
09301126,Grünau,0.1784026465028355,0.1089319470699432,0.3003308128544423,0.0427693761814744,0.150992438563327,0.0198487712665406,0.1989603024574669
09301227,Karolinenhof,0.0278396436525612,0.3418708240534521,0.086859688195991,0.0935412026726058,0.3151447661469933,0.066815144766147,0.0712694877505567
09301228,Schmöckwitz/Rauchfangswerder,0.107896794370602,0.2681782642689601,0.0789679437060203,0.0351837372947615,0.2634870992963252,0.1118060985144644,0.1383893666927287
09401329,Kietzer Feld/Nachtheide,0.0140701813866757,0.1785048313273436,0.4446516358704865,0.0608577725038142,0.1627394473639599,0.0513646380742498,0.0874724529581285
09401330,Wendenschloß,0.1445916114790287,0.2737306843267108,0.0949227373068432,0.0463576158940397,0.2958057395143488,0.0717439293598234,0.0673289183222958
09401431,Allende I,0.0108552631578947,0.0197368421052631,0.7404605263157895,0.0309210526315789,0.0835526315789473,0.0052631578947368,0.1101973684210526
09401432,Siedlung Kämmereiheide,0.0,0.1195652173913043,0.3559782608695652,0.0326086956521739,0.422554347826087,0.0217391304347826,0.0339673913043478
09401433,Allende II,0.0,0.0,0.1338716532086697,0.856353591160221,0.0,0.0059498512537186,0.0029749256268593
09401534,Altstadt Köpenick,0.2513341804320203,0.0752223634053367,0.0246505717916137,0.4271918678526048,0.1252858958068615,0.0121982210927573,0.0853875476493011
09401635,Müggelheim,0.015625,0.1978125,0.0996875,0.06,0.3740625,0.1334375,0.12
09501736,Hirschgarten,0.10920245398773,0.2646216768916155,0.4777096114519427,0.014723926380368,0.0429447852760736,0.0175869120654396,0.0740286298568507
09501737,Alt-Friedrichshagen,0.2861118473363371,0.116087993639014,0.4219454015372382,0.0056983832494036,0.0731513384574609,0.0315398886827458,0.0659952292605353
09501838,Rahnsdorf,0.1286963765097876,0.2584339858392336,0.0605997501041232,0.0560183256976259,0.1963765097875885,0.1289046230737192,0.1709704289879217
09501939,Bahnhofstraße,0.2124209947787853,0.3055784556196757,0.0596317669689475,0.0129156361637812,0.1393239901071723,0.0186864523220665,0.2522671063478978
09501940,Güterbahnhof Köpenick,0.3493109646494907,0.3499101258238466,0.1599760335530257,0.0437387657279808,0.0125823846614739,0.0227681246255242,0.0581186339125224
09501941,Friedrichshagener Straße,0.1275964391691394,0.0830860534124629,0.1667655786350148,0.0658753709198813,0.3359050445103858,0.001780415430267,0.2178041543026706
09502042,Mittelheide,0.064929693961952,0.6153846153846154,0.0909842845326716,0.0239867659222497,0.1062861869313482,0.0281224152191894,0.0703060380479735
09502043,Dammheide,0.0463721766939836,0.2440535678592844,0.4683190085948431,0.0345792524485308,0.1077353587847291,0.0575654607235658,0.042374575254847
10100101,Marzahn West,0.0009973404255319,0.0166223404255319,0.0029920212765957,0.9481382978723404,0.0136303191489361,0.0113031914893617,0.0049867021276595
10100102,Rosenbecker Straße,0.0,0.0,0.0,0.9192327107521454,0.0100959111559818,0.0045431600201918,0.0676426047450782
10100103,Wittenberger Straße,0.0,0.0,0.0,0.9283163265306122,0.0288265306122448,0.0,0.0426020408163265
10100104,Golliner Straße,0.0,0.0,0.0,0.9895615866388308,0.0106993736951983,0.0,0.0
10100205,Gewerbegebiet Bitterfelder Straße,0.3,0.3,0.0,0.3,0.0,0.0,0.6
10100206,Wuhletalstraße,0.0,0.0,0.0,0.961723309303124,0.0235152763474081,0.0,0.0144181256436663
10100207,Ahrensfelder Berge,0.0,0.0,0.0,0.990632805995004,0.0029142381348875,0.0,0.0062447960033305
10100208,Bürgerpark,0.0022108843537414,0.0,0.1039115646258503,0.7937074829931973,0.0414965986394557,0.0,0.0574829931972789
10100209,Lea-Grundig-Straße,0.0,0.0126739562624254,0.0047216699801192,0.9490556660039762,0.0176441351888668,0.0121769383697813,0.0034791252485089
10100210,Marzahner Promenade,0.0,0.0,0.0,0.9941570716617976,0.0,0.0,0.0051555250042962
10100311,Marzahner Chaussee,0.0071364852809991,0.1953612845673505,0.247992863514719,0.264049955396967,0.119536128456735,0.055307760927743,0.1141837644959857
10100312,Springpfuhl,0.0,0.0,0.5199859747545582,0.453833567087424,0.005610098176718,0.0,0.0205703599812996
10100313,Alt-Marzahn,0.0114038537160833,0.0436492331891466,0.3075108139992135,0.3955957530475816,0.1128588281557215,0.0971293747542273,0.0338183248132127
10100314,Auersbergstraße,0.0,0.0040322580645161,0.0043202764976958,0.9006336405529954,0.0682603686635944,0.0043202764976958,0.0178571428571428
10100315,Bärenstein,0.0,0.00284017557449,0.1275497030725536,0.7838884585592564,0.0077459333849728,0.008262328943971,0.0707461915827523
10100316,Landsberger Tor,0.0,0.0,0.0,0.0812013348164627,0.7241379310344828,0.0016685205784204,0.1941045606229143
10200417,Zossener Straße,0.0,0.0,0.3643457382953181,0.5624249699879952,0.0,0.0,0.0729291716686674
10200418,Kyritzer Straße,0.0027262813522355,0.0,0.025081788440567,0.833969465648855,0.0408942202835332,0.0,0.0978735005452562
10200419,Havelländer Ring,0.0,0.0,0.0,0.8289719626168224,0.0,0.0,0.1705607476635514
10200420,Gut Hellersdorf,0.005741127348643,0.0067849686847599,0.0433194154488517,0.9237995824634656,0.0049582463465553,0.0,0.0156576200417536
10200421,Helle Mitte,0.0046728971962616,0.0,0.0,0.0128504672897196,0.9789719626168224,0.0,0.0
10200422,Hellersdorfer Promenade,0.0,0.0,0.0,0.8609312365094048,0.0009250693802035,0.0,0.1381436941103916
10200423,Böhlener Straße,0.0,0.0,0.0,0.9346016646848988,0.0,0.0,0.0657946888624653
10200524,Adele-Sandrock-Straße,0.0,0.0,0.0,0.7223632977822922,0.0983578804807855,0.0,0.1794481124090062
10200525,Schleipfuhl,0.0,0.0,0.0,0.7901137701059239,0.2036092585327579,0.0062769713613181,0.0015692428403295
10200526,Boulevard Kastanienallee,0.0010741138560687,0.0,0.0,0.8950948800572861,0.0769781596849266,0.0,0.0268528464017185
10200627,Am Kienberg,0.0027188689505165,0.0027188689505165,0.0,0.9276780859162588,0.0152256661228928,0.0201196302338227,0.0331702011963023
10200628,Neue Grottkauer Straße,0.0,0.0,0.0,0.9867669172932332,0.0,0.0,0.0123308270676691
10200629,Teterower Ring,0.0,0.0010167768174885,0.0,0.8833248601931876,0.005592272496187,0.0027961362480935,0.1082867310625317
10200630,Cecilienplatz,0.0,0.0,0.0,0.9823545629997242,0.0110283981251723,0.0,0.006341328921974
10300731,Oberfeldstraße,0.0528434826371414,0.2682435832913941,0.229491696024157,0.0910920986411675,0.2058379466532461,0.0790135883241067,0.0732259687971816
10300732,Buckower Ring,0.0067444876783398,0.0417639429312581,0.0438391699092088,0.5753566796368352,0.159533073929961,0.0274967574578469,0.1468223086900129
10300733,Alt-Biesdorf,0.0194949047408063,0.128932210899424,0.1369073992024811,0.028799291094373,0.0824102791315906,0.1320336730172795,0.4736375719982277
10300734,Biesdorf Süd,0.0231970601745521,0.157556270096463,0.0702802021129995,0.0459347726228755,0.3031694993109784,0.214745062011943,0.1851171336701883
10400835,Kaulsdorf Nord,0.0309648880287531,0.2062482720486591,0.0497649986176389,0.2181365772739839,0.3184959911528891,0.0987005805916505,0.0771357478573403
10400836,Alt-Kaulsdorf,0.1678136580201164,0.2747485442032821,0.0645844362096347,0.1572260455267337,0.189518263631551,0.0958178930651138,0.0492323980942297
10400837,Kaulsdorf Süd,0.0219042056074766,0.2269275700934579,0.0811915887850467,0.0899532710280373,0.3195093457943925,0.1556658878504672,0.1051401869158878
10400938,Mahlsdorf Nord,0.0405160706201901,0.2419646899049343,0.0629244001810774,0.0373472159348121,0.314622000905387,0.1530104119511091,0.1511996378451788
10400939,Alt-Mahlsdorf,0.1032885595182955,0.2269569245020843,0.0917091245947197,0.0407596109309865,0.2774432607688745,0.0870773506252894,0.1727651690597499
10400940,Elsensee,0.046399406087602,0.2156644394951744,0.1035634743875278,0.0538233110616184,0.3043801039346696,0.1655530809205642,0.1109873793615441
10400941,Pilgramer Straße,0.0602688919796013,0.1824292999536393,0.0857672693555864,0.057487250811312,0.3064441353732035,0.1699119146963375,0.1388502549837737
11100101,Dörfer Malchow-Wartenberg,0.0652472527472527,0.1572802197802197,0.1778846153846154,0.0494505494505494,0.2541208791208791,0.1353021978021978,0.1572802197802197
11100102,Dorf Falkenberg,0.0218722659667541,0.0454943132108486,0.0883639545056867,0.0288713910761154,0.0804899387576553,0.1916010498687664,0.5415573053368329
11100203,Falkenberg Ost,0.0,0.0,0.0,0.9873997709049256,0.0,0.0,0.0132875143184421
11100204,Falkenberg West,0.0,0.0,0.0,1.0,0.0,0.0,0.0
11100205,Wartenberg Süd,0.0,0.0015566625155666,0.0024906600249066,0.962640099626401,0.0261519302615193,0.0,0.0077833125778331
11100206,Wartenberg Nord,0.0,0.0,0.0,0.971551261406334,0.000805152979066,0.0064412238325281,0.0201288244766505
11100307,Zingster Straße Ost,0.0,0.0,0.0,0.9996791272260548,0.0,0.0,0.0
11100308,Zingster Straße West,0.0,0.0117855038302887,0.0033392260852484,0.9795717933608328,0.0045177764682773,0.0005892751915144,0.0005892751915144
11100309,Mühlengrund,0.0,0.0,0.0,0.8601621308627678,0.0,0.0,0.1407064273306311
11200410,Malchower Weg,0.0058011602320464,0.1808361672334467,0.4050810162032406,0.0908181636327265,0.1746349269853971,0.0352070414082816,0.1064212842568513
11200411,Hauptstraße,0.0194319880418535,0.1437967115097159,0.0768310911808669,0.5698056801195814,0.0866965620328849,0.0233183856502242,0.0801195814648729
11200512,Orankesee,0.1978643216080402,0.207286432160804,0.246859296482412,0.0138190954773869,0.2418341708542713,0.0709798994974874,0.0213567839195979
11200513,Große-Leege-Straße,0.0746967071057192,0.3880415944540727,0.2097053726169844,0.0318890814558058,0.1133448873483535,0.0362218370883882,0.1462738301559792
11200514,Landsberger Allee,0.000467781546018,0.049584843877909,0.5512805519822243,0.2030171909718161,0.1384633376213308,0.000935563092036,0.0566015670681791
11200515,Weiße Taube,0.0109051254089422,0.2142857142857142,0.1401308615049073,0.1608505997818975,0.2688113413304253,0.0354416575790621,0.1679389312977099
11300616,Hohenschönhauser Straße,0.0,0.0,0.9425837320574164,0.0,0.0565719110610751,0.0,0.0
11300617,Fennpfuhlpark,0.0,0.0,0.5736404833836858,0.3697129909365559,0.0249244712990936,0.0,0.0317220543806646
11300618,Storkower Bogen,0.088695652173913,0.2021739130434782,0.5534782608695652,0.0795652173913043,0.0060869565217391,0.0,0.0717391304347826
11300619,Rudolf-Seiffert-Park,0.0,0.0169710385537723,0.7939494558199595,0.0,0.0,0.042796532005165,0.1459140380003689
11300620,Fennpfuhl Ost,0.0308123249299719,0.0096483037659508,0.8118580765639589,0.1170245876128229,0.0028011204481792,0.0,0.0283224400871459
11300721,Herzbergstraße,0.044770206022187,0.0269413629160063,0.3363708399366085,0.3565768621236133,0.0,0.0,0.2385103011093502
11300722,Rathaus Lichtenberg,0.0934595826757846,0.3945291951604419,0.2560056110818867,0.0755742591618446,0.0087673154480098,0.0,0.1707873049272313
11300723,Bornitzstraße,0.0108932461873638,0.0,0.0457516339869281,0.0,0.0,0.2244008714596949,0.6993464052287581
11300724,Roedeliusplatz,0.1811774461028192,0.3752072968490879,0.3138474295190713,0.087893864013267,0.005804311774461,0.0,0.0352404643449419
11300725,Nibelungenviertel,0.2200839748075577,0.300034989503149,0.2330300909727082,0.0346396081175647,0.0516095171448565,0.0066480055983205,0.1544786564030791
11300826,Frankfurter Allee Süd,0.0063413774881099,0.005636779989431,0.8555575127708297,0.1287651928835652,0.0,0.0,0.0036991368680641
11400927,Victoriastadt,0.6779661016949152,0.0484934086629001,0.0291902071563088,0.0,0.1285310734463277,0.0108286252354048,0.1049905838041431
11400928,Nöldnerplatz,0.2306489444878811,0.0562939796716184,0.1853010164190774,0.1008600469116497,0.1743549648162627,0.0070367474589523,0.2431587177482408
11400929,Weitlingkiez,0.2804914004914005,0.3965601965601966,0.2133660933660933,0.0127764127764127,0.022997542997543,0.0002948402948402,0.0735135135135135
11400930,Zachertstraße,0.0732189973614775,0.3255277044854881,0.4630606860158311,0.0089050131926121,0.0577176781002638,0.0046174142480211,0.0676121372031662
11400931,Massower Straße,0.0774079677256681,0.0458900655572365,0.0337871911245587,0.7420574886535553,0.0340393343419062,0.0007564296520423,0.0663136661623802
11401032,Rosenfelder Ring,0.0893605870020964,0.1029874213836478,0.5374737945492662,0.125,0.0131027253668763,0.0157232704402515,0.1160901467505241
11401033,Gensinger Straße,0.0220783043862231,0.0209007948189579,0.0329702678834265,0.6941418899028554,0.1427730350309096,0.0,0.0874300853694436
11401034,Tierpark,0.0301204819277108,0.1423877327491785,0.0175246440306681,0.7102957283680176,0.0273822562979189,0.0,0.0717415115005476
11401135,Dolgenseestraße,0.0011627906976744,0.0009966777408637,0.8131229235880398,0.0,0.0360465116279069,0.0,0.1480066445182724
11401136,Volkradstraße,0.0,0.0040618955512572,0.9063829787234042,0.0709864603481624,0.006963249516441,0.004448742746615,0.0052224371373307
11401137,Erieseering,0.0059221658206429,0.012901861252115,0.7988578680203046,0.1032148900169204,0.0196700507614213,0.0088832487309644,0.0499153976311336
11501238,Rummelsburg,0.1176470588235294,0.1449948400412796,0.0128998968008255,0.0,0.2817337461300309,0.2234262125902992,0.2203302373581011
11501339,Karlshorst West,0.2167161053917292,0.1919385796545105,0.2373058803001221,0.1523294363985342,0.0246030361193509,0.0064561158611062,0.1704763566567789
11501340,Karlshorst Nord,0.1040372670807453,0.4305124223602484,0.1946816770186335,0.0114518633540372,0.076863354037267,0.0403726708074534,0.1418866459627329
11501341,Karlshorst Süd,0.2999169205206314,0.2301301578510108,0.0559401827748546,0.0891719745222929,0.060648019939075,0.0852949321517585,0.1786208806424813
12100101,Letteplatz,0.1783531103919453,0.3649766271125494,0.3074433656957929,0.0575332614167565,0.0690399137001078,0.0,0.0242718446601941
12100102,Hausotterplatz,0.2286931818181818,0.153612012987013,0.4620535714285714,0.0734577922077922,0.0742694805194805,0.0,0.0077110389610389
12100103,Breitkopfbecken,0.082217090069284,0.2371824480369515,0.5688221709006929,0.018013856812933,0.08729792147806,0.0,0.0062355658198614
12100204,Schäfersee,0.176753507014028,0.3829659318637274,0.4060120240480961,0.0234468937875751,0.0098196392785571,0.0,0.0012024048096192
12100205,Teichstraße,0.0684833785133399,0.3147381937508917,0.4732486802682266,0.0529319446426023,0.0263946354686831,0.0009987159366528,0.0624910828934227
12100206,Humboldtstraße,0.0161593385945133,0.4919203307027433,0.4411875234874107,0.0210447200300638,0.0281848928974069,0.0011273957158962,0.0
12200307,Reinickes Hof,0.0319426336375488,0.4869621903520209,0.4400260756192959,0.0162972620599739,0.0,0.0247718383311603,0.0
12200308,Meller Bogen,0.0624793388429752,0.0446280991735537,0.8171900826446281,0.0482644628099173,0.0171900826446281,0.0049586776859504,0.004297520661157
12200309,Scharnweberstraße,0.158390843292375,0.3588621444201313,0.3253660999831678,0.0451102507995287,0.0358525500757448,0.0,0.0750715367783201
12200310,Klixstraße,0.1249678580611982,0.041398817176652,0.6235536127539213,0.0516842375932116,0.1470815119568012,0.0,0.0107996914373875
12200411,Schumacher-Quartier,0.0595238095238095,0.4464285714285714,0.4702380952380952,0.0,0.0,0.0,0.0357142857142857
12200412,Waldidyll/Flughafensee,0.0787139689578714,0.4497413155949741,0.2468588322246858,0.0657797487065779,0.0384331116038433,0.0332594235033259,0.0905395417590539
12200413,Tegel Süd,0.0454232622161046,0.1899518238128011,0.6554255563202569,0.0082587749483826,0.0984170681348933,0.0011470520761642,0.0013764624913971
12200414,TXL,0.0324909747292418,0.427797833935018,0.4530685920577617,0.03971119133574,0.0252707581227436,0.0,0.0126353790613718
12200515,Alt-Tegel,0.4354104536179564,0.0687490189923089,0.2990111442473709,0.026369486736776,0.0959033118819651,0.016637890441061,0.0580756553131376
12400616,Konradshöhe/Tegelort,0.0845614035087719,0.16,0.3319298245614035,0.2298245614035087,0.107719298245614,0.0473684210526315,0.0396491228070175
12400617,Alt-Heiligensee,0.0473773265651438,0.182741116751269,0.2615905245346869,0.1922165820642978,0.1641285956006768,0.0954314720812182,0.0565143824027072
12400618,Heiligensee Nord,0.007046388725778,0.3546682325308279,0.2982971227246036,0.1180270111567821,0.095713446858485,0.0211391661773341,0.1068702290076335
12400619,Heiligensee,0.0217512548800892,0.2261572783045175,0.3335192414947016,0.2038482989403234,0.1491912994980479,0.0312325711098717,0.0348577802565532
12400720,Frohnau West,0.0304229532525352,0.3138758347761563,0.3851100667820925,0.1535988127627999,0.0759337125896611,0.0215186742517932,0.0195399455849616
12400721,Frohnau Ost,0.0452247938281457,0.3362596435222134,0.3115190210162277,0.1362064378824155,0.0784783187017823,0.0502793296089385,0.0428305400372439
12400722,Hermsdorf West,0.1770388676701864,0.2257919568636261,0.2954392271399685,0.107391597393844,0.0930128061109862,0.0208941810829027,0.081554706807459
12400723,Hermsdorf Ost/Waldsee,0.1822055137844611,0.1922305764411027,0.3280701754385965,0.12531328320802,0.1012531328320802,0.0223057644110275,0.0471177944862155
12500824,Ziekowstraße/Freie Scholle,0.0653572049365548,0.4853120111246306,0.4051799061359291,0.0170345906483573,0.018772814183904,0.0043455588388666,0.003650269424648
12500825,Borsigwalde,0.1773148148148148,0.5023148148148148,0.2703703703703703,0.0127314814814814,0.0215277777777777,0.0122685185185185,0.0011574074074074
12500926,Wittenau Mitte,0.0528896672504378,0.5667250437828372,0.201401050788091,0.0322241681260945,0.0311733800350262,0.0049036777583187,0.1099824868651488
12500927,Wittenau Nord,0.0396099939061547,0.1429006703229738,0.4177330895795246,0.1291895185862279,0.1636197440585009,0.0091407678244972,0.0981109079829372
12500928,Waidmannslust,0.2948865820838139,0.1910803537101115,0.3175701653210304,0.0857362552864283,0.0561322568242983,0.0153787004998077,0.0399846212995001
12500929,Lübars,0.0466512702078521,0.277136258660508,0.2318706697459584,0.2073903002309468,0.1094688221709006,0.0443418013856812,0.0836027713625866
12500930,Wittenau Süd,0.0347325804389516,0.3609631365864053,0.5422970381419134,0.0294054975495418,0.0294054975495418,0.0012784998934583,0.0012784998934583
12601031,Lübarser Straße,0.0433333333333333,0.1313333333333333,0.606,0.104,0.0713333333333333,0.02,0.026
12601032,Rollbergesiedlung,0.0,0.007262996941896,0.922782874617737,0.0194954128440367,0.0409021406727828,0.0045871559633027,0.0042048929663608
12601133,Treuenbrietzener Straße,0.006033476060724,0.0,0.9935772674192292,0.0007785130400934,0.0,0.0,0.0
12601134,Märkisches Zentrum,0.0,0.0,0.9239757645701095,0.0,0.0,0.0,0.0755914598961338
12601235,Dannenwalder Weg,0.0,0.0028083313831032,0.9307278258834544,0.0306576175988766,0.021062485373274,0.0007020828457758,0.0135736016849988
12601236,Schorfheidestraße,0.0092592592592592,0.1085858585858585,0.4259259259259259,0.191077441077441,0.1952861952861952,0.0479797979797979,0.021043771043771
