plr_id,plr_name,bez,y_true,oof_prob,on_watchlist
01401043,Antonstraße,01 - Mitte,1,0.9995185136795044,False
01401046,Nordufer,01 - Mitte,1,0.9994624257087708,False
01401044,Uferstraße,01 - Mitte,0,0.9991092085838318,True
02500728,Samariterviertel,02 - Friedrichshain-Kreuzberg,1,0.9988176226615906,False
07200308,Volkspark (Rudolph-Wilde-Park),07 - Tempelhof-Schöneberg,1,0.9987913966178894,False
07400825,Friedrich-Karl-Straße,07 - Tempelhof-Schöneberg,1,0.9987366795539856,False
01300733,Gesundbrunnen,01 - Mitte,1,0.9984256029129028,False
01300732,Soldiner Straße,01 - Mitte,1,0.9981523156166076,False
01200519,Emdener Straße,01 - Mitte,1,0.9979925155639648,False
01400942,Westliche Müllerstraße,01 - Mitte,1,0.9979518055915833,False
01401045,Schwedenstraße,01 - Mitte,1,0.9977670907974244,False
01400939,Glasgower Straße,01 - Mitte,1,0.9977062940597534,False
01300731,Koloniestraße,01 - Mitte,0,0.9976006150245668,True
01200518,Beusselkiez,01 - Mitte,1,0.9972905516624452,False
02300417,Reichenberger Straße West,02 - Friedrichshain-Kreuzberg,1,0.997124969959259,False
08100314,Donaustraße,08 - Neukölln,1,0.99668687582016,False
02500834,Revaler Straße,02 - Friedrichshain-Kreuzberg,1,0.9965613484382628,False
02200212,Graefekiez Süd,02 - Friedrichshain-Kreuzberg,1,0.9962910413742064,False
01100416,Arkonaplatz,01 - Mitte,0,0.9959756731987,True
03601348,Senefelderstraße,03 - Pankow,1,0.9953615069389344,False
01200521,Zwinglistraße,01 - Mitte,1,0.9947250485420228,False
03601347,Helmholtzplatz,03 - Pankow,1,0.99461430311203,False
07100206,Großgörschenstraße,07 - Tempelhof-Schöneberg,0,0.9925047159194946,True
02500833,Boxhagener Platz,02 - Friedrichshain-Kreuzberg,1,0.9914084076881408,False
02500729,Pettenkofer Straße,02 - Friedrichshain-Kreuzberg,1,0.9897527694702148,False
08100416,Alt-Rixdorf,08 - Neukölln,1,0.9892244935035706,False
08100209,Glasower Straße,08 - Neukölln,1,0.9879924058914183,False
01200623,Stephankiez,01 - Mitte,0,0.986148238182068,True
01401049,Schulstraße,01 - Mitte,0,0.9859592318534852,True
04501147,Leon-Jessel-Platz,04 - Charlottenburg-Wilmersdorf,0,0.9846000075340272,True
02500726,Hausburgviertel,02 - Friedrichshain-Kreuzberg,1,0.9840421676635742,False
01300836,Humboldthain Nordwest,01 - Mitte,0,0.9840062260627748,True
03601243,Rodenbergstraße,03 - Pankow,1,0.9839109182357788,False
01200522,Elberfelder Straße,01 - Mitte,0,0.9832627773284912,True
01200628,Lüneburger Straße,01 - Mitte,0,0.979387104511261,True
01401047,Sparrplatz,01 - Mitte,1,0.9785746335983276,False
09200511,Griechischer Park,09 - Treptow-Köpenick,0,0.9774777889251708,True
04300621,Richard-Wagner-Straße,04 - Charlottenburg-Wilmersdorf,1,0.9772483706474304,False
08100311,Reuterplatz,08 - Neukölln,1,0.9768746495246888,False
01300834,Brunnenstraße,01 - Mitte,0,0.976186990737915,True
08100417,Braunschweiger Straße,08 - Neukölln,1,0.9759312272071838,False
02200211,Chamissokiez,02 - Friedrichshain-Kreuzberg,0,0.975650429725647,True
02500727,Forckenbeckplatz,02 - Friedrichshain-Kreuzberg,1,0.9724485874176024,False
07200410,Feurigstraße,07 - Tempelhof-Schöneberg,1,0.9714469909667968,False
02300314,Oranienplatz,02 - Friedrichshain-Kreuzberg,1,0.9702330827713012,False
01200520,Bremer Straße,01 - Mitte,1,0.9656432867050172,False
03601142,Falkplatz,03 - Pankow,0,0.963522732257843,True
07100103,Frobenstraße,07 - Tempelhof-Schöneberg,1,0.9624354839324952,False
02300315,Lausitzer Platz,02 - Friedrichshain-Kreuzberg,1,0.9581164121627808,False
07200411,Julius-Leber-Brücke,07 - Tempelhof-Schöneberg,1,0.9564628005027772,False
01401048,Leopoldplatz,01 - Mitte,1,0.9517622590065002,False
01200625,Lübecker Straße,01 - Mitte,1,0.942254364490509,False
01100104,Körnerstraße,01 - Mitte,1,0.9394029378890992,False
07400824,Bosepark,07 - Tempelhof-Schöneberg,1,0.9388225078582764,False
02300419,Wrangelkiez,02 - Friedrichshain-Kreuzberg,1,0.9385833144187928,False
02300316,Köpenicker Straße,02 - Friedrichshain-Kreuzberg,1,0.9365819096565248,False
02200210,Urbanstraße,02 - Friedrichshain-Kreuzberg,1,0.9361582398414612,False
08100104,Wartheplatz,08 - Neukölln,1,0.9348015189170836,False
08100419,Treptower Straße Nord,08 - Neukölln,1,0.9248729944229126,False
08100206,Flughafenstraße,08 - Neukölln,1,0.9245227575302124,False
03601141,Arnimplatz,03 - Pankow,1,0.9216632843017578,False
08100312,Weichselplatz,08 - Neukölln,1,0.9214641451835632,False
07300619,Grazer Platz,07 - Tempelhof-Schöneberg,0,0.9160007238388062,True
01100309,Oranienburger Straße,01 - Mitte,0,0.9099525809288024,True
09100101,Alt-Treptow,09 - Treptow-Köpenick,0,0.8952305316925049,True
08100102,Schillerpromenade Nord,08 - Neukölln,0,0.8939265012741089,True
01400937,Afrikanische Straße,01 - Mitte,0,0.8917918801307678,True
07100102,Kalckreuthstraße,07 - Tempelhof-Schöneberg,1,0.8774057626724243,False
01300730,Drontheimer Straße,01 - Mitte,1,0.8736509084701538,False
07200414,Hohenfriedbergstraße,07 - Tempelhof-Schöneberg,0,0.8714181184768677,True
04300414,Schloßstraße,04 - Charlottenburg-Wilmersdorf,0,0.8710215091705322,True
04300416,Amtsgerichtsplatz,04 - Charlottenburg-Wilmersdorf,0,0.8628243803977966,True
08100418,Hertzbergplatz,08 - Neukölln,1,0.8558529019355774,False
08100208,Körnerpark,08 - Neukölln,1,0.8552730679512024,False
02300418,Reichenberger Straße Ost,02 - Friedrichshain-Kreuzberg,1,0.8542960286140442,False
03701658,Christburger Straße,03 - Pankow,1,0.8538902997970581,False
01400938,Kameruner Straße,01 - Mitte,0,0.8389071226119995,True
03701660,Bötzowstraße,03 - Pankow,1,0.8353451490402222,False
12100102,Hausotterplatz,12 - Reinickendorf,0,0.8249589204788208,True
04501150,Wilhelmsaue,04 - Charlottenburg-Wilmersdorf,0,0.8236569762229919,True
02200213,Graefekiez Nord,02 - Friedrichshain-Kreuzberg,1,0.8122740983963013,False
02200208,Rathaus Yorckstraße,02 - Friedrichshain-Kreuzberg,1,0.8101251125335693,False
02500832,Traveplatz,02 - Friedrichshain-Kreuzberg,1,0.7992251515388489,False
02400522,Richard-Sorge-Viertel,02 - Friedrichshain-Kreuzberg,1,0.7983345985412598,False
07100205,Alvenslebenstraße,07 - Tempelhof-Schöneberg,1,0.7936126589775085,False
02500830,Niederbarnimstraße,02 - Friedrichshain-Kreuzberg,1,0.7901687026023865,False
08100207,Rollberg,08 - Neukölln,1,0.7821827530860901,False
05100316,Carl-Schurz-Straße,05 - Spandau,0,0.7665170431137085,False
02400624,Weberwiese,02 - Friedrichshain-Kreuzberg,1,0.7597997784614563,False
01100205,Wilhelmstraße,01 - Mitte,0,0.7566664814949036,False
04501042,Breitscheidplatz,04 - Charlottenburg-Wilmersdorf,0,0.7129411101341248,False
12100103,Breitkopfbecken,12 - Reinickendorf,0,0.7127301096916199,False
09200716,Dörpfeldstraße West,09 - Treptow-Köpenick,0,0.7041215896606445,False
07200409,Belziger Straße,07 - Tempelhof-Schöneberg,1,0.6957439184188843,False
12100204,Schäfersee,12 - Reinickendorf,0,0.6947739720344543,False
01100415,Invalidenstraße,01 - Mitte,0,0.6938844919204712,False
04300413,Klausenerplatz,04 - Charlottenburg-Wilmersdorf,1,0.6926040053367615,False
09100304,Baumschulenweg West,09 - Treptow-Köpenick,0,0.689616322517395,False
08100101,Hasenheide,08 - Neukölln,0,0.6581676602363586,False
04501151,Hildegardstraße,04 - Charlottenburg-Wilmersdorf,0,0.6385456919670105,False
04501149,Nikolsburger Platz,04 - Charlottenburg-Wilmersdorf,0,0.6166600584983826,False
03400723,Garbátyplatz,03 - Pankow,1,0.6084749102592468,False
01200624,Heidestraße,01 - Mitte,0,0.6045414209365845,False
04501043,Preußenpark,04 - Charlottenburg-Wilmersdorf,0,0.5862716436386108,False
08100310,Maybachufer,08 - Neukölln,1,0.5860992670059204,False
08100103,Schillerpromenade Süd,08 - Neukölln,0,0.5751120448112488,False
12100101,Letteplatz,12 - Reinickendorf,1,0.570464551448822,False
02500831,Wismarplatz,02 - Friedrichshain-Kreuzberg,1,0.5677908062934875,False
12200310,Klixstraße,12 - Reinickendorf,0,0.5673916339874268,False
04300624,Savignyplatz,04 - Charlottenburg-Wilmersdorf,0,0.548785924911499,False
04300619,Alt-Lietzow,04 - Charlottenburg-Wilmersdorf,1,0.539348840713501,False
09200613,Bahnhof Schöneweide,09 - Treptow-Köpenick,0,0.5359873175621033,False
07400720,Gontermannstraße,07 - Tempelhof-Schöneberg,0,0.516968846321106,False
08100415,Ganghoferstraße,08 - Neukölln,1,0.5118880867958069,False
01100311,Karl-Marx-Allee,01 - Mitte,0,0.5064340233802795,False
04500936,Droysenstraße,04 - Charlottenburg-Wilmersdorf,0,0.4965147674083709,False
04300623,Karl-August-Platz,04 - Charlottenburg-Wilmersdorf,1,0.4866330623626709,False
07100204,Barbarossaplatz,07 - Tempelhof-Schöneberg,1,0.466152012348175,False
06100209,Feuerbachstraße,06 - Steglitz-Zehlendorf,1,0.4501006305217743,False
09100305,Baumschulenweg Ost,09 - Treptow-Köpenick,0,0.4475170969963074,False
01100102,Großer Tiergarten,01 - Mitte,0,0.4452044367790222,False
03601244,Humannplatz,03 - Pankow,1,0.4411569237709045,False
01100414,Nordbahnhof,01 - Mitte,0,0.4351665377616882,False
08100105,Silbersteinstraße,08 - Neukölln,0,0.389752984046936,False
02500835,Stralauer Kiez,02 - Friedrichshain-Kreuzberg,0,0.3838980197906494,False
04200311,Königin-Elisabeth-Straße,04 - Charlottenburg-Wilmersdorf,0,0.3697989583015442,False
02200209,Viktoriapark,02 - Friedrichshain-Kreuzberg,1,0.3442753851413727,False
03601140,Malmöer Straße,03 - Pankow,1,0.338146299123764,False
04500938,Hochmeisterplatz,04 - Charlottenburg-Wilmersdorf,0,0.3330630362033844,False
01100313,Heine-Viertel Ost,01 - Mitte,0,0.3205346763134002,False
06100208,Bergstraße,06 - Steglitz-Zehlendorf,0,0.3039535582065582,False
05300841,Siemensdamm,05 - Spandau,0,0.2869831919670105,False
01100308,Charitéviertel,01 - Mitte,0,0.2657989263534546,False
04501148,Brabanter Platz,04 - Charlottenburg-Wilmersdorf,1,0.2462402135133743,False
03500934,Weißenseer Spitze,03 - Pankow,1,0.2247672379016876,False
02400521,Friedenstraße,02 - Friedrichshain-Kreuzberg,0,0.2165659666061401,False
01300835,Humboldthain Süd,01 - Mitte,0,0.2030429244041443,False
02100106,Wassertorplatz,02 - Friedrichshain-Kreuzberg,1,0.2008620202541351,False
09200512,Wuhlheide,09 - Treptow-Köpenick,0,0.1987520158290863,False
03701554,Teutoburger Platz,03 - Pankow,1,0.1898203045129776,False
12200309,Scharnweberstraße,12 - Reinickendorf,1,0.1862669140100479,False
03701555,Sredzkistraße,03 - Pankow,1,0.1832208931446075,False
01200517,Huttenkiez,01 - Mitte,0,0.1783216297626495,False
04501044,Ludwigkirchplatz,04 - Charlottenburg-Wilmersdorf,0,0.1770069897174835,False
09100202,Plänterwald West,09 - Treptow-Köpenick,0,0.173110231757164,False
04300518,Kaiserin-Augusta-Allee,04 - Charlottenburg-Wilmersdorf,0,0.1686314791440963,False
05200630,Wilhelmstadt West,05 - Spandau,0,0.1677436679601669,False
03500935,Behaimstraße,03 - Pankow,1,0.1626481264829635,False
05100314,Kurstraße,05 - Spandau,1,0.1611545532941818,False
11400929,Weitlingkiez,11 - Lichtenberg,1,0.1582888960838318,False
11400927,Victoriastadt,11 - Lichtenberg,1,0.1526820063591003,False
07300618,Ceciliengärten,07 - Tempelhof-Schöneberg,0,0.1312587857246399,False
04501153,Babelsberger Straße,04 - Charlottenburg-Wilmersdorf,0,0.1288423389196396,False
04501152,Prager Platz,04 - Charlottenburg-Wilmersdorf,0,0.1216150447726249,False
04300415,Lietzensee,04 - Charlottenburg-Wilmersdorf,0,0.1090886667370796,False
05100315,Ackerstraße,05 - Spandau,1,0.1087196394801139,False
04300517,Tegeler Weg,04 - Charlottenburg-Wilmersdorf,1,0.1072142198681831,False
07200413,Cheruskerstraße,07 - Tempelhof-Schöneberg,0,0.1008899137377739,False
05100210,Germersheimer Platz,05 - Spandau,0,0.0944618135690689,False
05200526,Rudolf-Wissell-Großsiedlung,05 - Spandau,0,0.093789517879486,False
03701659,Immanuelkirchstraße,03 - Pankow,1,0.090791068971157,False
07400927,Rathaus Tempelhof,07 - Tempelhof-Schöneberg,0,0.089106336236,False
07100101,Wittenbergplatz,07 - Tempelhof-Schöneberg,1,0.0867775008082389,False
06100207,Mittelstraße,06 - Steglitz-Zehlendorf,0,0.0862083882093429,False
02400625,Wriezener Bahnhof,02 - Friedrichshain-Kreuzberg,0,0.0790887326002121,False
04501045,Schaperstraße,04 - Charlottenburg-Wilmersdorf,0,0.0752216354012489,False
01100310,Alexanderplatzviertel,01 - Mitte,0,0.0702295675873756,False
01200627,Zillesiedlung,01 - Mitte,0,0.0698418244719505,False
04500937,Halensee,04 - Charlottenburg-Wilmersdorf,0,0.0684424117207527,False
08100313,Bouchéstraße,08 - Neukölln,1,0.0672684386372566,False
09401534,Altstadt Köpenick,09 - Treptow-Köpenick,0,0.0665472820401191,False
03701657,Thälmannpark,03 - Pankow,0,0.0657057091593742,False
10200526,Boulevard Kastanienallee,10 - Marzahn-Hellersdorf,0,0.065499261021614,False
06100205,Südende,06 - Steglitz-Zehlendorf,0,0.0630552396178245,False
12100206,Humboldtstraße,12 - Reinickendorf,0,0.060586042702198,False
03701556,Kollwitzplatz,03 - Pankow,1,0.0568858347833156,False
03601139,Norweger Viertel,03 - Pankow,0,0.0531492717564106,False
01400941,Londoner Straße,01 - Mitte,0,0.0504716858267784,False
07501031,Eisenacher Straße,07 - Tempelhof-Schöneberg,0,0.0501334741711616,False
04501040,Hindemithplatz,04 - Charlottenburg-Wilmersdorf,0,0.0483986325562,False
05200633,Graetschelsteig,05 - Spandau,0,0.0461597815155983,False
06100103,Markelstraße,06 - Steglitz-Zehlendorf,0,0.0428978763520717,False
03400721,Florakiez,03 - Pankow,1,0.0411675311625003,False
01100206,Unter den Linden,01 - Mitte,0,0.040291391313076,False
04501146,Barstraße,04 - Charlottenburg-Wilmersdorf,0,0.0400645658373832,False
05200631,Wilhelmstadt Ost,05 - Spandau,1,0.0398333966732025,False
11401034,Tierpark,11 - Lichtenberg,0,0.0382640771567821,False
03601451,Anton-Saefkow-Park,03 - Pankow,0,0.0376899726688861,False
11401137,Erieseering,11 - Lichtenberg,0,0.037456888705492,False
07300516,Odenwaldstraße,07 - Tempelhof-Schöneberg,0,0.0366731025278568,False
07200307,Bayerischer Platz,07 - Tempelhof-Schöneberg,1,0.0364256799221038,False
02500836,Stralauer Halbinsel,02 - Friedrichshain-Kreuzberg,0,0.0363692305982112,False
11300616,Hohenschönhauser Straße,11 - Lichtenberg,0,0.0335549265146255,False
09100203,Plänterwald Ost,09 - Treptow-Köpenick,0,0.0319336988031864,False
12601133,Treuenbrietzener Straße,12 - Reinickendorf,0,0.0316802263259887,False
03400827,Trelleborger Viertel,03 - Pankow,1,0.0295235197991132,False
10100102,Rosenbecker Straße,10 - Marzahn-Hellersdorf,0,0.0280652977526187,False
06100102,Schloßstraße,06 - Steglitz-Zehlendorf,0,0.0279022362083196,False
01100103,Lützowstraße,01 - Mitte,1,0.0274523012340068,False
09200510,Helmholtz-Kiez,09 - Treptow-Köpenick,0,0.0272571127861738,False
07300515,Taunusstraße,07 - Tempelhof-Schöneberg,0,0.0257067121565341,False
05200423,Magistratsweg,05 - Spandau,0,0.0246118698269128,False
01200629,Hansaviertel,01 - Mitte,0,0.0231361351907253,False
09501939,Bahnhofstraße,09 - Treptow-Köpenick,0,0.0229008588939905,False
05200527,Maulbeerallee,05 - Spandau,0,0.022684771567583,False
01200626,Thomasiusstraße,01 - Mitte,0,0.0221024602651596,False
10200420,Gut Hellersdorf,10 - Marzahn-Hellersdorf,0,0.0220394767820835,False
03601346,Gethsemanekirche,03 - Pankow,1,0.0219376515597105,False
05200629,Borkumer Straße,05 - Spandau,0,0.0214545726776123,False
09501940,Güterbahnhof Köpenick,09 - Treptow-Köpenick,0,0.0212704055011272,False
04300622,Ernst-Reuter-Platz,04 - Charlottenburg-Wilmersdorf,0,0.0198706444352865,False
04501041,George-Grosz-Platz,04 - Charlottenburg-Wilmersdorf,0,0.0177670288830995,False
05100102,Am Forstacker,05 - Spandau,0,0.0155832152813673,False
12601235,Dannenwalder Weg,12 - Reinickendorf,0,0.0155631192028522,False
12200308,Meller Bogen,12 - Reinickendorf,0,0.015258333645761,False
06300630,Hindenburgdamm,06 - Steglitz-Zehlendorf,0,0.0146234044805169,False
04100101,Jungfernheide/Plötzensee,04 - Charlottenburg-Wilmersdorf,0,0.0144475549459457,False
01100312,Heine-Viertel West,01 - Mitte,0,0.0136399259790778,False
07400823,Wittekindstraße,07 - Tempelhof-Schöneberg,0,0.0126127218827605,False
10200418,Kyritzer Straße,10 - Marzahn-Hellersdorf,0,0.0124569488689303,False
02100103,Am Berlin Museum,02 - Friedrichshain-Kreuzberg,1,0.0123869758099317,False
12500926,Wittenau Mitte,12 - Reinickendorf,0,0.0120535753667354,False
07501030,Machonstraße,07 - Tempelhof-Schöneberg,1,0.0117083610966801,False
09200818,Spindlersfeld,09 - Treptow-Köpenick,0,0.0116685079410672,False
10100103,Wittenberger Straße,10 - Marzahn-Hellersdorf,0,0.0114628737792372,False
12200413,Tegel Süd,12 - Reinickendorf,0,0.0105188675224781,False
11100308,Zingster Straße West,11 - Lichtenberg,0,0.0103394081816077,False
10200630,Cecilienplatz,10 - Marzahn-Hellersdorf,0,0.0103257251903414,False
12601134,Märkisches Zentrum,12 - Reinickendorf,0,0.0102756507694721,False
11300725,Nibelungenviertel,11 - Lichtenberg,0,0.0101500013843178,False
10200421,Helle Mitte,10 - Marzahn-Hellersdorf,0,0.0098150940611958,False
06100210,Bismarckstraße,06 - Steglitz-Zehlendorf,0,0.0098012704402208,False
02400623,Andreasviertel,02 - Friedrichshain-Kreuzberg,0,0.0097655430436134,False
07601340,Tirschenreuther Ring Ost,07 - Tempelhof-Schöneberg,0,0.009339808486402,False
01100207,Leipziger Straße,01 - Mitte,0,0.0089187519624829,False
05300735,Haveleck,05 - Spandau,0,0.0087524643167853,False
02100105,Prinzenstraße,02 - Friedrichshain-Kreuzberg,1,0.008450380526483,False
03601452,Velodrom,03 - Pankow,0,0.0083264419808983,False
05300839,Rohrdamm,05 - Spandau,0,0.0082176597788929,False
07300517,Perelsplatz,07 - Tempelhof-Schöneberg,0,0.0079062627628445,False
03500936,Komponistenviertel Weißensee,03 - Pankow,0,0.0076871565543115,False
04400832,Breite Straße,04 - Charlottenburg-Wilmersdorf,0,0.0075719002634286,False
05100105,Amorbacher Weg,05 - Spandau,0,0.0075284345075488,False
11300617,Fennpfuhlpark,11 - Lichtenberg,0,0.0073917089030146,False
07601236,Marienfelder Allee Nordwest,07 - Tempelhof-Schöneberg,0,0.0073444950394332,False
11100307,Zingster Straße Ost,11 - Lichtenberg,0,0.0072561795823276,False
04300412,Schlossgarten,04 - Charlottenburg-Wilmersdorf,0,0.0071290526539087,False
08200622,Jahnstraße,08 - Neukölln,0,0.0070346808061003,False
06200313,Lankwitz Kirche,06 - Steglitz-Zehlendorf,0,0.0070146415382623,False
10200419,Havelländer Ring,10 - Marzahn-Hellersdorf,0,0.0069264755584299,False
11100206,Wartenberg Nord,11 - Lichtenberg,0,0.0068121431395411,False
10100206,Wuhletalstraße,10 - Marzahn-Hellersdorf,0,0.0066692372784018,False
09200717,Dörpfeldstraße Ost,09 - Treptow-Köpenick,0,0.0062721907161176,False
12100205,Teichstraße,12 - Reinickendorf,0,0.0060805445536971,False
04400834,Binger Straße,04 - Charlottenburg-Wilmersdorf,0,0.0059425900690257,False
12500930,Wittenau Süd,12 - Reinickendorf,0,0.005604141857475,False
05100209,Westerwaldstraße,05 - Spandau,0,0.0055418121628463,False
04400727,Flinsberger Platz,04 - Charlottenburg-Wilmersdorf,0,0.0053589404560625,False
02100102,Mehringplatz,02 - Friedrichshain-Kreuzberg,1,0.0053398762829601,False
10200525,Schleipfuhl,10 - Marzahn-Hellersdorf,0,0.0052420259453356,False
04400835,Rüdesheimer Platz,04 - Charlottenburg-Wilmersdorf,0,0.0052117952145636,False
10200628,Neue Grottkauer Straße,10 - Marzahn-Hellersdorf,0,0.0051191635429859,False
10100207,Ahrensfelder Berge,10 - Marzahn-Hellersdorf,0,0.0050874049775302,False
01100101,Stülerstraße,01 - Mitte,0,0.005072075407952,False
10200629,Teterower Ring,10 - Marzahn-Hellersdorf,0,0.0050646481104195,False
04100102,Paul-Hertz-Siedlung,04 - Charlottenburg-Wilmersdorf,0,0.0050267251208424,False
02100101,Askanischer Platz,02 - Friedrichshain-Kreuzberg,0,0.0048938072286546,False
05100317,Freiheit,05 - Spandau,0,0.0048332340084016,False
02200207,Gleisdreieck,02 - Friedrichshain-Kreuzberg,0,0.0047361804172396,False
11300826,Frankfurter Allee Süd,11 - Lichtenberg,0,0.0045124501921236,False
08401138,Goldhähnchenweg,08 - Neukölln,0,0.0044210492633283,False
11100204,Falkenberg West,11 - Lichtenberg,0,0.0043635666370391,False
07501029,Ringstraße,07 - Tempelhof-Schöneberg,0,0.0043185083195567,False
10100104,Golliner Straße,10 - Marzahn-Hellersdorf,0,0.0042673530988395,False
03200206,Pastor-Niemöller-Platz,03 - Pankow,0,0.0039800917729735,False
09200715,Wista,09 - Treptow-Köpenick,0,0.003930143546313,False
05200524,Döberitzer Weg,05 - Spandau,0,0.0038950040470808,False
11200513,Große-Leege-Straße,11 - Lichtenberg,0,0.0038517576176673,False
02400520,Barnimkiez,02 - Friedrichshain-Kreuzberg,0,0.0038451179862022,False
04200205,Flatowallee,04 - Charlottenburg-Wilmersdorf,0,0.0036707262042909,False
03400826,Tiroler Viertel,03 - Pankow,0,0.0032258159480988,False
05200632,Tiefwerder,05 - Spandau,0,0.0031494055874645,False
03601450,Volkspark Prenzlauer Berg,03 - Pankow,0,0.0030072380322963,False
04400833,Schlangenbader Straße,04 - Charlottenburg-Wilmersdorf,0,0.0029869782738387,False
07400721,Paradestraße,07 - Tempelhof-Schöneberg,0,0.0029650833457708,False
07200412,Schöneberger Linse,07 - Tempelhof-Schöneberg,0,0.0029052910394966,False
05100312,Eckschanze,05 - Spandau,1,0.0028327961917966,False
10100101,Marzahn West,10 - Marzahn-Hellersdorf,0,0.0027845890726894,False
07601442,Kettinger Straße,07 - Tempelhof-Schöneberg,0,0.0027702844236046,False
03601449,Michelangelostraße,03 - Pankow,0,0.0027230137493461,False
11401033,Gensinger Straße,11 - Lichtenberg,0,0.0027076143305748,False
11401136,Volkradstraße,11 - Lichtenberg,0,0.0025895971339195,False
03200205,Uhlandstraße,03 - Pankow,0,0.0025803225580602,False
03601245,Ostseestraße,03 - Pankow,1,0.0025209337472915,False
11400930,Zachertstraße,11 - Lichtenberg,0,0.0024754402693361,False
11200514,Landsberger Allee,11 - Lichtenberg,0,0.0024112113751471,False
02100104,Moritzplatz,02 - Friedrichshain-Kreuzberg,1,0.0024020061828196,False
04500939,Eisenzahnstraße,04 - Charlottenburg-Wilmersdorf,0,0.0022965196985751,False
06300629,Botanischer Garten,06 - Steglitz-Zehlendorf,0,0.002264586975798,False
07601544,John-Locke-Straße,07 - Tempelhof-Schöneberg,0,0.0022565317340195,False
09401635,Müggelheim,09 - Treptow-Köpenick,0,0.0022253468632698,False
05300737,Gartenfelder Straße,05 - Spandau,0,0.0022214488126337,False
11100102,Dorf Falkenberg,11 - Lichtenberg,0,0.0021970062516629,False
10100210,Marzahner Promenade,10 - Marzahn-Hellersdorf,0,0.0020491611212491,False
04200309,Neu Westend,04 - Charlottenburg-Wilmersdorf,0,0.0020002811215817,False
06400843,Thielallee,06 - Steglitz-Zehlendorf,0,0.0019037203164771,False
10200423,Böhlener Straße,10 - Marzahn-Hellersdorf,0,0.0018846518360078,False
09100408,Johannisthal Ost,09 - Treptow-Köpenick,0,0.0018771992763504,False
03400830,Kissingenviertel,03 - Pankow,0,0.0018744352273643,False
11300724,Roedeliusplatz,11 - Lichtenberg,0,0.0018361605471,False
09200614,Oberspree,09 - Treptow-Köpenick,0,0.0017913304036483,False
09200819,Köllnische Vorstadt,09 - Treptow-Köpenick,0,0.0017664958722889,False
05300736,Zitadellenweg,05 - Spandau,0,0.0017391828587278,False
06300633,Augustaplatz,06 - Steglitz-Zehlendorf,0,0.0017337375320494,False
09501737,Alt-Friedrichshagen,09 - Treptow-Köpenick,0,0.0017103324644267,False
09401433,Allende II,09 - Treptow-Köpenick,0,0.0016900508198887,False
12601032,Rollbergesiedlung,12 - Reinickendorf,0,0.0016454197466373,False
04300620,Spreestadt,04 - Charlottenburg-Wilmersdorf,0,0.001624398631975,False
10200417,Zossener Straße,10 - Marzahn-Hellersdorf,0,0.0015948351938277,False
07400928,Germaniagarten,07 - Tempelhof-Schöneberg,0,0.0015294018667191,False
03100103,Karower Chaussee,03 - Pankow,0,0.0015254630707204,False
10400835,Kaulsdorf Nord,10 - Marzahn-Hellersdorf,0,0.0015010372735559,False
07501133,Fritz-Werner-Straße,07 - Tempelhof-Schöneberg,0,0.0014748001703992,False
09300922,Kosmos Viertel,09 - Treptow-Köpenick,0,0.0014697647420689,False
03400829,Arnold-Zweig-Straße,03 - Pankow,0,0.0014580638380721,False
08401243,Alt-Rudow,08 - Neukölln,0,0.0014454466290771,False
07601548,Wittelsbacherstraße,07 - Tempelhof-Schöneberg,0,0.0014247422805055,False
04200203,Olympiagelände,04 - Charlottenburg-Wilmersdorf,0,0.0013989394064992,False
04400831,Messelpark,04 - Charlottenburg-Wilmersdorf,0,0.0013771108351647,False
06100206,Stadtpark,06 - Steglitz-Zehlendorf,0,0.0013478846522048,False
06300526,Zehlendorf Mitte,06 - Steglitz-Zehlendorf,0,0.0012626455863937,False
07501134,Hundsteinweg,07 - Tempelhof-Schöneberg,0,0.001260210876353,False
12200515,Alt-Tegel,12 - Reinickendorf,0,0.0012433187803253,False
11300723,Bornitzstraße,11 - Lichtenberg,0,0.0011853362666442,False
07601339,Tirschenreuther Ring West,07 - Tempelhof-Schöneberg,0,0.0011149765923619,False
08300934,Gropiusstadt Nord-West,08 - Neukölln,1,0.001091600744985,False
10200627,Am Kienberg,10 - Marzahn-Hellersdorf,0,0.0010842222254723,False
11200410,Malchower Weg,11 - Lichtenberg,0,0.0010764801409095,False
04200204,Angerburger Allee,04 - Charlottenburg-Wilmersdorf,0,0.0009992750128731,False
05300840,Nonnendammallee,05 - Spandau,0,0.0009860603604465,False
11400928,Nöldnerplatz,11 - Lichtenberg,0,0.000943383318372,False
03400828,Spiekermann Straße,03 - Pankow,0,0.0009319453383795,False
09301228,Schmöckwitz/Rauchfangswerder,09 - Treptow-Köpenick,0,0.0009147064993157,False
03300411,Karow Nord,03 - Pankow,0,0.000913031224627,False
10200524,Adele-Sandrock-Straße,10 - Marzahn-Hellersdorf,0,0.0009091872489079,False
08200727,Parchimer Allee Süd,08 - Neukölln,1,0.0009047725470736,False
10100314,Auersbergstraße,10 - Marzahn-Hellersdorf,0,0.0008831784361973,False
01400940,Schillerpark,01 - Mitte,0,0.00085272063734,False
05200528,Weinmeisterhornweg,05 - Spandau,0,0.0008512633503414,False
05100104,Maselake,05 - Spandau,0,0.0008331878343597,False
05100208,Im Spektefeld,05 - Spandau,0,0.000819660257548,False
09301227,Karolinenhof,09 - Treptow-Köpenick,0,0.0008094681543298,False
10100209,Lea-Grundig-Straße,10 - Marzahn-Hellersdorf,0,0.000785544689279,False
06400838,Krumme Lanke,06 - Steglitz-Zehlendorf,0,0.000773761596065,False
07501032,Imbrosweg,07 - Tempelhof-Schöneberg,0,0.0007530363509431,False
06300634,Lichterfelde West,06 - Steglitz-Zehlendorf,0,0.0007226762245409,False
11501238,Rummelsburg,11 - Lichtenberg,0,0.0007003676146268,False
12400722,Hermsdorf West,12 - Reinickendorf,0,0.0006903723697178,False
11501339,Karlshorst West,11 - Lichtenberg,0,0.0006785541190765,False
03400620,Schönholz,03 - Pankow,0,0.0006696698255836,False
10100312,Springpfuhl,10 - Marzahn-Hellersdorf,0,0.0006624890374951,False
07601238,Marienfelde Nordost,07 - Tempelhof-Schöneberg,0,0.0006532260449603,False
12500824,Ziekowstraße/Freie Scholle,12 - Reinickendorf,0,0.0006298573571257,False
05400945,Kafkastraße,05 - Spandau,0,0.0006258594803512,False
07400826,Marienhöhe,07 - Tempelhof-Schöneberg,0,0.0005867555737495,False
06200316,Belßstraße,06 - Steglitz-Zehlendorf,0,0.0005819402285851,False
06400842,Hüttenweg,06 - Steglitz-Zehlendorf,0,0.000580908905249,False
11100203,Falkenberg Ost,11 - Lichtenberg,0,0.0005744542577303,False
06400840,Fischtal,06 - Steglitz-Zehlendorf,0,0.0005632065003737,False
11300619,Rudolf-Seiffert-Park,11 - Lichtenberg,0,0.0005614292458631,False
11501341,Karlshorst Süd,11 - Lichtenberg,0,0.0005571305518969,False
07601547,Horstwalder Straße,07 - Tempelhof-Schöneberg,0,0.0005527957691811,False
11401135,Dolgenseestraße,11 - Lichtenberg,0,0.0005515652592293,False
04200308,Branitzer Platz,04 - Charlottenburg-Wilmersdorf,0,0.0005494488286785,False
06400737,Nikolassee,06 - Steglitz-Zehlendorf,0,0.0005476640653796,False
11300620,Fennpfuhl Ost,11 - Lichtenberg,0,0.0005408899160102,False
05100207,An der Tränke,05 - Spandau,0,0.0005345405079424,False
09300921,Preußen Siedlung,09 - Treptow-Köpenick,0,0.0005322082433849,False
08300935,Gropiusstadt Süd-West,08 - Neukölln,1,0.0005316989263519,False
12601236,Schorfheidestraße,12 - Reinickendorf,0,0.0005224959459155,False
08100520,Weiße Siedlung,08 - Neukölln,0,0.000514747807756,False
08401139,Vogelviertel Süd,08 - Neukölln,0,0.000512961007189,False
11100309,Mühlengrund,11 - Lichtenberg,0,0.0005087635363452,False
08200623,Park am Buschkrug,08 - Neukölln,0,0.0004985071136616,False
09401432,Siedlung Kämmereiheide,09 - Treptow-Köpenick,0,0.0004906833637505,False
07601237,Kirchstraße,07 - Tempelhof-Schöneberg,0,0.0004771624226123,False
03601453,Alter Schlachthof,03 - Pankow,0,0.0004759037692565,False
06400841,Zehlendorf Eiche,06 - Steglitz-Zehlendorf,0,0.0004415049625094,False
12500928,Waidmannslust,12 - Reinickendorf,0,0.0004389059613458,False
07601546,Franziusweg,07 - Tempelhof-Schöneberg,0,0.00043621979421,False
10100316,Landsberger Tor,10 - Marzahn-Hellersdorf,0,0.0004350437375251,False
08401246,Waltersdorfer Chaussee Ost,08 - Neukölln,0,0.0004256343818269,False
06400844,Dahlem,06 - Steglitz-Zehlendorf,0,0.0004217831301502,False
12200307,Reinickes Hof,12 - Reinickendorf,0,0.0004172511398792,False
10400940,Elsensee,10 - Marzahn-Hellersdorf,0,0.0004142035322729,False
05100103,Mertensstraße,05 - Spandau,0,0.0003989656106568,False
11100205,Wartenberg Süd,11 - Lichtenberg,0,0.000396838033339,False
04200310,Fürstenplatz,04 - Charlottenburg-Wilmersdorf,0,0.000390660832636,False
08301036,Gropiusstadt Mitte,08 - Neukölln,0,0.0003834646486211,False
09300923,Kölner Viertel,09 - Treptow-Köpenick,0,0.0003822715370915,False
04400726,Bismarckallee,04 - Charlottenburg-Wilmersdorf,0,0.0003821152204181,False
09502042,Mittelheide,09 - Treptow-Köpenick,0,0.0003772860218305,False
10300731,Oberfeldstraße,10 - Marzahn-Hellersdorf,0,0.0003767046728171,False
03400722,Parkstraße,03 - Pankow,0,0.0003620108473114,False
07601545,Nahariyastraße,07 - Tempelhof-Schöneberg,0,0.0003609382547438,False
08200833,Buckow Ost,08 - Neukölln,0,0.0003592081775423,False
05100313,Eiswerder,05 - Spandau,0,0.0003491437237244,False
08100521,Schulenburgpark,08 - Neukölln,0,0.0003419871500227,False
06400736,Düppel,06 - Steglitz-Zehlendorf,0,0.0003391483332961,False
08200832,Buckow Mitte,08 - Neukölln,0,0.0003342269628774,False
10200422,Hellersdorfer Promenade,10 - Marzahn-Hellersdorf,0,0.0003342056297697,False
12601031,Lübarser Straße,12 - Reinickendorf,0,0.0003227880515623,False
09501736,Hirschgarten,09 - Treptow-Köpenick,0,0.000320643215673,False
12500929,Lübars,12 - Reinickendorf,0,0.0003204015083611,False
10100315,Bärenstein,10 - Marzahn-Hellersdorf,0,0.0003201850049663,False
03200308,Nisbléstraße,03 - Pankow,0,0.0003197676851414,False
04200206,Kranzallee,04 - Charlottenburg-Wilmersdorf,0,0.0003144820511806,False
05100206,Griesingerstraße,05 - Spandau,0,0.0003126146330032,False
08200624,Tempelhofer Weg,08 - Neukölln,0,0.0003047396603506,False
10400938,Mahlsdorf Nord,10 - Marzahn-Hellersdorf,0,0.0003004579048138,False
03400724,Wolfshagener Straße,03 - Pankow,0,0.0002984474413096,False
04400728,Hagenplatz,04 - Charlottenburg-Wilmersdorf,0,0.0002958623226732,False
11401032,Rosenfelder Ring,11 - Lichtenberg,0,0.0002936756354756,False
07601443,Töpchiner Weg,07 - Tempelhof-Schöneberg,0,0.0002919028047472,False
05200421,Spandauer Straße,05 - Spandau,0,0.0002905314904637,False
10100313,Alt-Marzahn,10 - Marzahn-Hellersdorf,0,0.0002851354656741,False
12400619,Heiligensee,12 - Reinickendorf,0,0.0002756231406237,False
08301037,Gropiusstadt Süd-Ost,08 - Neukölln,0,0.0002756215690169,False
03500933,Weißer See,03 - Pankow,0,0.0002695017610676,False
03100102,Klinikum Buch,03 - Pankow,0,0.0002673341950867,False
11300618,Storkower Bogen,11 - Lichtenberg,0,0.0002650973037816,False
06100101,Fichtenberg,06 - Steglitz-Zehlendorf,0,0.0002548166085034,False
05200525,Pillnitzer Weg,05 - Spandau,0,0.0002535532403271,False
10400941,Pilgramer Straße,10 - Marzahn-Hellersdorf,0,0.0002518750843591,False
03400725,Schlosspark,03 - Pankow,0,0.000251222460065,False
12400617,Alt-Heiligensee,12 - Reinickendorf,0,0.0002492241910658,False
12400618,Heiligensee Nord,12 - Reinickendorf,0,0.0002472045889589,False
06200423,Schütte-Lanz-Straße,06 - Steglitz-Zehlendorf,0,0.0002445054124109,False
05100211,An der Kappe,05 - Spandau,0,0.0002437707880744,False
06200317,Lankwitz Süd,06 - Steglitz-Zehlendorf,0,0.0002415570925222,False
12500825,Borsigwalde,12 - Reinickendorf,0,0.0002404481492703,False
11400931,Massower Straße,11 - Lichtenberg,0,0.0002373574388911,False
06200419,Thermometersiedlung,06 - Steglitz-Zehlendorf,0,0.0002348673879168,False
10100311,Marzahner Chaussee,10 - Marzahn-Hellersdorf,0,0.00023018430511,False
03400619,Wilhelmsruh,03 - Pankow,0,0.000230110133998,False
09501838,Rahnsdorf,09 - Treptow-Köpenick,0,0.0002269836259074,False
11200512,Orankesee,11 - Lichtenberg,0,0.0002266231458634,False
06100204,Munsterdamm,06 - Steglitz-Zehlendorf,0,0.00022659591923,False
09301126,Grünau,09 - Treptow-Köpenick,0,0.0002243307972094,False
03200204,Blankenfelde,03 - Pankow,0,0.0002203961048508,False
08401244,Waßmannsdorfer Chaussee,08 - Neukölln,0,0.0002189613442169,False
06400839,Fischerhüttenstraße,06 - Steglitz-Zehlendorf,0,0.0002175846602767,False
06200315,Gallwitzallee,06 - Steglitz-Zehlendorf,0,0.0002168397040804,False
09401431,Allende I,09 - Treptow-Köpenick,0,0.0002101337886415,False
06200422,Oberhofer Platz,06 - Steglitz-Zehlendorf,0,0.000207790537388,False
09100407,Johannisthal West,09 - Treptow-Köpenick,0,0.0002053091302514,False
08401245,Frauenviertel,08 - Neukölln,0,0.000201702612685,False
05200418,Isenburger Weg,05 - Spandau,0,0.0002016328071476,False
12400720,Frohnau West,12 - Reinickendorf,0,0.000200509923161,False
10100208,Bürgerpark,10 - Marzahn-Hellersdorf,0,0.0001996977080125,False
08200730,Handwerker-Siedlung,08 - Neukölln,0,0.000196934575797,False
06300527,Sundgauer Straße,06 - Steglitz-Zehlendorf,0,0.0001945289695868,False
03501038,Hansastraße,03 - Pankow,0,0.0001870525593403,False
08200726,Hufeisensiedlung,08 - Neukölln,0,0.0001813112176023,False
11300722,Rathaus Lichtenberg,11 - Lichtenberg,0,0.00017758521426,False
06200420,Lichterfelde Süd,06 - Steglitz-Zehlendorf,0,0.0001718311978038,False
06400735,Wannsee,06 - Steglitz-Zehlendorf,0,0.000168730286532,False
09300920,Dorf Altglienicke,09 - Treptow-Köpenick,0,0.0001683624141151,False
07501135,Birnhornweg,07 - Tempelhof-Schöneberg,0,0.0001679216802585,False
06300632,Schweizer Viertel,06 - Steglitz-Zehlendorf,0,0.0001623780408408,False
09501941,Friedrichshagener Straße,09 - Treptow-Köpenick,0,0.0001616846566321,False
05400943,Jägerallee,05 - Spandau,0,0.0001597713999217,False
10300734,Biesdorf Süd,10 - Marzahn-Hellersdorf,0,0.000158187438501,False
06200311,Alt-Lankwitz,06 - Steglitz-Zehlendorf,0,0.0001560421660542,False
08200831,Buckow West,08 - Neukölln,0,0.0001496248150942,False
09100409,Landschaftspark Adlershof,09 - Treptow-Köpenick,0,0.0001484247914049,False
12500927,Wittenau Nord,12 - Reinickendorf,0,0.0001473585434723,False
03200310,Krugpfuhl,03 - Pankow,0,0.0001424212678102,False
06300524,Berlepschstraße,06 - Steglitz-Zehlendorf,0,0.0001398558088112,False
12400616,Konradshöhe/Tegelort,12 - Reinickendorf,0,0.0001365688221994,False
03400618,Rosenthal,03 - Pankow,0,0.0001333368272753,False
08401140,Vogelviertel Nord,08 - Neukölln,0,0.0001279713324038,False
07601341,Diedersdorfer Weg,07 - Tempelhof-Schöneberg,0,0.0001271228975383,False
06200314,Kaiser-Wilhelm-Straße,06 - Steglitz-Zehlendorf,0,0.000126982355141,False
11501340,Karlshorst Nord,11 - Lichtenberg,0,0.0001253109803656,False
03300412,Karow Bahnhof,03 - Pankow,0,0.0001215066513395,False
09301025,Alt-Bohnsdorf,09 - Treptow-Köpenick,0,0.0001201411723741,False
04400830,Forckenbeckstraße,04 - Charlottenburg-Wilmersdorf,0,0.0001186680747196,False
07400822,Lindenhofsiedlung,07 - Tempelhof-Schöneberg,0,0.0001179323517135,False
06300525,Zehlendorf Süd,06 - Steglitz-Zehlendorf,0,0.0001157333463197,False
12200412,Waldidyll/Flughafensee,12 - Reinickendorf,0,0.0001128821677411,False
11200411,Hauptstraße,11 - Lichtenberg,0,0.0001074066967703,False
10300732,Buckower Ring,10 - Marzahn-Hellersdorf,0,0.000106093379145,False
05200422,Werkstraße,05 - Spandau,0,0.0001015108064166,False
03200207,Herthaplatz,03 - Pankow,0,9.920276352204382e-05,False
10400836,Alt-Kaulsdorf,10 - Marzahn-Hellersdorf,0,9.78702082647942e-05,False
05200634,Börnicker Straße,05 - Spandau,0,9.262696403311566e-05,False
03100101,Bucher Forst,03 - Pankow,0,9.082066389964892e-05,False
11200515,Weiße Taube,11 - Lichtenberg,0,9.010278881760314e-05,False
05400944,Kladower Damm,05 - Spandau,0,8.857278589857742e-05,False
09502043,Dammheide,09 - Treptow-Köpenick,0,8.822001836961135e-05,False
03500932,Bühringstraße,03 - Pankow,0,8.482397970510647e-05,False
11300721,Herzbergstraße,11 - Lichtenberg,0,8.350057760253549e-05,False
09401329,Kietzer Feld/Nachtheide,09 - Treptow-Köpenick,0,8.239079033955932e-05,False
08401242,Zittauer Straße,08 - Neukölln,0,8.071316551649943e-05,False
06300631,Goerzwerke,06 - Steglitz-Zehlendorf,0,7.742336310911924e-05,False
09301024,Falkenberg,09 - Treptow-Köpenick,0,7.593639747938141e-05,False
03501037,Rathaus Weißensee,03 - Pankow,0,7.44811914046295e-05,False
05200420,Staakener Straße,05 - Spandau,0,7.418347377097234e-05,False
06200421,Königsberger Straße,06 - Steglitz-Zehlendorf,0,7.333557005040348e-05,False
12400721,Frohnau Ost,12 - Reinickendorf,0,6.794490036554635e-05,False
12400723,Hermsdorf Ost/Waldsee,12 - Reinickendorf,0,6.72887617838569e-05,False
05100101,Hakenfelde Nord,05 - Spandau,0,6.604383088415489e-05,False
05400942,Alt-Gatow,05 - Spandau,0,6.232316809473559e-05,False
06300528,Teltower Damm,06 - Steglitz-Zehlendorf,0,6.111279071774334e-05,False
10400939,Alt-Mahlsdorf,10 - Marzahn-Hellersdorf,0,5.7983841543318704e-05,False
08401241,Blumenviertel,08 - Neukölln,0,5.63993162359111e-05,False
04400729,Hundekehle,04 - Charlottenburg-Wilmersdorf,0,5.5838681873865426e-05,False
03300516,Heinersdorf,03 - Pankow,0,5.22987284057308e-05,False
10400837,Kaulsdorf Süd,10 - Marzahn-Hellersdorf,0,4.98094450449571e-05,False
08200725,Mohriner Allee Nord,08 - Neukölln,0,4.764360346598551e-05,False
03300514,Blankenburg,03 - Pankow,0,3.9743928937241435e-05,False
09401330,Wendenschloß,09 - Treptow-Köpenick,0,3.9524555177195e-05,False
06200312,Komponistenviertel Lankwitz,06 - Steglitz-Zehlendorf,0,3.561628545867279e-05,False
11100101,Dörfer Malchow-Wartenberg,11 - Lichtenberg,0,2.639834383444395e-05,False
03200309,Eddastraße,03 - Pankow,0,2.5705572625156492e-05,False
10300733,Alt-Biesdorf,10 - Marzahn-Hellersdorf,0,2.4841143385856412e-05,False
