plr_id,y_true,oof_prob
01100101,0,0.00507207540795207
01100102,0,0.4452044367790222
01100103,1,0.02745230123400688
01100104,1,0.9394029378890991
01100205,0,0.7566664814949036
01100206,0,0.04029139131307602
01100207,0,0.00891875196248293
01100308,0,0.2657989263534546
01100309,0,0.9099525809288025
01100310,0,0.07022956758737564
01100311,0,0.5064340233802795
01100312,0,0.013639925979077816
01100313,0,0.32053467631340027
01100414,0,0.43516653776168823
01100415,0,0.6938844919204712
01100416,0,0.9959756731987
01200517,0,0.17832162976264954
01200518,1,0.9972905516624451
01200519,1,0.9979925155639648
01200520,1,0.9656432867050171
01200521,1,0.9947250485420227
01200522,0,0.9832627773284912
01200623,0,0.9861482381820679
01200624,0,0.6045414209365845
01200625,1,0.942254364490509
01200626,0,0.022102460265159607
01200627,0,0.06984182447195053
01200628,0,0.979387104511261
01200629,0,0.023136135190725327
01300730,1,0.8736509084701538
01300731,0,0.9976006150245667
01300732,1,0.9981523156166077
01300733,1,0.9984256029129028
01300834,0,0.976186990737915
01300835,0,0.2030429244041443
01300836,0,0.9840062260627747
01400937,0,0.8917918801307678
01400938,0,0.8389071226119995
01400939,1,0.9977062940597534
01400940,0,0.0008527206373400986
01400941,0,0.05047168582677841
01400942,1,0.9979518055915833
01401043,1,0.9995185136795044
01401044,0,0.9991092085838318
01401045,1,0.9977670907974243
01401046,1,0.9994624257087708
01401047,1,0.9785746335983276
01401048,1,0.9517622590065002
01401049,0,0.9859592318534851
02100101,0,0.004893807228654623
02100102,1,0.0053398762829601765
02100103,1,0.012386975809931755
02100104,1,0.002402006182819605
02100105,1,0.008450380526483059
02100106,1,0.20086202025413513
02200207,0,0.004736180417239666
02200208,1,0.8101251125335693
02200209,1,0.3442753851413727
02200210,1,0.9361582398414612
02200211,0,0.975650429725647
02200212,1,0.9962910413742065
02200213,1,0.8122740983963013
02300314,1,0.9702330827713013
02300315,1,0.9581164121627808
02300316,1,0.9365819096565247
02300417,1,0.997124969959259
02300418,1,0.8542960286140442
02300419,1,0.9385833144187927
02400520,0,0.00384511798620224
02400521,0,0.21656596660614014
02400522,1,0.7983345985412598
02400623,0,0.009765543043613434
02400624,1,0.7597997784614563
02400625,0,0.0790887326002121
02500726,1,0.9840421676635742
02500727,1,0.9724485874176025
02500728,1,0.9988176226615906
02500729,1,0.9897527694702148
02500830,1,0.7901687026023865
02500831,1,0.5677908062934875
02500832,1,0.7992251515388489
02500833,1,0.9914084076881409
02500834,1,0.9965613484382629
02500835,0,0.3838980197906494
02500836,0,0.03636923059821129
03100101,0,9.082066389964893e-05
03100102,0,0.0002673341950867325
03100103,0,0.0015254630707204342
03200204,0,0.0002203961048508063
03200205,0,0.0025803225580602884
03200206,0,0.0039800917729735374
03200207,0,9.920276352204382e-05
03200308,0,0.0003197676851414144
03200309,0,2.5705572625156492e-05
03200310,0,0.00014242126781027764
03300411,0,0.0009130312246270478
03300412,0,0.00012150665133958682
03300514,0,3.9743928937241435e-05
03300516,0,5.22987284057308e-05
03400618,0,0.00013333682727534324
03400619,0,0.000230110133998096
03400620,0,0.0006696698255836964
03400721,1,0.04116753116250038
03400722,0,0.00036201084731146693
03400723,1,0.6084749102592468
03400724,0,0.0002984474413096905
03400725,0,0.000251222460065037
03400826,0,0.003225815948098898
03400827,1,0.029523519799113274
03400828,0,0.0009319453383795917
03400829,0,0.0014580638380721211
03400830,0,0.0018744352273643017
03500932,0,8.482397970510647e-05
03500933,0,0.00026950176106765866
03500934,1,0.22476723790168762
03500935,1,0.16264812648296356
03500936,0,0.007687156554311514
03501037,0,7.44811914046295e-05
03501038,0,0.00018705255934037268
03601139,0,0.0531492717564106
03601140,1,0.33814629912376404
03601141,1,0.9216632843017578
03601142,0,0.963522732257843
03601243,1,0.9839109182357788
03601244,1,0.44115692377090454
03601245,1,0.002520933747291565
03601346,1,0.021937651559710503
03601347,1,0.99461430311203
03601348,1,0.9953615069389343
03601449,0,0.002723013749346137
03601450,0,0.0030072380322963
03601451,0,0.037689972668886185
03601452,0,0.00832644198089838
03601453,0,0.0004759037692565471
03701554,1,0.1898203045129776
03701555,1,0.18322089314460754
03701556,1,0.05688583478331566
03701657,0,0.06570570915937424
03701658,1,0.8538902997970581
03701659,1,0.09079106897115707
03701660,1,0.8353451490402222
04100101,0,0.01444755494594574
04100102,0,0.005026725120842457
04200203,0,0.0013989394064992666
04200204,0,0.0009992750128731132
04200205,0,0.003670726204290986
04200206,0,0.0003144820511806756
04200308,0,0.0005494488286785781
04200309,0,0.002000281121581793
04200310,0,0.00039066083263605833
04200311,0,0.3697989583015442
04300412,0,0.0071290526539087296
04300413,1,0.6926040053367615
04300414,0,0.8710215091705322
04300415,0,0.10908866673707962
04300416,0,0.8628243803977966
04300517,1,0.10721421986818314
04300518,0,0.16863147914409637
04300619,1,0.539348840713501
04300620,0,0.0016243986319750547
04300621,1,0.9772483706474304
04300622,0,0.019870644435286522
04300623,1,0.4866330623626709
04300624,0,0.548785924911499
04400726,0,0.0003821152204181999
04400727,0,0.005358940456062555
04400728,0,0.00029586232267320156
04400729,0,5.5838681873865426e-05
04400830,0,0.00011866807471960783
04400831,0,0.0013771108351647854
04400832,0,0.007571900263428688
04400833,0,0.0029869782738387585
04400834,0,0.005942590069025755
04400835,0,0.005211795214563608
04500936,0,0.49651476740837097
04500937,0,0.06844241172075272
04500938,0,0.3330630362033844
04500939,0,0.002296519698575139
04501040,0,0.04839863255620003
04501041,0,0.017767028883099556
04501042,0,0.7129411101341248
04501043,0,0.5862716436386108
04501044,0,0.17700698971748352
04501045,0,0.07522163540124893
04501146,0,0.04006456583738327
04501147,0,0.9846000075340271
04501148,1,0.24624021351337433
04501149,0,0.6166600584983826
04501150,0,0.8236569762229919
04501151,0,0.6385456919670105
04501152,0,0.12161504477262497
04501153,0,0.1288423389196396
05100101,0,6.604383088415489e-05
05100102,0,0.015583215281367302
05100103,0,0.0003989656106568873
05100104,0,0.0008331878343597054
05100105,0,0.007528434507548809
05100206,0,0.00031261463300324976
05100207,0,0.0005345405079424381
05100208,0,0.0008196602575480938
05100209,0,0.005541812162846327
05100210,0,0.09446181356906891
05100211,0,0.00024377078807447106
05100312,1,0.0028327961917966604
05100313,0,0.00034914372372440994
05100314,1,0.16115455329418182
05100315,1,0.10871963948011398
05100316,0,0.7665170431137085
05100317,0,0.004833234008401632
05200418,0,0.00020163280714768916
05200420,0,7.418347377097234e-05
05200421,0,0.0002905314904637635
05200422,0,0.00010151080641662702
05200423,0,0.02461186982691288
05200524,0,0.0038950040470808744
05200525,0,0.00025355324032716453
05200526,0,0.09378951787948608
05200527,0,0.022684771567583084
05200528,0,0.000851263350341469
05200629,0,0.021454572677612305
05200630,0,0.16774366796016693
05200631,1,0.039833396673202515
05200632,0,0.003149405587464571
05200633,0,0.0461597815155983
05200634,0,9.262696403311566e-05
05300735,0,0.008752464316785336
05300736,0,0.0017391828587278724
05300737,0,0.002221448812633753
05300839,0,0.008217659778892994
05300840,0,0.0009860603604465723
05300841,0,0.2869831919670105
05400942,0,6.232316809473559e-05
05400943,0,0.0001597713999217376
05400944,0,8.857278589857742e-05
05400945,0,0.0006258594803512096
06100101,0,0.0002548166085034609
06100102,0,0.027902236208319664
06100103,0,0.04289787635207176
06100204,0,0.00022659591923002154
06100205,0,0.06305523961782455
06100206,0,0.0013478846522048116
06100207,0,0.08620838820934296
06100208,0,0.3039535582065582
06100209,1,0.4501006305217743
06100210,0,0.009801270440220833
06200311,0,0.0001560421660542488
06200312,0,3.561628545867279e-05
06200313,0,0.007014641538262367
06200314,0,0.00012698235514108092
06200315,0,0.0002168397040804848
06200316,0,0.0005819402285851538
06200317,0,0.00024155709252227098
06200419,0,0.00023486738791689277
06200420,0,0.00017183119780384004
06200421,0,7.333557005040348e-05
06200422,0,0.00020779053738806397
06200423,0,0.0002445054124109447
06300524,0,0.00013985580881126225
06300525,0,0.0001157333463197574
06300526,0,0.0012626455863937736
06300527,0,0.00019452896958682686
06300528,0,6.111279071774334e-05
06300629,0,0.002264586975798011
06300630,0,0.01462340448051691
06300631,0,7.742336310911924e-05
06300632,0,0.00016237804084084928
06300633,0,0.0017337375320494175
06300634,0,0.0007226762245409191
06400735,0,0.00016873028653208166
06400736,0,0.00033914833329617977
06400737,0,0.0005476640653796494
06400838,0,0.0007737615960650146
06400839,0,0.0002175846602767706
06400840,0,0.0005632065003737807
06400841,0,0.000441504962509498
06400842,0,0.000580908905249089
06400843,0,0.00190372031647712
06400844,0,0.00042178313015028834
07100101,1,0.08677750080823898
07100102,1,0.8774057626724243
07100103,1,0.9624354839324951
07100204,1,0.46615201234817505
07100205,1,0.7936126589775085
07100206,0,0.9925047159194946
07200307,1,0.03642567992210388
07200308,1,0.9987913966178894
07200409,1,0.6957439184188843
07200410,1,0.9714469909667969
07200411,1,0.9564628005027771
07200412,0,0.0029052910394966602
07200413,0,0.1008899137377739
07200414,0,0.8714181184768677
07300515,0,0.025706712156534195
07300516,0,0.03667310252785683
07300517,0,0.007906262762844563
07300618,0,0.1312587857246399
07300619,0,0.9160007238388062
07400720,0,0.516968846321106
07400721,0,0.002965083345770836
07400822,0,0.00011793235171353444
07400823,0,0.012612721882760525
07400824,1,0.9388225078582764
07400825,1,0.9987366795539856
07400826,0,0.0005867555737495422
07400927,0,0.08910633623600006
07400928,0,0.0015294018667191267
07501029,0,0.004318508319556713
07501030,1,0.011708361096680164
07501031,0,0.05013347417116165
07501032,0,0.0007530363509431481
07501133,0,0.0014748001703992486
07501134,0,0.001260210876353085
07501135,0,0.000167921680258587
07601236,0,0.007344495039433241
07601237,0,0.00047716242261230946
07601238,0,0.00065322604496032
07601339,0,0.001114976592361927
07601340,0,0.009339808486402035
07601341,0,0.00012712289753835648
07601442,0,0.0027702844236046076
07601443,0,0.00029190280474722385
07601544,0,0.002256531734019518
07601545,0,0.00036093825474381447
07601546,0,0.00043621979421004653
07601547,0,0.0005527957691811025
07601548,0,0.0014247422805055976
08100101,0,0.6581676602363586
08100102,0,0.8939265012741089
08100103,0,0.5751120448112488
08100104,1,0.9348015189170837
08100105,0,0.38975298404693604
08100206,1,0.9245227575302124
08100207,1,0.7821827530860901
08100208,1,0.8552730679512024
08100209,1,0.9879924058914185
08100310,1,0.5860992670059204
08100311,1,0.9768746495246887
08100312,1,0.9214641451835632
08100313,1,0.06726843863725662
08100314,1,0.9966868758201599
08100415,1,0.5118880867958069
08100416,1,0.9892244935035706
08100417,1,0.9759312272071838
08100418,1,0.8558529019355774
08100419,1,0.9248729944229126
08100520,0,0.0005147478077560663
08100521,0,0.00034198715002276003
08200622,0,0.0070346808061003685
08200623,0,0.000498507113661617
08200624,0,0.00030473966035060585
08200725,0,4.764360346598551e-05
08200726,0,0.00018131121760234237
08200727,1,0.0009047725470736623
08200730,0,0.00019693457579705864
08200831,0,0.0001496248150942847
08200832,0,0.00033422696287743747
08200833,0,0.00035920817754231393
08300934,1,0.001091600744985044
08300935,1,0.0005316989263519645
08301036,0,0.0003834646486211568
08301037,0,0.00027562156901694834
08401138,0,0.004421049263328314
08401139,0,0.0005129610071890056
08401140,0,0.00012797133240383118
08401241,0,5.63993162359111e-05
08401242,0,8.071316551649943e-05
08401243,0,0.0014454466290771961
08401244,0,0.00021896134421695024
08401245,0,0.00020170261268503964
08401246,0,0.000425634381826967
09100101,0,0.8952305316925049
09100202,0,0.173110231757164
09100203,0,0.03193369880318642
09100304,0,0.689616322517395
09100305,0,0.4475170969963074
09100407,0,0.00020530913025140762
09100408,0,0.0018771992763504386
09100409,0,0.00014842479140497744
09200510,0,0.02725711278617382
09200511,0,0.9774777889251709
09200512,0,0.1987520158290863
09200613,0,0.5359873175621033
09200614,0,0.0017913304036483169
09200715,0,0.003930143546313047
09200716,0,0.7041215896606445
09200717,0,0.0062721907161176205
09200818,0,0.011668507941067219
09200819,0,0.0017664958722889423
09300920,0,0.00016836241411510855
09300921,0,0.0005322082433849573
09300922,0,0.0014697647420689464
09300923,0,0.000382271537091583
09301024,0,7.593639747938141e-05
09301025,0,0.00012014117237413302
09301126,0,0.0002243307972094044
09301227,0,0.0008094681543298066
09301228,0,0.0009147064993157983
09401329,0,8.239079033955932e-05
09401330,0,3.9524555177195e-05
09401431,0,0.0002101337886415422
09401432,0,0.000490683363750577
09401433,0,0.001690050819888711
09401534,0,0.06654728204011917
09401635,0,0.002225346863269806
09501736,0,0.0003206432156730443
09501737,0,0.001710332464426756
09501838,0,0.00022698362590745091
09501939,0,0.022900858893990517
09501940,0,0.021270405501127243
09501941,0,0.00016168465663213283
09502042,0,0.0003772860218305141
09502043,0,8.822001836961135e-05
10100101,0,0.002784589072689414
10100102,0,0.02806529775261879
10100103,0,0.01146287377923727
10100104,0,0.004267353098839521
10100206,0,0.006669237278401852
10100207,0,0.005087404977530241
10100208,0,0.00019969770801253617
10100209,0,0.0007855446892790496
10100210,0,0.002049161121249199
10100311,0,0.00023018430511001498
10100312,0,0.0006624890374951065
10100313,0,0.0002851354656741023
10100314,0,0.0008831784361973405
10100315,0,0.0003201850049663335
10100316,0,0.0004350437375251204
10200417,0,0.0015948351938277483
10200418,0,0.01245694886893034
10200419,0,0.0069264755584299564
10200420,0,0.02203947678208351
10200421,0,0.00981509406119585
10200422,0,0.0003342056297697127
10200423,0,0.0018846518360078335
10200524,0,0.0009091872489079833
10200525,0,0.005242025945335627
10200526,0,0.06549926102161407
10200627,0,0.001084222225472331
10200628,0,0.005119163542985916
10200629,0,0.005064648110419512
10200630,0,0.010325725190341473
10300731,0,0.0003767046728171408
10300732,0,0.00010609337914502248
10300733,0,2.4841143385856412e-05
10300734,0,0.0001581874385010451
10400835,0,0.001501037273555994
10400836,0,9.78702082647942e-05
10400837,0,4.98094450449571e-05
10400938,0,0.0003004579048138112
10400939,0,5.7983841543318704e-05
10400940,0,0.0004142035322729498
10400941,0,0.0002518750843591988
11100101,0,2.639834383444395e-05
11100102,0,0.0021970062516629696
11100203,0,0.0005744542577303946
11100204,0,0.004363566637039185
11100205,0,0.0003968380333390087
11100206,0,0.006812143139541149
11100307,0,0.007256179582327604
11100308,0,0.010339408181607723
11100309,0,0.0005087635363452137
11200410,0,0.0010764801409095526
11200411,0,0.0001074066967703402
11200512,0,0.0002266231458634138
11200513,0,0.0038517576176673174
11200514,0,0.0024112113751471043
11200515,0,9.010278881760314e-05
11300616,0,0.03355492651462555
11300617,0,0.00739170890301466
11300618,0,0.0002650973037816584
11300619,0,0.0005614292458631098
11300620,0,0.000540889916010201
11300721,0,8.350057760253549e-05
11300722,0,0.00017758521426003426
11300723,0,0.001185336266644299
11300724,0,0.0018361605471000075
11300725,0,0.010150001384317875
11300826,0,0.0045124501921236515
11400927,1,0.15268200635910034
11400928,0,0.0009433833183720708
11400929,1,0.1582888960838318
11400930,0,0.0024754402693361044
11400931,0,0.00023735743889119476
11401032,0,0.00029367563547566533
11401033,0,0.00270761433057487
11401034,0,0.03826407715678215
11401135,0,0.0005515652592293918
11401136,0,0.0025895971339195967
11401137,0,0.03745688870549202
11501238,0,0.0007003676146268845
11501339,0,0.0006785541190765798
11501340,0,0.0001253109803656116
11501341,0,0.0005571305518969893
12100101,1,0.570464551448822
12100102,0,0.8249589204788208
12100103,0,0.7127301096916199
12100204,0,0.6947739720344543
12100205,0,0.006080544553697109
12100206,0,0.06058604270219803
12200307,0,0.0004172511398792267
12200308,0,0.015258333645761013
12200309,1,0.1862669140100479
12200310,0,0.5673916339874268
12200412,0,0.00011288216774119064
12200413,0,0.010518867522478104
12200515,0,0.0012433187803253531
12400616,0,0.00013656882219947875
12400617,0,0.0002492241910658777
12400618,0,0.00024720458895899355
12400619,0,0.000275623140623793
12400720,0,0.00020050992316100746
12400721,0,6.794490036554635e-05
12400722,0,0.0006903723697178066
12400723,0,6.72887617838569e-05
12500824,0,0.0006298573571257293
12500825,0,0.00024044814927037805
12500926,0,0.012053575366735458
12500927,0,0.00014735854347236454
12500928,0,0.0004389059613458812
12500929,0,0.00032040150836110115
12500930,0,0.005604141857475042
12601031,0,0.00032278805156238377
12601032,0,0.0016454197466373444
12601133,0,0.03168022632598877
12601134,0,0.010275650769472122
12601235,0,0.01556311920285225
12601236,0,0.0005224959459155798
