rank,plr_id,plr_name,bez,oof_prob,milieu_anteil,status3
1,01401044,Uferstraße,01 - Mitte,0.9991092085838318,0.4875235821327944,near-designated
2,01300731,Koloniestraße,01 - Mitte,0.9976006150245668,0.2211197337677501,partially protected
3,01100416,Arkonaplatz,01 - Mitte,0.9959756731987,0.000959433340912,effectively unprotected
4,07100206,Großgörschenstraße,07 - Tempelhof-Schöneberg,0.9925047159194946,0.4956314328816653,near-designated
5,01200623,Stephankiez,01 - Mitte,0.986148238182068,0.3832257377456466,partially protected
6,01401049,Schulstraße,01 - Mitte,0.9859592318534852,0.2382714949265575,partially protected
7,04501147,Leon-Jessel-Platz,04 - Charlottenburg-Wilmersdorf,0.9846000075340272,0.0,effectively unprotected
8,01300836,Humboldthain Nordwest,01 - Mitte,0.9840062260627748,0.1296414054741506,partially protected
9,01200522,Elberfelder Straße,01 - Mitte,0.9832627773284912,2.6352146918709167e-05,effectively unprotected
10,01200628,Lüneburger Straße,01 - Mitte,0.979387104511261,0.0,effectively unprotected
11,09200511,Griechischer Park,09 - Treptow-Köpenick,0.9774777889251708,0.1408874909500394,partially protected
12,01300834,Brunnenstraße,01 - Mitte,0.976186990737915,0.0001430044125535,effectively unprotected
13,02200211,Chamissokiez,02 - Friedrichshain-Kreuzberg,0.975650429725647,0.4530411799283274,near-designated
14,03601142,Falkplatz,03 - Pankow,0.963522732257843,0.3488771613145587,partially protected
15,07300619,Grazer Platz,07 - Tempelhof-Schöneberg,0.9160007238388062,0.1870981554522007,partially protected
16,01100309,Oranienburger Straße,01 - Mitte,0.9099525809288024,0.0982957154033549,effectively unprotected
17,09100101,Alt-Treptow,09 - Treptow-Köpenick,0.8952305316925049,0.1842957573135993,partially protected
18,08100102,Schillerpromenade Nord,08 - Neukölln,0.8939265012741089,0.4347697996707568,near-designated
19,01400937,Afrikanische Straße,01 - Mitte,0.8917918801307678,0.1448960822319778,partially protected
20,07200414,Hohenfriedbergstraße,07 - Tempelhof-Schöneberg,0.8714181184768677,0.4840084640365897,near-designated
21,04300414,Schloßstraße,04 - Charlottenburg-Wilmersdorf,0.8710215091705322,0.0392874717627995,effectively unprotected
22,04300416,Amtsgerichtsplatz,04 - Charlottenburg-Wilmersdorf,0.8628243803977966,0.0184647930104297,effectively unprotected
23,01400938,Kameruner Straße,01 - Mitte,0.8389071226119995,0.2381215841201657,partially protected
24,12100102,Hausotterplatz,12 - Reinickendorf,0.8249589204788208,0.0,effectively unprotected
25,04501150,Wilhelmsaue,04 - Charlottenburg-Wilmersdorf,0.8236569762229919,0.0,effectively unprotected
